0 verbose cli /usr/bin/node /usr/bin/npm
1 info using npm@9.2.0
2 info using node@v18.19.1
3 timing npm:load:whichnode Completed in 0ms
4 timing config:load:defaults Completed in 3ms
5 timing config:load:file:/usr/share/nodejs/npm/npmrc Completed in 7ms
6 timing config:load:builtin Completed in 7ms
7 timing config:load:cli Completed in 2ms
8 timing config:load:env Completed in 0ms
9 timing config:load:file:/home/ubuntu/frontend/.npmrc Completed in 0ms
10 timing config:load:project Completed in 1ms
11 timing config:load:file:/home/ubuntu/.npmrc Completed in 0ms
12 timing config:load:user Completed in 0ms
13 timing config:load:file:/etc/npmrc Completed in 1ms
14 timing config:load:global Completed in 1ms
15 timing config:load:setEnvs Completed in 2ms
16 timing config:load Completed in 16ms
17 timing npm:load:configload Completed in 16ms
18 timing npm:load:mkdirpcache Completed in 0ms
19 timing npm:load:mkdirplogs Completed in 0ms
20 verbose title npm install
21 verbose argv "install"
22 timing npm:load:setTitle Completed in 2ms
23 timing config:load:flatten Completed in 5ms
24 timing npm:load:display Completed in 8ms
25 verbose logfile logs-max:10 dir:/home/ubuntu/.npm/_logs/2025-09-11T00_11_13_029Z-
26 verbose logfile /home/ubuntu/.npm/_logs/2025-09-11T00_11_13_029Z-debug-0.log
27 timing npm:load:logFile Completed in 8ms
28 timing npm:load:timers Completed in 1ms
29 timing npm:load:configScope Completed in 0ms
30 timing npm:load Completed in 35ms
31 silly logfile start cleaning logs, removing 1 files
32 timing config:load:flatten Completed in 0ms
33 timing arborist:ctor Completed in 0ms
34 silly logfile done cleaning log files
35 timing arborist:ctor Completed in 0ms
36 timing idealTree:init Completed in 20ms
37 timing idealTree:userRequests Completed in 1ms
38 silly idealTree buildDeps
39 silly fetch manifest @testing-library/dom@^10.4.1
40 http fetch GET 200 https://registry.npmjs.org/@testing-library%2fdom 345ms (cache revalidated)
41 silly fetch manifest @testing-library/jest-dom@^6.8.0
42 http fetch GET 200 https://registry.npmjs.org/@testing-library%2fjest-dom 242ms (cache revalidated)
43 silly fetch manifest @testing-library/react@^16.3.0
44 http fetch GET 200 https://registry.npmjs.org/@testing-library%2freact 221ms (cache revalidated)
45 silly fetch manifest @types/react@^18.0.0 || ^19.0.0
46 http fetch GET 200 https://registry.npmjs.org/@types%2freact 38ms (cache revalidated)
47 silly fetch manifest @types/react-dom@^18.0.0 || ^19.0.0
48 http fetch GET 200 https://registry.npmjs.org/@types%2freact-dom 38ms (cache revalidated)
49 silly fetch manifest react@^19.1.1
50 http fetch GET 200 https://registry.npmjs.org/react 62ms (cache revalidated)
51 silly fetch manifest react-dom@^19.1.1
52 http fetch GET 200 https://registry.npmjs.org/react-dom 39ms (cache revalidated)
53 silly fetch manifest @testing-library/user-event@^13.5.0
54 http fetch GET 200 https://registry.npmjs.org/@testing-library%2fuser-event 271ms (cache revalidated)
55 silly fetch manifest framer-motion@^12.23.12
56 http fetch GET 200 https://registry.npmjs.org/framer-motion 43ms (cache revalidated)
57 silly fetch manifest @emotion/is-prop-valid@*
58 http fetch GET 200 https://registry.npmjs.org/@emotion%2fis-prop-valid 232ms (cache revalidated)
59 silly fetch manifest react-router-dom@^7.8.2
60 http fetch GET 200 https://registry.npmjs.org/react-router-dom 30ms (cache revalidated)
61 silly fetch manifest react-scripts@5.0.1
62 http fetch GET 200 https://registry.npmjs.org/react-scripts 5ms (cache hit)
63 silly fetch manifest typescript@^3.2.1 || ^4
64 http fetch GET 200 https://registry.npmjs.org/typescript 29ms (cache hit)
65 silly fetch manifest web-vitals@^2.1.4
66 http fetch GET 200 https://registry.npmjs.org/web-vitals 38ms (cache revalidated)
67 silly fetch manifest @tailwindcss/postcss@^4.1.13
68 http fetch GET 200 https://registry.npmjs.org/@tailwindcss%2fpostcss 229ms (cache revalidated)
69 silly fetch manifest autoprefixer@^10.4.14
70 http fetch GET 200 https://registry.npmjs.org/autoprefixer 3ms (cache hit)
71 silly fetch manifest postcss@^8.4.27
72 http fetch GET 200 https://registry.npmjs.org/postcss 3ms (cache hit)
73 silly fetch manifest tailwindcss@^3.3.3
74 http fetch GET 200 https://registry.npmjs.org/tailwindcss 26ms (cache hit)
75 silly placeDep ROOT @tailwindcss/postcss@4.1.13 OK for: frontend@0.1.0 want: ^4.1.13
76 silly placeDep ROOT @testing-library/dom@10.4.1 OK for: frontend@0.1.0 want: ^10.4.1
77 silly placeDep ROOT @testing-library/jest-dom@6.8.0 OK for: frontend@0.1.0 want: ^6.8.0
78 silly placeDep ROOT @testing-library/react@16.3.0 OK for: frontend@0.1.0 want: ^16.3.0
79 silly placeDep ROOT react@19.1.1 OK for: @testing-library/react@16.3.0 want: ^18.0.0 || ^19.0.0
80 silly placeDep ROOT react-dom@19.1.1 OK for: @testing-library/react@16.3.0 want: ^18.0.0 || ^19.0.0
81 silly placeDep ROOT @testing-library/user-event@13.5.0 OK for: frontend@0.1.0 want: ^13.5.0
82 silly placeDep ROOT autoprefixer@10.4.21 OK for: frontend@0.1.0 want: ^10.4.14
83 silly placeDep ROOT postcss@8.5.6 OK for: autoprefixer@10.4.21 want: ^8.1.0
84 silly placeDep ROOT framer-motion@12.23.12 OK for: frontend@0.1.0 want: ^12.23.12
85 silly placeDep ROOT react-router-dom@7.8.2 OK for: frontend@0.1.0 want: ^7.8.2
86 silly placeDep ROOT react-scripts@5.0.1 OK for: frontend@0.1.0 want: 5.0.1
87 silly placeDep ROOT tailwindcss@3.4.17 OK for: frontend@0.1.0 want: ^3.3.3
88 silly placeDep ROOT web-vitals@2.1.4 OK for: frontend@0.1.0 want: ^2.1.4
89 silly fetch manifest tailwindcss@4.1.13
90 silly fetch manifest @alloc/quick-lru@^5.2.0
91 silly fetch manifest @tailwindcss/node@4.1.13
92 silly fetch manifest @tailwindcss/oxide@4.1.13
93 silly fetch manifest @babel/code-frame@^7.10.4
94 silly fetch manifest @babel/runtime@^7.12.5
95 silly fetch manifest @types/aria-query@^5.0.1
96 silly fetch manifest aria-query@5.3.0
97 silly fetch manifest dom-accessibility-api@^0.5.9
98 silly fetch manifest lz-string@^1.5.0
99 silly fetch manifest picocolors@1.1.1
100 silly fetch manifest pretty-format@^27.0.2
101 silly fetch manifest @adobe/css-tools@^4.4.0
102 silly fetch manifest aria-query@^5.0.0
103 silly fetch manifest css.escape@^1.5.1
104 silly fetch manifest dom-accessibility-api@^0.6.3
105 silly fetch manifest picocolors@^1.1.1
106 silly fetch manifest redent@^3.0.0
107 silly fetch manifest scheduler@^0.26.0
108 silly fetch manifest fraction.js@^4.3.7
109 silly fetch manifest browserslist@^4.24.4
110 silly fetch manifest caniuse-lite@^1.0.30001702
111 silly fetch manifest normalize-range@^0.1.2
112 silly fetch manifest postcss-value-parser@^4.2.0
113 silly fetch manifest nanoid@^3.3.11
114 silly fetch manifest source-map-js@^1.2.1
115 silly fetch manifest tslib@^2.4.0
116 silly fetch manifest motion-dom@^12.23.12
117 silly fetch manifest motion-utils@^12.23.6
118 silly fetch manifest react-router@7.8.2
119 silly fetch manifest bfj@^7.0.2
120 silly fetch manifest jest@^27.4.3
121 silly fetch manifest dotenv@^10.0.0
122 silly fetch manifest eslint@^8.3.0
123 silly fetch manifest semver@^7.3.5
124 silly fetch manifest prompts@^2.4.2
125 silly fetch manifest resolve@^1.20.0
126 silly fetch manifest webpack@^5.64.4
127 silly fetch manifest fs-extra@^10.0.0
128 silly fetch manifest camelcase@^6.2.1
129 silly fetch manifest babel-jest@^27.4.2
130 silly fetch manifest css-loader@^6.5.1
131 silly fetch manifest @babel/core@^7.16.0
132 silly fetch manifest file-loader@^6.2.0
133 silly fetch manifest sass-loader@^12.3.0
134 silly fetch manifest babel-loader@^8.2.3
135 silly fetch manifest browserslist@^4.18.1
136 silly fetch manifest jest-resolve@^27.4.2
137 silly fetch manifest style-loader@^3.3.1
138 silly fetch manifest @svgr/webpack@^5.5.0
139 silly fetch manifest dotenv-expand@^5.1.0
140 silly fetch manifest react-refresh@^0.11.0
141 silly fetch manifest postcss-loader@^6.2.1
142 silly fetch manifest react-dev-utils@^12.0.1
143 silly fetch manifest postcss-normalize@^10.0.1
144 silly fetch manifest source-map-loader@^3.0.0
145 silly fetch manifest identity-obj-proxy@^3.0.0
146 silly fetch manifest postcss-preset-env@^7.0.1
147 silly fetch manifest react-app-polyfill@^3.0.0
148 silly fetch manifest resolve-url-loader@^4.0.0
149 silly fetch manifest webpack-dev-server@^4.6.0
150 silly fetch manifest html-webpack-plugin@^5.5.0
151 silly fetch manifest jest-watch-typeahead@^1.0.0
152 silly fetch manifest eslint-webpack-plugin@^3.1.1
153 silly fetch manifest terser-webpack-plugin@^5.2.5
154 silly fetch manifest babel-preset-react-app@^10.0.1
155 silly fetch manifest postcss-flexbugs-fixes@^5.0.2
156 silly fetch manifest workbox-webpack-plugin@^6.4.1
157 silly fetch manifest eslint-config-react-app@^7.0.1
158 silly fetch manifest mini-css-extract-plugin@^2.4.5
159 silly fetch manifest webpack-manifest-plugin@^4.0.2
160 silly fetch manifest css-minimizer-webpack-plugin@^3.2.0
161 silly fetch manifest babel-plugin-named-asset-import@^0.3.8
162 silly fetch manifest case-sensitive-paths-webpack-plugin@^2.4.0
163 silly fetch manifest @pmmmwh/react-refresh-webpack-plugin@^0.5.3
164 silly fetch manifest fsevents@^2.3.2
165 silly fetch manifest arg@^5.0.2
166 silly fetch manifest dlv@^1.1.3
167 silly fetch manifest jiti@^1.21.6
168 silly fetch manifest is-glob@^4.0.3
169 silly fetch manifest resolve@^1.22.8
170 silly fetch manifest sucrase@^3.35.0
171 silly fetch manifest chokidar@^3.6.0
172 silly fetch manifest fast-glob@^3.3.2
173 silly fetch manifest lilconfig@^3.1.3
174 silly fetch manifest didyoumean@^1.2.2
175 silly fetch manifest micromatch@^4.0.8
176 silly fetch manifest postcss-js@^4.0.1
177 silly fetch manifest glob-parent@^6.0.2
178 silly fetch manifest object-hash@^3.0.0
179 silly fetch manifest normalize-path@^3.0.0
180 silly fetch manifest postcss-import@^15.1.0
181 silly fetch manifest postcss-nested@^6.2.0
182 silly fetch manifest postcss-load-config@^4.0.2
183 silly fetch manifest postcss-selector-parser@^6.1.2
184 http fetch GET 200 https://registry.npmjs.org/postcss-preset-env 234ms (cache hit)
185 http fetch GET 200 https://registry.npmjs.org/postcss-load-config 217ms (cache hit)
186 http fetch GET 200 https://registry.npmjs.org/postcss-normalize 255ms (cache hit)
187 http fetch GET 200 https://registry.npmjs.org/@svgr%2fwebpack 260ms (cache hit)
188 http fetch GET 200 https://registry.npmjs.org/postcss-loader 260ms (cache hit)
189 http fetch GET 200 https://registry.npmjs.org/resolve-url-loader 260ms (cache hit)
190 http fetch GET 200 https://registry.npmjs.org/webpack-dev-server 263ms (cache hit)
191 http fetch GET 200 https://registry.npmjs.org/postcss-flexbugs-fixes 269ms (cache hit)
192 http fetch GET 200 https://registry.npmjs.org/@pmmmwh%2freact-refresh-webpack-plugin 264ms (cache hit)
193 http fetch GET 200 https://registry.npmjs.org/jiti 267ms (cache hit)
194 http fetch GET 200 https://registry.npmjs.org/postcss-js 259ms (cache hit)
195 http fetch GET 200 https://registry.npmjs.org/postcss-import 257ms (cache hit)
196 http fetch GET 200 https://registry.npmjs.org/postcss-nested 258ms (cache hit)
197 http fetch GET 200 https://registry.npmjs.org/css-minimizer-webpack-plugin 308ms (cache hit)
198 http fetch GET 200 https://registry.npmjs.org/@babel%2fcode-frame 433ms (cache revalidated)
199 http fetch GET 200 https://registry.npmjs.org/camelcase 421ms (cache revalidated)
200 http fetch GET 200 https://registry.npmjs.org/redent 439ms (cache revalidated)
201 http fetch GET 200 https://registry.npmjs.org/scheduler 447ms (cache revalidated)
202 http fetch GET 200 https://registry.npmjs.org/@babel%2fruntime 484ms (cache revalidated)
203 http fetch GET 200 https://registry.npmjs.org/babel-preset-react-app 430ms (cache revalidated)
204 http fetch GET 200 https://registry.npmjs.org/picocolors 474ms (cache revalidated)
205 http fetch GET 200 https://registry.npmjs.org/fs-extra 457ms (cache revalidated)
206 http fetch GET 200 https://registry.npmjs.org/webpack 467ms (cache revalidated)
207 http fetch GET 200 https://registry.npmjs.org/resolve 491ms (cache revalidated)
208 http fetch GET 200 https://registry.npmjs.org/jest-watch-typeahead 469ms (cache revalidated)
209 http fetch GET 200 https://registry.npmjs.org/identity-obj-proxy 475ms (cache revalidated)
210 http fetch GET 200 https://registry.npmjs.org/prompts 496ms (cache revalidated)
211 http fetch GET 200 https://registry.npmjs.org/lz-string 543ms (cache revalidated)
212 http fetch GET 200 https://registry.npmjs.org/aria-query 550ms (cache revalidated)
213 http fetch GET 200 https://registry.npmjs.org/picocolors 545ms (cache revalidated)
214 http fetch GET 200 https://registry.npmjs.org/dom-accessibility-api 549ms (cache revalidated)
215 http fetch GET 200 https://registry.npmjs.org/css.escape 549ms (cache revalidated)
216 http fetch GET 200 https://registry.npmjs.org/dom-accessibility-api 573ms (cache revalidated)
217 http fetch GET 200 https://registry.npmjs.org/pretty-format 578ms (cache revalidated)
218 http fetch GET 200 https://registry.npmjs.org/babel-jest 568ms (cache revalidated)
219 http fetch GET 200 https://registry.npmjs.org/aria-query 597ms (cache revalidated)
220 http fetch GET 200 https://registry.npmjs.org/browserslist 592ms (cache revalidated)
221 http fetch GET 200 https://registry.npmjs.org/caniuse-lite 596ms (cache revalidated)
222 http fetch GET 200 https://registry.npmjs.org/case-sensitive-paths-webpack-plugin 559ms (cache revalidated)
223 http fetch GET 200 https://registry.npmjs.org/postcss-value-parser 608ms (cache revalidated)
224 http fetch GET 200 https://registry.npmjs.org/normalize-range 610ms (cache revalidated)
225 http fetch GET 200 https://registry.npmjs.org/nanoid 612ms (cache revalidated)
226 http fetch GET 200 https://registry.npmjs.org/fsevents 573ms (cache revalidated)
227 http fetch GET 200 https://registry.npmjs.org/source-map-js 614ms (cache revalidated)
228 http fetch GET 200 https://registry.npmjs.org/react-router 613ms (cache revalidated)
229 http fetch GET 200 https://registry.npmjs.org/motion-utils 623ms (cache revalidated)
230 http fetch GET 200 https://registry.npmjs.org/bfj 622ms (cache revalidated)
231 http fetch GET 200 https://registry.npmjs.org/@babel%2fcore 616ms (cache revalidated)
232 http fetch GET 200 https://registry.npmjs.org/@alloc%2fquick-lru 665ms (cache revalidated)
233 http fetch GET 200 https://registry.npmjs.org/@tailwindcss%2foxide 669ms (cache revalidated)
234 http fetch GET 200 https://registry.npmjs.org/sass-loader 641ms (cache revalidated)
235 http fetch GET 200 https://registry.npmjs.org/tslib 657ms (cache revalidated)
236 http fetch GET 200 https://registry.npmjs.org/@tailwindcss%2fnode 686ms (cache revalidated)
237 http fetch GET 200 https://registry.npmjs.org/postcss-selector-parser 620ms (cache revalidated)
238 http fetch GET 200 https://registry.npmjs.org/file-loader 673ms (cache revalidated)
239 http fetch GET 200 https://registry.npmjs.org/eslint 683ms (cache revalidated)
240 http fetch GET 200 https://registry.npmjs.org/fraction.js 711ms (cache revalidated)
241 http fetch GET 200 https://registry.npmjs.org/browserslist 694ms (cache revalidated)
242 http fetch GET 200 https://registry.npmjs.org/jest-resolve 689ms (cache revalidated)
243 http fetch GET 200 https://registry.npmjs.org/html-webpack-plugin 685ms (cache revalidated)
244 http fetch GET 200 https://registry.npmjs.org/style-loader 709ms (cache revalidated)
245 http fetch GET 200 https://registry.npmjs.org/eslint-webpack-plugin 710ms (cache revalidated)
246 http fetch GET 200 https://registry.npmjs.org/source-map-loader 732ms (cache revalidated)
247 http fetch GET 200 https://registry.npmjs.org/workbox-webpack-plugin 724ms (cache revalidated)
248 http fetch GET 200 https://registry.npmjs.org/react-refresh 743ms (cache revalidated)
249 http fetch GET 200 https://registry.npmjs.org/react-app-polyfill 761ms (cache revalidated)
250 http fetch GET 200 https://registry.npmjs.org/is-glob 756ms (cache revalidated)
251 http fetch GET 200 https://registry.npmjs.org/webpack-manifest-plugin 765ms (cache revalidated)
252 http fetch GET 200 https://registry.npmjs.org/dotenv-expand 780ms (cache revalidated)
253 http fetch GET 200 https://registry.npmjs.org/arg 762ms (cache revalidated)
254 http fetch GET 200 https://registry.npmjs.org/mini-css-extract-plugin 767ms (cache revalidated)
255 http fetch GET 200 https://registry.npmjs.org/@adobe%2fcss-tools 825ms (cache revalidated)
256 http fetch GET 200 https://registry.npmjs.org/dlv 778ms (cache revalidated)
257 http fetch GET 200 https://registry.npmjs.org/chokidar 769ms (cache revalidated)
258 http fetch GET 200 https://registry.npmjs.org/fast-glob 772ms (cache revalidated)
259 http fetch GET 200 https://registry.npmjs.org/sucrase 780ms (cache revalidated)
260 http fetch GET 200 https://registry.npmjs.org/object-hash 793ms (cache revalidated)
261 http fetch GET 200 https://registry.npmjs.org/didyoumean 797ms (cache revalidated)
262 http fetch GET 200 https://registry.npmjs.org/micromatch 801ms (cache revalidated)
263 http fetch GET 200 https://registry.npmjs.org/glob-parent 803ms (cache revalidated)
264 http fetch GET 200 https://registry.npmjs.org/normalize-path 803ms (cache revalidated)
265 http fetch GET 200 https://registry.npmjs.org/eslint-config-react-app 851ms (cache revalidated)
266 http fetch GET 200 https://registry.npmjs.org/terser-webpack-plugin 857ms (cache revalidated)
267 http fetch GET 200 https://registry.npmjs.org/css-loader 883ms (cache revalidated)
268 http fetch GET 200 https://registry.npmjs.org/babel-loader 883ms (cache revalidated)
269 http fetch GET 200 https://registry.npmjs.org/jest 896ms (cache revalidated)
270 http fetch GET 200 https://registry.npmjs.org/dotenv 900ms (cache revalidated)
271 http fetch GET 200 https://registry.npmjs.org/semver 901ms (cache revalidated)
272 http fetch GET 200 https://registry.npmjs.org/babel-plugin-named-asset-import 869ms (cache revalidated)
273 http fetch GET 200 https://registry.npmjs.org/motion-dom 1230ms (cache revalidated)
274 http fetch GET 200 https://registry.npmjs.org/react-dev-utils 1316ms (cache revalidated)
275 http fetch GET 200 https://registry.npmjs.org/resolve 1302ms (cache revalidated)
276 http fetch GET 200 https://registry.npmjs.org/lilconfig 1360ms (cache revalidated)
277 http fetch GET 200 https://registry.npmjs.org/@types%2faria-query 1924ms (cache revalidated)
278 timing idealTree:#root Completed in 4278ms
279 silly placeDep ROOT @alloc/quick-lru@5.2.0 OK for: @tailwindcss/postcss@4.1.13 want: ^5.2.0
280 silly placeDep ROOT @tailwindcss/node@4.1.13 OK for: @tailwindcss/postcss@4.1.13 want: 4.1.13
281 silly placeDep ROOT @tailwindcss/oxide@4.1.13 OK for: @tailwindcss/postcss@4.1.13 want: 4.1.13
282 silly placeDep node_modules/@tailwindcss/postcss tailwindcss@4.1.13 OK for: @tailwindcss/postcss@4.1.13 want: 4.1.13
283 silly fetch manifest jiti@^2.5.1
284 silly fetch manifest lightningcss@1.30.1
285 silly fetch manifest magic-string@^0.30.18
286 silly fetch manifest enhanced-resolve@^5.18.3
287 silly fetch manifest @jridgewell/remapping@^2.3.4
288 silly fetch manifest tar@^7.4.3
289 silly fetch manifest detect-libc@^2.0.4
290 silly fetch manifest @tailwindcss/oxide-darwin-x64@4.1.13
291 silly fetch manifest @tailwindcss/oxide-freebsd-x64@4.1.13
292 silly fetch manifest @tailwindcss/oxide-wasm32-wasi@4.1.13
293 silly fetch manifest @tailwindcss/oxide-darwin-arm64@4.1.13
294 silly fetch manifest @tailwindcss/oxide-android-arm64@4.1.13
295 silly fetch manifest @tailwindcss/oxide-linux-x64-gnu@4.1.13
296 silly fetch manifest @tailwindcss/oxide-linux-x64-musl@4.1.13
297 silly fetch manifest @tailwindcss/oxide-win32-x64-msvc@4.1.13
298 silly fetch manifest @tailwindcss/oxide-linux-arm64-gnu@4.1.13
299 silly fetch manifest @tailwindcss/oxide-linux-arm64-musl@4.1.13
300 silly fetch manifest @tailwindcss/oxide-win32-arm64-msvc@4.1.13
301 silly fetch manifest @tailwindcss/oxide-linux-arm-gnueabihf@4.1.13
302 http fetch GET 200 https://registry.npmjs.org/enhanced-resolve 59ms (cache revalidated)
303 http fetch GET 200 https://registry.npmjs.org/magic-string 74ms (cache revalidated)
304 http fetch GET 200 https://registry.npmjs.org/tar 74ms (cache revalidated)
305 http fetch GET 200 https://registry.npmjs.org/detect-libc 79ms (cache revalidated)
306 http fetch GET 200 https://registry.npmjs.org/lightningcss 84ms (cache revalidated)
307 http fetch GET 200 https://registry.npmjs.org/@tailwindcss%2foxide-linux-arm64-gnu 81ms (cache revalidated)
308 http fetch GET 200 https://registry.npmjs.org/@jridgewell%2fremapping 241ms (cache revalidated)
309 http fetch GET 200 https://registry.npmjs.org/@tailwindcss%2foxide-darwin-x64 245ms (cache revalidated)
310 http fetch GET 200 https://registry.npmjs.org/@tailwindcss%2foxide-linux-x64-gnu 254ms (cache revalidated)
311 http fetch GET 200 https://registry.npmjs.org/@tailwindcss%2foxide-linux-x64-musl 270ms (cache revalidated)
312 http fetch GET 200 https://registry.npmjs.org/@tailwindcss%2foxide-wasm32-wasi 277ms (cache revalidated)
313 http fetch GET 200 https://registry.npmjs.org/@tailwindcss%2foxide-darwin-arm64 283ms (cache revalidated)
314 http fetch GET 200 https://registry.npmjs.org/@tailwindcss%2foxide-win32-arm64-msvc 285ms (cache revalidated)
315 http fetch GET 200 https://registry.npmjs.org/@tailwindcss%2foxide-win32-x64-msvc 291ms (cache revalidated)
316 http fetch GET 200 https://registry.npmjs.org/@tailwindcss%2foxide-freebsd-x64 314ms (cache revalidated)
317 http fetch GET 200 https://registry.npmjs.org/@tailwindcss%2foxide-linux-arm-gnueabihf 328ms (cache revalidated)
318 http fetch GET 200 https://registry.npmjs.org/@tailwindcss%2foxide-android-arm64 1741ms (cache revalidated)
319 http fetch GET 200 https://registry.npmjs.org/@tailwindcss%2foxide-linux-arm64-musl 1791ms (cache revalidated)
320 timing idealTree:node_modules/@tailwindcss/postcss Completed in 1816ms
321 timing idealTree:node_modules/@alloc/quick-lru Completed in 0ms
322 silly placeDep ROOT @jridgewell/remapping@2.3.5 OK for: @tailwindcss/node@4.1.13 want: ^2.3.4
323 silly placeDep ROOT enhanced-resolve@5.18.3 OK for: @tailwindcss/node@4.1.13 want: ^5.18.3
324 silly placeDep ROOT jiti@2.5.1 OK for: @tailwindcss/node@4.1.13 want: ^2.5.1
325 silly placeDep ROOT lightningcss@1.30.1 OK for: @tailwindcss/node@4.1.13 want: 1.30.1
326 silly placeDep ROOT magic-string@0.30.19 OK for: @tailwindcss/node@4.1.13 want: ^0.30.18
327 silly placeDep ROOT source-map-js@1.2.1 OK for: @tailwindcss/node@4.1.13 want: ^1.2.1
328 silly placeDep node_modules/@tailwindcss/node tailwindcss@4.1.13 OK for: @tailwindcss/node@4.1.13 want: 4.1.13
329 silly fetch manifest @jridgewell/gen-mapping@^0.3.5
330 silly fetch manifest @jridgewell/trace-mapping@^0.3.24
331 silly fetch manifest graceful-fs@^4.2.4
332 silly fetch manifest tapable@^2.2.0
333 silly fetch manifest detect-libc@^2.0.3
334 silly fetch manifest lightningcss-darwin-x64@1.30.1
335 silly fetch manifest lightningcss-linux-x64-gnu@1.30.1
336 silly fetch manifest lightningcss-win32-x64-msvc@1.30.1
337 silly fetch manifest lightningcss-win32-arm64-msvc@1.30.1
338 silly fetch manifest lightningcss-darwin-arm64@1.30.1
339 silly fetch manifest lightningcss-linux-arm64-gnu@1.30.1
340 silly fetch manifest lightningcss-linux-arm-gnueabihf@1.30.1
341 silly fetch manifest lightningcss-linux-arm64-musl@1.30.1
342 silly fetch manifest lightningcss-linux-x64-musl@1.30.1
343 silly fetch manifest lightningcss-freebsd-x64@1.30.1
344 silly fetch manifest @jridgewell/sourcemap-codec@^1.5.5
345 http fetch GET 200 https://registry.npmjs.org/graceful-fs 55ms (cache revalidated)
346 http fetch GET 200 https://registry.npmjs.org/lightningcss-linux-x64-gnu 73ms (cache revalidated)
347 http fetch GET 200 https://registry.npmjs.org/tapable 95ms (cache revalidated)
348 http fetch GET 200 https://registry.npmjs.org/lightningcss-linux-arm64-gnu 95ms (cache revalidated)
349 http fetch GET 200 https://registry.npmjs.org/lightningcss-linux-arm-gnueabihf 96ms (cache revalidated)
350 http fetch GET 200 https://registry.npmjs.org/lightningcss-darwin-arm64 97ms (cache revalidated)
351 http fetch GET 200 https://registry.npmjs.org/lightningcss-darwin-x64 101ms (cache revalidated)
352 http fetch GET 200 https://registry.npmjs.org/lightningcss-freebsd-x64 99ms (cache revalidated)
353 http fetch GET 200 https://registry.npmjs.org/lightningcss-win32-arm64-msvc 103ms (cache revalidated)
354 http fetch GET 200 https://registry.npmjs.org/lightningcss-win32-x64-msvc 104ms (cache revalidated)
355 http fetch GET 200 https://registry.npmjs.org/lightningcss-linux-arm64-musl 104ms (cache revalidated)
356 http fetch GET 200 https://registry.npmjs.org/lightningcss-linux-x64-musl 104ms (cache revalidated)
357 http fetch GET 200 https://registry.npmjs.org/@jridgewell%2ftrace-mapping 113ms (cache revalidated)
358 http fetch GET 200 https://registry.npmjs.org/@jridgewell%2fsourcemap-codec 248ms (cache revalidated)
359 http fetch GET 200 https://registry.npmjs.org/@jridgewell%2fgen-mapping 262ms (cache revalidated)
360 timing idealTree:node_modules/@tailwindcss/node Completed in 273ms
361 silly placeDep ROOT @jridgewell/gen-mapping@0.3.13 OK for: @jridgewell/remapping@2.3.5 want: ^0.3.5
362 silly placeDep ROOT @jridgewell/trace-mapping@0.3.31 OK for: @jridgewell/remapping@2.3.5 want: ^0.3.24
363 silly fetch manifest @jridgewell/sourcemap-codec@^1.5.0
364 silly fetch manifest @jridgewell/resolve-uri@^3.1.0
365 silly fetch manifest @jridgewell/sourcemap-codec@^1.4.14
366 http fetch GET 200 https://registry.npmjs.org/@jridgewell%2fresolve-uri 42ms (cache revalidated)
367 timing idealTree:node_modules/@jridgewell/remapping Completed in 47ms
368 silly placeDep ROOT @jridgewell/sourcemap-codec@1.5.5 OK for: @jridgewell/gen-mapping@0.3.13 want: ^1.5.0
369 timing idealTree:node_modules/@jridgewell/gen-mapping Completed in 2ms
370 timing idealTree:node_modules/@jridgewell/sourcemap-codec Completed in 0ms
371 silly placeDep ROOT @jridgewell/resolve-uri@3.1.2 OK for: @jridgewell/trace-mapping@0.3.31 want: ^3.1.0
372 timing idealTree:node_modules/@jridgewell/trace-mapping Completed in 2ms
373 timing idealTree:node_modules/@jridgewell/resolve-uri Completed in 0ms
374 silly placeDep ROOT @tailwindcss/oxide-android-arm64@4.1.13 OK for: @tailwindcss/oxide@4.1.13 want: 4.1.13
375 silly placeDep ROOT @tailwindcss/oxide-darwin-arm64@4.1.13 OK for: @tailwindcss/oxide@4.1.13 want: 4.1.13
376 silly placeDep ROOT @tailwindcss/oxide-darwin-x64@4.1.13 OK for: @tailwindcss/oxide@4.1.13 want: 4.1.13
377 silly placeDep ROOT @tailwindcss/oxide-freebsd-x64@4.1.13 OK for: @tailwindcss/oxide@4.1.13 want: 4.1.13
378 silly placeDep ROOT @tailwindcss/oxide-linux-arm-gnueabihf@4.1.13 OK for: @tailwindcss/oxide@4.1.13 want: 4.1.13
379 silly placeDep ROOT @tailwindcss/oxide-linux-arm64-gnu@4.1.13 OK for: @tailwindcss/oxide@4.1.13 want: 4.1.13
380 silly placeDep ROOT @tailwindcss/oxide-linux-arm64-musl@4.1.13 OK for: @tailwindcss/oxide@4.1.13 want: 4.1.13
381 silly placeDep ROOT @tailwindcss/oxide-linux-x64-gnu@4.1.13 OK for: @tailwindcss/oxide@4.1.13 want: 4.1.13
382 silly placeDep ROOT @tailwindcss/oxide-linux-x64-musl@4.1.13 OK for: @tailwindcss/oxide@4.1.13 want: 4.1.13
383 silly placeDep ROOT @tailwindcss/oxide-wasm32-wasi@4.1.13 OK for: @tailwindcss/oxide@4.1.13 want: 4.1.13
384 silly placeDep ROOT @tailwindcss/oxide-win32-arm64-msvc@4.1.13 OK for: @tailwindcss/oxide@4.1.13 want: 4.1.13
385 silly placeDep ROOT @tailwindcss/oxide-win32-x64-msvc@4.1.13 OK for: @tailwindcss/oxide@4.1.13 want: 4.1.13
386 silly placeDep ROOT detect-libc@2.0.4 OK for: @tailwindcss/oxide@4.1.13 want: ^2.0.4
387 silly placeDep ROOT tar@7.4.3 OK for: @tailwindcss/oxide@4.1.13 want: ^7.4.3
388 silly fetch manifest @isaacs/fs-minipass@^4.0.0
389 silly fetch manifest chownr@^3.0.0
390 silly fetch manifest minipass@^7.1.2
391 silly fetch manifest minizlib@^3.0.1
392 silly fetch manifest mkdirp@^3.0.1
393 silly fetch manifest yallist@^5.0.0
394 http fetch GET 200 https://registry.npmjs.org/minipass 36ms (cache revalidated)
395 http fetch GET 200 https://registry.npmjs.org/chownr 43ms (cache revalidated)
396 http fetch GET 200 https://registry.npmjs.org/yallist 42ms (cache revalidated)
397 http fetch GET 200 https://registry.npmjs.org/minizlib 44ms (cache revalidated)
398 http fetch GET 200 https://registry.npmjs.org/@isaacs%2ffs-minipass 237ms (cache revalidated)
399 http fetch GET 200 https://registry.npmjs.org/mkdirp 778ms (cache revalidated)
400 timing idealTree:node_modules/@tailwindcss/oxide Completed in 794ms
401 timing idealTree:node_modules/@tailwindcss/oxide-android-arm64 Completed in 0ms
402 timing idealTree:node_modules/@tailwindcss/oxide-darwin-arm64 Completed in 0ms
403 timing idealTree:node_modules/@tailwindcss/oxide-darwin-x64 Completed in 0ms
404 timing idealTree:node_modules/@tailwindcss/oxide-freebsd-x64 Completed in 0ms
405 timing idealTree:node_modules/@tailwindcss/oxide-linux-arm-gnueabihf Completed in 0ms
406 timing idealTree:node_modules/@tailwindcss/oxide-linux-arm64-gnu Completed in 0ms
407 timing idealTree:node_modules/@tailwindcss/oxide-linux-arm64-musl Completed in 0ms
408 timing idealTree:node_modules/@tailwindcss/oxide-linux-x64-gnu Completed in 0ms
409 timing idealTree:node_modules/@tailwindcss/oxide-linux-x64-musl Completed in 0ms
410 timing idealTree:node_modules/@tailwindcss/oxide-wasm32-wasi Completed in 0ms
411 timing idealTree:node_modules/@tailwindcss/oxide-win32-arm64-msvc Completed in 0ms
412 timing idealTree:node_modules/@tailwindcss/oxide-win32-x64-msvc Completed in 0ms
413 silly placeDep ROOT @babel/code-frame@7.27.1 OK for: @testing-library/dom@10.4.1 want: ^7.10.4
414 silly placeDep ROOT @babel/runtime@7.28.4 OK for: @testing-library/dom@10.4.1 want: ^7.12.5
415 silly placeDep ROOT @types/aria-query@5.0.4 OK for: @testing-library/dom@10.4.1 want: ^5.0.1
416 silly placeDep ROOT aria-query@5.3.0 OK for: @testing-library/dom@10.4.1 want: 5.3.0
417 silly placeDep ROOT dom-accessibility-api@0.5.16 OK for: @testing-library/dom@10.4.1 want: ^0.5.9
418 silly placeDep ROOT lz-string@1.5.0 OK for: @testing-library/dom@10.4.1 want: ^1.5.0
419 silly placeDep ROOT picocolors@1.1.1 OK for: @testing-library/dom@10.4.1 want: 1.1.1
420 silly placeDep ROOT pretty-format@27.5.1 OK for: @testing-library/dom@10.4.1 want: ^27.0.2
421 silly fetch manifest js-tokens@^4.0.0
422 silly fetch manifest @babel/helper-validator-identifier@^7.27.1
423 silly fetch manifest dequal@^2.0.3
424 silly fetch manifest react-is@^17.0.1
425 silly fetch manifest ansi-regex@^5.0.1
426 silly fetch manifest ansi-styles@^5.0.0
427 http fetch GET 200 https://registry.npmjs.org/ansi-regex 41ms (cache revalidated)
428 http fetch GET 200 https://registry.npmjs.org/js-tokens 44ms (cache revalidated)
429 http fetch GET 200 https://registry.npmjs.org/dequal 48ms (cache revalidated)
430 http fetch GET 200 https://registry.npmjs.org/react-is 55ms (cache revalidated)
431 http fetch GET 200 https://registry.npmjs.org/@babel%2fhelper-validator-identifier 78ms (cache revalidated)
432 http fetch GET 200 https://registry.npmjs.org/ansi-styles 86ms (cache revalidated)
433 timing idealTree:node_modules/@testing-library/dom Completed in 102ms
434 silly placeDep ROOT @babel/helper-validator-identifier@7.27.1 OK for: @babel/code-frame@7.27.1 want: ^7.27.1
435 silly placeDep ROOT js-tokens@4.0.0 OK for: @babel/code-frame@7.27.1 want: ^4.0.0
436 timing idealTree:node_modules/@babel/code-frame Completed in 3ms
437 timing idealTree:node_modules/@babel/helper-validator-identifier Completed in 0ms
438 timing idealTree:node_modules/@babel/runtime Completed in 0ms
439 silly placeDep ROOT @adobe/css-tools@4.4.4 OK for: @testing-library/jest-dom@6.8.0 want: ^4.4.0
440 silly placeDep ROOT css.escape@1.5.1 OK for: @testing-library/jest-dom@6.8.0 want: ^1.5.1
441 silly placeDep node_modules/@testing-library/jest-dom dom-accessibility-api@0.6.3 OK for: @testing-library/jest-dom@6.8.0 want: ^0.6.3
442 silly placeDep ROOT redent@3.0.0 OK for: @testing-library/jest-dom@6.8.0 want: ^3.0.0
443 silly fetch manifest indent-string@^4.0.0
444 silly fetch manifest strip-indent@^3.0.0
445 http fetch GET 200 https://registry.npmjs.org/strip-indent 24ms (cache revalidated)
446 http fetch GET 200 https://registry.npmjs.org/indent-string 28ms (cache revalidated)
447 timing idealTree:node_modules/@testing-library/jest-dom Completed in 36ms
448 timing idealTree:node_modules/@adobe/css-tools Completed in 0ms
449 timing idealTree:node_modules/@testing-library/react Completed in 0ms
450 timing idealTree:node_modules/@testing-library/user-event Completed in 0ms
451 timing idealTree:node_modules/@types/aria-query Completed in 0ms
452 silly placeDep ROOT dequal@2.0.3 OK for: aria-query@5.3.0 want: ^2.0.3
453 timing idealTree:node_modules/aria-query Completed in 2ms
454 silly placeDep ROOT browserslist@4.25.4 OK for: autoprefixer@10.4.21 want: ^4.24.4
455 silly placeDep ROOT caniuse-lite@1.0.30001741 OK for: autoprefixer@10.4.21 want: ^1.0.30001702
456 silly placeDep ROOT fraction.js@4.3.7 OK for: autoprefixer@10.4.21 want: ^4.3.7
457 silly placeDep ROOT normalize-range@0.1.2 OK for: autoprefixer@10.4.21 want: ^0.1.2
458 silly placeDep ROOT postcss-value-parser@4.2.0 OK for: autoprefixer@10.4.21 want: ^4.2.0
459 silly fetch manifest electron-to-chromium@^1.5.211
460 silly fetch manifest node-releases@^2.0.19
461 silly fetch manifest update-browserslist-db@^1.1.3
462 http fetch GET 200 https://registry.npmjs.org/update-browserslist-db 29ms (cache revalidated)
463 http fetch GET 200 https://registry.npmjs.org/node-releases 32ms (cache revalidated)
464 http fetch GET 200 https://registry.npmjs.org/electron-to-chromium 41ms (cache revalidated)
465 timing idealTree:node_modules/autoprefixer Completed in 66ms
466 silly fetch manifest browserslist@>= 4.21.0
467 silly placeDep ROOT electron-to-chromium@1.5.216 OK for: browserslist@4.25.4 want: ^1.5.211
468 silly placeDep ROOT node-releases@2.0.20 OK for: browserslist@4.25.4 want: ^2.0.19
469 silly placeDep ROOT update-browserslist-db@1.1.3 OK for: browserslist@4.25.4 want: ^1.1.3
470 silly fetch manifest escalade@^3.2.0
471 http fetch GET 200 https://registry.npmjs.org/escalade 793ms (cache revalidated)
472 timing idealTree:node_modules/browserslist Completed in 812ms
473 timing idealTree:node_modules/caniuse-lite Completed in 0ms
474 timing idealTree:node_modules/css.escape Completed in 0ms
475 timing idealTree:node_modules/dequal Completed in 0ms
476 timing idealTree:node_modules/detect-libc Completed in 0ms
477 timing idealTree:node_modules/dom-accessibility-api Completed in 0ms
478 timing idealTree:node_modules/electron-to-chromium Completed in 0ms
479 silly placeDep ROOT graceful-fs@4.2.11 OK for: enhanced-resolve@5.18.3 want: ^4.2.4
480 silly placeDep ROOT tapable@2.2.3 OK for: enhanced-resolve@5.18.3 want: ^2.2.0
481 timing idealTree:node_modules/enhanced-resolve Completed in 3ms
482 timing idealTree:node_modules/fraction.js Completed in 0ms
483 silly placeDep ROOT motion-dom@12.23.12 OK for: framer-motion@12.23.12 want: ^12.23.12
484 silly placeDep ROOT motion-utils@12.23.6 OK for: framer-motion@12.23.12 want: ^12.23.6
485 silly placeDep ROOT tslib@2.8.1 OK for: framer-motion@12.23.12 want: ^2.4.0
486 timing idealTree:node_modules/framer-motion Completed in 3ms
487 timing idealTree:node_modules/graceful-fs Completed in 0ms
488 timing idealTree:node_modules/jiti Completed in 0ms
489 timing idealTree:node_modules/js-tokens Completed in 0ms
490 silly placeDep ROOT lightningcss-darwin-arm64@1.30.1 OK for: lightningcss@1.30.1 want: 1.30.1
491 silly placeDep ROOT lightningcss-darwin-x64@1.30.1 OK for: lightningcss@1.30.1 want: 1.30.1
492 silly placeDep ROOT lightningcss-freebsd-x64@1.30.1 OK for: lightningcss@1.30.1 want: 1.30.1
493 silly placeDep ROOT lightningcss-linux-arm-gnueabihf@1.30.1 OK for: lightningcss@1.30.1 want: 1.30.1
494 silly placeDep ROOT lightningcss-linux-arm64-gnu@1.30.1 OK for: lightningcss@1.30.1 want: 1.30.1
495 silly placeDep ROOT lightningcss-linux-arm64-musl@1.30.1 OK for: lightningcss@1.30.1 want: 1.30.1
496 silly placeDep ROOT lightningcss-linux-x64-gnu@1.30.1 OK for: lightningcss@1.30.1 want: 1.30.1
497 silly placeDep ROOT lightningcss-linux-x64-musl@1.30.1 OK for: lightningcss@1.30.1 want: 1.30.1
498 silly placeDep ROOT lightningcss-win32-arm64-msvc@1.30.1 OK for: lightningcss@1.30.1 want: 1.30.1
499 silly placeDep ROOT lightningcss-win32-x64-msvc@1.30.1 OK for: lightningcss@1.30.1 want: 1.30.1
500 timing idealTree:node_modules/lightningcss Completed in 10ms
501 timing idealTree:node_modules/lightningcss-darwin-arm64 Completed in 0ms
502 timing idealTree:node_modules/lightningcss-darwin-x64 Completed in 0ms
503 timing idealTree:node_modules/lightningcss-freebsd-x64 Completed in 0ms
504 timing idealTree:node_modules/lightningcss-linux-arm-gnueabihf Completed in 0ms
505 timing idealTree:node_modules/lightningcss-linux-arm64-gnu Completed in 0ms
506 timing idealTree:node_modules/lightningcss-linux-arm64-musl Completed in 0ms
507 timing idealTree:node_modules/lightningcss-linux-x64-gnu Completed in 0ms
508 timing idealTree:node_modules/lightningcss-linux-x64-musl Completed in 0ms
509 timing idealTree:node_modules/lightningcss-win32-arm64-msvc Completed in 0ms
510 timing idealTree:node_modules/lightningcss-win32-x64-msvc Completed in 0ms
511 timing idealTree:node_modules/lz-string Completed in 0ms
512 timing idealTree:node_modules/magic-string Completed in 0ms
513 timing idealTree:node_modules/motion-dom Completed in 0ms
514 timing idealTree:node_modules/motion-utils Completed in 0ms
515 timing idealTree:node_modules/node-releases Completed in 0ms
516 timing idealTree:node_modules/normalize-range Completed in 0ms
517 timing idealTree:node_modules/picocolors Completed in 0ms
518 silly placeDep ROOT nanoid@3.3.11 OK for: postcss@8.5.6 want: ^3.3.11
519 timing idealTree:node_modules/postcss Completed in 1ms
520 timing idealTree:node_modules/nanoid Completed in 0ms
521 timing idealTree:node_modules/postcss-value-parser Completed in 0ms
522 silly placeDep ROOT ansi-regex@5.0.1 OK for: pretty-format@27.5.1 want: ^5.0.1
523 silly placeDep ROOT ansi-styles@5.2.0 OK for: pretty-format@27.5.1 want: ^5.0.0
524 silly placeDep ROOT react-is@17.0.2 OK for: pretty-format@27.5.1 want: ^17.0.1
525 timing idealTree:node_modules/pretty-format Completed in 3ms
526 timing idealTree:node_modules/ansi-regex Completed in 0ms
527 timing idealTree:node_modules/ansi-styles Completed in 0ms
528 timing idealTree:node_modules/react Completed in 0ms
529 silly placeDep ROOT scheduler@0.26.0 OK for: react-dom@19.1.1 want: ^0.26.0
530 timing idealTree:node_modules/react-dom Completed in 2ms
531 timing idealTree:node_modules/react-is Completed in 0ms
532 silly fetch manifest react@>=18
533 silly fetch manifest react-dom@>=18
534 silly placeDep ROOT react-router@7.8.2 OK for: react-router-dom@7.8.2 want: 7.8.2
535 silly fetch manifest cookie@^1.0.1
536 silly fetch manifest set-cookie-parser@^2.6.0
537 http fetch GET 200 https://registry.npmjs.org/cookie 39ms (cache revalidated)
538 http fetch GET 200 https://registry.npmjs.org/set-cookie-parser 70ms (cache revalidated)
539 timing idealTree:node_modules/react-router-dom Completed in 80ms
540 silly placeDep ROOT cookie@1.0.2 OK for: react-router@7.8.2 want: ^1.0.1
541 silly placeDep ROOT set-cookie-parser@2.7.1 OK for: react-router@7.8.2 want: ^2.6.0
542 timing idealTree:node_modules/react-router Completed in 6ms
543 timing idealTree:node_modules/cookie Completed in 0ms
544 silly fetch manifest node-notifier@^8.0.1 || ^9.0.0 || ^10.0.0
545 http fetch GET 200 https://registry.npmjs.org/node-notifier 58ms (cache revalidated)
546 silly fetch manifest @rspack/core@0.x || 1.x
547 http fetch GET 200 https://registry.npmjs.org/@rspack%2fcore 1781ms (cache revalidated)
548 silly fetch manifest @swc/helpers@>=0.5.1
549 http fetch GET 200 https://registry.npmjs.org/@swc%2fhelpers 44ms (cache revalidated)
550 silly fetch manifest fibers@>= 3.1.0
551 http fetch GET 200 https://registry.npmjs.org/fibers 775ms (cache revalidated)
552 silly fetch manifest node-sass@^4.0.0 || ^5.0.0 || ^6.0.0 || ^7.0.0
553 http fetch GET 200 https://registry.npmjs.org/node-sass 27ms (cache revalidated)
554 silly fetch manifest sass@^1.3.0
555 http fetch GET 200 https://registry.npmjs.org/sass 31ms (cache revalidated)
556 silly fetch manifest sass-embedded@*
557 http fetch GET 200 https://registry.npmjs.org/sass-embedded 802ms (cache revalidated)
558 silly fetch manifest postcss@^8.4.4
559 silly fetch manifest rework@1.0.1
560 http fetch GET 200 https://registry.npmjs.org/rework 803ms (cache revalidated)
561 silly fetch manifest rework-visit@1.0.0
562 http fetch GET 200 https://registry.npmjs.org/rework-visit 787ms (cache revalidated)
563 silly fetch manifest @types/webpack@4.x || 5.x
564 http fetch GET 200 https://registry.npmjs.org/@types%2fwebpack 32ms (cache revalidated)
565 silly fetch manifest sockjs-client@^1.4.0
566 http fetch GET 200 https://registry.npmjs.org/sockjs-client 24ms (cache revalidated)
567 silly fetch manifest type-fest@>=0.17.0 <5.0.0
568 http fetch GET 200 https://registry.npmjs.org/type-fest 24ms (cache revalidated)
569 silly fetch manifest webpack-hot-middleware@2.x
570 http fetch GET 200 https://registry.npmjs.org/webpack-hot-middleware 27ms (cache revalidated)
571 silly fetch manifest webpack-plugin-serve@0.x || 1.x
572 http fetch GET 200 https://registry.npmjs.org/webpack-plugin-serve 795ms (cache revalidated)
573 silly placeDep ROOT @babel/core@7.28.4 OK for: react-scripts@5.0.1 want: ^7.16.0
574 silly placeDep ROOT @pmmmwh/react-refresh-webpack-plugin@0.5.17 OK for: react-scripts@5.0.1 want: ^0.5.3
575 silly placeDep ROOT webpack@5.101.3 OK for: @pmmmwh/react-refresh-webpack-plugin@0.5.17 want: >=4.43.0 <6.0.0
576 silly placeDep ROOT react-refresh@0.11.0 OK for: @pmmmwh/react-refresh-webpack-plugin@0.5.17 want: >=0.10.0 <1.0.0
577 silly placeDep ROOT @svgr/webpack@5.5.0 OK for: react-scripts@5.0.1 want: ^5.5.0
578 silly placeDep ROOT babel-jest@27.5.1 OK for: react-scripts@5.0.1 want: ^27.4.2
579 silly placeDep ROOT babel-loader@8.4.1 OK for: react-scripts@5.0.1 want: ^8.2.3
580 silly placeDep ROOT babel-plugin-named-asset-import@0.3.8 OK for: react-scripts@5.0.1 want: ^0.3.8
581 silly placeDep ROOT babel-preset-react-app@10.1.0 OK for: react-scripts@5.0.1 want: ^10.0.1
582 silly placeDep ROOT bfj@7.1.0 OK for: react-scripts@5.0.1 want: ^7.0.2
583 silly placeDep ROOT camelcase@6.3.0 OK for: react-scripts@5.0.1 want: ^6.2.1
584 silly placeDep ROOT case-sensitive-paths-webpack-plugin@2.4.0 OK for: react-scripts@5.0.1 want: ^2.4.0
585 silly placeDep ROOT css-loader@6.11.0 OK for: react-scripts@5.0.1 want: ^6.5.1
586 silly placeDep ROOT css-minimizer-webpack-plugin@3.4.1 OK for: react-scripts@5.0.1 want: ^3.2.0
587 silly placeDep ROOT dotenv@10.0.0 OK for: react-scripts@5.0.1 want: ^10.0.0
588 silly placeDep ROOT dotenv-expand@5.1.0 OK for: react-scripts@5.0.1 want: ^5.1.0
589 silly placeDep ROOT eslint@8.57.1 OK for: react-scripts@5.0.1 want: ^8.3.0
590 silly placeDep ROOT eslint-config-react-app@7.0.1 OK for: react-scripts@5.0.1 want: ^7.0.1
591 silly placeDep ROOT eslint-webpack-plugin@3.2.0 OK for: react-scripts@5.0.1 want: ^3.1.1
592 silly placeDep ROOT file-loader@6.2.0 OK for: react-scripts@5.0.1 want: ^6.2.0
593 silly placeDep ROOT fs-extra@10.1.0 OK for: react-scripts@5.0.1 want: ^10.0.0
594 silly placeDep ROOT fsevents@2.3.3 OK for: react-scripts@5.0.1 want: ^2.3.2
595 silly placeDep ROOT html-webpack-plugin@5.6.4 OK for: react-scripts@5.0.1 want: ^5.5.0
596 silly placeDep ROOT identity-obj-proxy@3.0.0 OK for: react-scripts@5.0.1 want: ^3.0.0
597 silly placeDep ROOT jest@27.5.1 OK for: react-scripts@5.0.1 want: ^27.4.3
598 silly placeDep ROOT jest-resolve@27.5.1 OK for: react-scripts@5.0.1 want: ^27.4.2
599 silly placeDep ROOT jest-watch-typeahead@1.1.0 OK for: react-scripts@5.0.1 want: ^1.0.0
600 silly placeDep ROOT mini-css-extract-plugin@2.9.4 OK for: react-scripts@5.0.1 want: ^2.4.5
601 silly placeDep ROOT postcss-flexbugs-fixes@5.0.2 OK for: react-scripts@5.0.1 want: ^5.0.2
602 silly placeDep ROOT postcss-loader@6.2.1 OK for: react-scripts@5.0.1 want: ^6.2.1
603 silly placeDep ROOT postcss-normalize@10.0.1 OK for: react-scripts@5.0.1 want: ^10.0.1
604 silly placeDep ROOT postcss-preset-env@7.8.3 OK for: react-scripts@5.0.1 want: ^7.0.1
605 silly placeDep ROOT prompts@2.4.2 OK for: react-scripts@5.0.1 want: ^2.4.2
606 silly placeDep ROOT react-app-polyfill@3.0.0 OK for: react-scripts@5.0.1 want: ^3.0.0
607 silly placeDep ROOT react-dev-utils@12.0.1 OK for: react-scripts@5.0.1 want: ^12.0.1
608 silly placeDep ROOT resolve@1.22.10 OK for: react-scripts@5.0.1 want: ^1.20.0
609 silly placeDep ROOT resolve-url-loader@4.0.0 OK for: react-scripts@5.0.1 want: ^4.0.0
610 silly placeDep ROOT sass-loader@12.6.0 OK for: react-scripts@5.0.1 want: ^12.3.0
611 silly placeDep ROOT semver@7.7.2 OK for: react-scripts@5.0.1 want: ^7.3.5
612 silly placeDep ROOT source-map-loader@3.0.2 OK for: react-scripts@5.0.1 want: ^3.0.0
613 silly placeDep ROOT style-loader@3.3.4 OK for: react-scripts@5.0.1 want: ^3.3.1
614 silly placeDep ROOT terser-webpack-plugin@5.3.14 OK for: react-scripts@5.0.1 want: ^5.2.5
615 silly placeDep ROOT webpack-dev-server@4.15.2 OK for: react-scripts@5.0.1 want: ^4.6.0
616 silly placeDep ROOT webpack-manifest-plugin@4.1.1 OK for: react-scripts@5.0.1 want: ^4.0.2
617 silly placeDep ROOT workbox-webpack-plugin@6.6.0 OK for: react-scripts@5.0.1 want: ^6.4.1
618 silly fetch manifest debug@^4.1.0
619 silly fetch manifest json5@^2.2.3
620 silly fetch manifest semver@^6.3.1
621 silly fetch manifest gensync@^1.0.0-beta.2
622 silly fetch manifest @babel/types@^7.28.4
623 silly fetch manifest @babel/parser@^7.28.4
624 silly fetch manifest @babel/helpers@^7.28.4
625 silly fetch manifest @babel/template@^7.27.2
626 silly fetch manifest @babel/traverse@^7.28.4
627 silly fetch manifest @babel/generator@^7.28.3
628 silly fetch manifest convert-source-map@^2.0.0
629 silly fetch manifest @babel/helper-module-transforms@^7.28.3
630 silly fetch manifest @babel/helper-compilation-targets@^7.27.2
631 silly fetch manifest ansi-html@^0.0.9
632 silly fetch manifest source-map@^0.7.3
633 silly fetch manifest core-js-pure@^3.23.3
634 silly fetch manifest loader-utils@^2.0.4
635 silly fetch manifest schema-utils@^4.2.0
636 silly fetch manifest html-entities@^2.1.0
637 silly fetch manifest error-stack-parser@^2.0.6
638 silly fetch manifest @types/eslint-scope@^3.7.7
639 silly fetch manifest @types/estree@^1.0.8
640 silly fetch manifest @types/json-schema@^7.0.15
641 silly fetch manifest @webassemblyjs/ast@^1.14.1
642 silly fetch manifest @webassemblyjs/wasm-edit@^1.14.1
643 silly fetch manifest @webassemblyjs/wasm-parser@^1.14.1
644 silly fetch manifest acorn@^8.15.0
645 silly fetch manifest acorn-import-phases@^1.0.3
646 silly fetch manifest chrome-trace-event@^1.0.2
647 silly fetch manifest es-module-lexer@^1.2.1
648 silly fetch manifest eslint-scope@5.1.1
649 silly fetch manifest events@^3.2.0
650 silly fetch manifest glob-to-regexp@^0.4.1
651 silly fetch manifest json-parse-even-better-errors@^2.3.1
652 silly fetch manifest loader-runner@^4.2.0
653 silly fetch manifest mime-types@^2.1.27
654 silly fetch manifest neo-async@^2.6.2
655 silly fetch manifest schema-utils@^4.3.2
656 silly fetch manifest watchpack@^2.4.1
657 silly fetch manifest webpack-sources@^3.3.3
658 silly fetch manifest @babel/plugin-transform-react-constant-elements@^7.12.1
659 silly fetch manifest @babel/preset-env@^7.12.1
660 silly fetch manifest @babel/preset-react@^7.12.5
661 silly fetch manifest @svgr/core@^5.5.0
662 silly fetch manifest @svgr/plugin-jsx@^5.5.0
663 silly fetch manifest @svgr/plugin-svgo@^5.5.0
664 silly fetch manifest loader-utils@^2.0.0
665 silly fetch manifest chalk@^4.0.0
666 silly fetch manifest slash@^3.0.0
667 silly fetch manifest @jest/types@^27.5.1
668 silly fetch manifest @jest/transform@^27.5.1
669 silly fetch manifest babel-preset-jest@^27.5.1
670 silly fetch manifest @types/babel__core@^7.1.14
671 silly fetch manifest babel-plugin-istanbul@^6.1.1
672 silly fetch manifest make-dir@^3.1.0
673 silly fetch manifest schema-utils@^2.6.5
674 silly fetch manifest find-cache-dir@^3.3.1
675 silly fetch manifest @babel/plugin-proposal-class-properties@^7.16.0
676 silly fetch manifest @babel/plugin-proposal-decorators@^7.16.4
677 silly fetch manifest @babel/plugin-proposal-nullish-coalescing-operator@^7.16.0
678 silly fetch manifest @babel/plugin-proposal-numeric-separator@^7.16.0
679 silly fetch manifest @babel/plugin-proposal-optional-chaining@^7.16.0
680 silly fetch manifest @babel/plugin-proposal-private-methods@^7.16.0
681 silly fetch manifest @babel/plugin-proposal-private-property-in-object@^7.16.7
682 silly fetch manifest @babel/plugin-transform-flow-strip-types@^7.16.0
683 silly fetch manifest @babel/plugin-transform-react-display-name@^7.16.0
684 silly fetch manifest @babel/plugin-transform-runtime@^7.16.4
685 silly fetch manifest @babel/preset-env@^7.16.4
686 silly fetch manifest @babel/preset-react@^7.16.0
687 silly fetch manifest @babel/preset-typescript@^7.16.0
688 silly fetch manifest babel-plugin-macros@^3.1.0
689 silly fetch manifest babel-plugin-transform-react-remove-prop-types@^0.4.24
690 silly fetch manifest hoopy@^0.1.4
691 silly fetch manifest tryer@^1.0.1
692 silly fetch manifest bluebird@^3.7.2
693 silly fetch manifest jsonpath@^1.1.1
694 silly fetch manifest check-types@^11.2.3
695 silly fetch manifest icss-utils@^5.1.0
696 silly fetch manifest postcss-modules-extract-imports@^3.1.0
697 silly fetch manifest postcss-modules-local-by-default@^4.0.5
698 silly fetch manifest postcss-modules-scope@^3.2.0
699 silly fetch manifest postcss-modules-values@^4.0.0
700 silly fetch manifest cssnano@^5.0.6
701 silly fetch manifest source-map@^0.6.1
702 silly fetch manifest jest-worker@^27.0.2
703 silly fetch manifest schema-utils@^4.0.0
704 silly fetch manifest serialize-javascript@^6.0.0
705 silly fetch manifest ajv@^6.12.4
706 silly fetch manifest levn@^0.4.1
707 silly fetch manifest debug@^4.3.2
708 silly fetch manifest espree@^9.6.1
709 silly fetch manifest ignore@^5.2.0
710 silly fetch manifest esquery@^1.4.2
711 silly fetch manifest esutils@^2.0.2
712 silly fetch manifest find-up@^5.0.0
713 silly fetch manifest globals@^13.19.0
714 silly fetch manifest is-glob@^4.0.0
715 silly fetch manifest js-yaml@^4.1.0
716 silly fetch manifest doctrine@^3.0.0
717 silly fetch manifest graphemer@^1.4.0
718 silly fetch manifest minimatch@^3.1.2
719 silly fetch manifest @eslint/js@8.57.1
720 silly fetch manifest optionator@^0.9.3
721 silly fetch manifest strip-ansi@^6.0.1
722 silly fetch manifest text-table@^0.2.0
723 silly fetch manifest cross-spawn@^7.0.2
724 silly fetch manifest imurmurhash@^0.1.4
725 silly fetch manifest eslint-scope@^7.2.2
726 silly fetch manifest lodash.merge@^4.6.2
727 silly fetch manifest is-path-inside@^3.0.3
728 silly fetch manifest fast-deep-equal@^3.1.3
729 silly fetch manifest natural-compare@^1.4.0
730 silly fetch manifest @eslint/eslintrc@^2.1.4
731 silly fetch manifest @nodelib/fs.walk@^1.2.8
732 silly fetch manifest file-entry-cache@^6.0.1
733 silly fetch manifest eslint-visitor-keys@^3.4.3
734 silly fetch manifest escape-string-regexp@^4.0.0
735 silly fetch manifest @ungap/structured-clone@^1.2.0
736 silly fetch manifest @eslint-community/regexpp@^4.6.1
737 silly fetch manifest @humanwhocodes/config-array@^0.13.0
738 silly fetch manifest @eslint-community/eslint-utils@^4.2.0
739 silly fetch manifest @humanwhocodes/module-importer@^1.0.1
740 silly fetch manifest json-stable-stringify-without-jsonify@^1.0.1
741 silly fetch manifest eslint-plugin-jest@^25.3.0
742 silly fetch manifest eslint-plugin-react@^7.27.1
743 silly fetch manifest @babel/eslint-parser@^7.16.3
744 silly fetch manifest eslint-plugin-import@^2.25.3
745 silly fetch manifest eslint-plugin-flowtype@^8.0.3
746 silly fetch manifest eslint-plugin-jsx-a11y@^6.5.1
747 silly fetch manifest @rushstack/eslint-patch@^1.1.0
748 silly fetch manifest @typescript-eslint/parser@^5.5.0
749 silly fetch manifest confusing-browser-globals@^1.0.11
750 silly fetch manifest eslint-plugin-react-hooks@^4.3.0
751 silly fetch manifest eslint-plugin-testing-library@^5.0.1
752 silly fetch manifest @typescript-eslint/eslint-plugin@^5.5.0
753 silly fetch manifest micromatch@^4.0.5
754 silly fetch manifest jest-worker@^28.0.2
755 silly fetch manifest @types/eslint@^7.29.0 || ^8.4.1
756 silly fetch manifest schema-utils@^3.0.0
757 silly fetch manifest jsonfile@^6.0.1
758 silly fetch manifest universalify@^2.0.0
759 silly fetch manifest @types/html-minifier-terser@^6.0.0
760 silly fetch manifest html-minifier-terser@^6.0.2
761 silly fetch manifest lodash@^4.17.21
762 silly fetch manifest pretty-error@^4.0.0
763 silly fetch manifest harmony-reflect@^1.4.6
764 silly fetch manifest jest-cli@^27.5.1
765 silly fetch manifest @jest/core@^27.5.1
766 silly fetch manifest import-local@^3.0.2
767 silly fetch manifest jest-util@^27.5.1
768 silly fetch manifest jest-validate@^27.5.1
769 silly fetch manifest jest-haste-map@^27.5.1
770 silly fetch manifest resolve.exports@^1.1.0
771 silly fetch manifest jest-pnp-resolver@^1.2.2
772 silly fetch manifest slash@^4.0.0
773 silly fetch manifest strip-ansi@^7.0.1
774 silly fetch manifest ansi-escapes@^4.3.1
775 silly fetch manifest jest-watcher@^28.0.0
776 silly fetch manifest string-length@^5.0.1
777 silly fetch manifest jest-regex-util@^28.0.0
778 silly fetch manifest klona@^2.0.5
779 silly fetch manifest cosmiconfig@^7.0.0
780 silly fetch manifest sanitize.css@*
781 silly fetch manifest @csstools/normalize.css@*
782 silly fetch manifest postcss-browser-comments@^4
783 silly fetch manifest cssdb@^7.1.0
784 silly fetch manifest postcss-clamp@^4.1.0
785 silly fetch manifest postcss-place@^7.0.5
786 silly fetch manifest css-has-pseudo@^3.0.4
787 silly fetch manifest postcss-initial@^4.0.1
788 silly fetch manifest postcss-logical@^5.0.4
789 silly fetch manifest postcss-nesting@^10.2.0
790 silly fetch manifest css-blank-pseudo@^3.0.3
791 silly fetch manifest postcss-page-break@^3.0.4
792 silly fetch manifest postcss-custom-media@^8.0.2
793 silly fetch manifest postcss-env-function@^4.0.6
794 silly fetch manifest postcss-focus-within@^5.0.4
795 silly fetch manifest postcss-font-variant@^5.0.0
796 silly fetch manifest postcss-lab-function@^4.2.1
797 silly fetch manifest postcss-media-minmax@^5.0.0
798 silly fetch manifest postcss-selector-not@^6.0.1
799 silly fetch manifest postcss-focus-visible@^6.0.4
800 silly fetch manifest postcss-gap-properties@^3.0.5
801 silly fetch manifest postcss-color-hex-alpha@^8.0.4
802 silly fetch manifest css-prefers-color-scheme@^6.0.3
803 silly fetch manifest postcss-custom-selectors@^6.0.3
804 silly fetch manifest postcss-dir-pseudo-class@^6.0.5
805 silly fetch manifest @csstools/postcss-ic-unit@^1.0.1
806 silly fetch manifest postcss-custom-properties@^12.1.10
807 silly fetch manifest postcss-image-set-function@^4.0.7
808 silly fetch manifest postcss-opacity-percentage@^1.1.2
809 silly fetch manifest postcss-overflow-shorthand@^3.0.4
810 silly fetch manifest postcss-color-rebeccapurple@^7.1.1
811 silly fetch manifest @csstools/postcss-nested-calc@^1.0.0
812 silly fetch manifest @csstools/postcss-unset-value@^1.0.2
813 silly fetch manifest postcss-pseudo-class-any-link@^7.1.6
814 silly fetch manifest postcss-replace-overflow-wrap@^4.0.0
815 silly fetch manifest @csstools/postcss-hwb-function@^1.0.2
816 silly fetch manifest @csstools/postcss-cascade-layers@^1.1.1
817 silly fetch manifest @csstools/postcss-color-function@^1.1.1
818 silly fetch manifest @csstools/postcss-oklab-function@^1.1.1
819 silly fetch manifest @csstools/postcss-is-pseudo-class@^2.0.7
820 silly fetch manifest postcss-color-functional-notation@^4.2.4
821 silly fetch manifest postcss-double-position-gradients@^3.1.2
822 silly fetch manifest postcss-attribute-case-insensitive@^5.0.2
823 silly fetch manifest @csstools/postcss-font-format-keywords@^1.0.1
824 silly fetch manifest @csstools/postcss-stepped-value-functions@^1.0.1
825 silly fetch manifest @csstools/postcss-trigonometric-functions@^1.0.2
826 silly fetch manifest @csstools/postcss-normalize-display-values@^1.0.1
827 silly fetch manifest @csstools/postcss-text-decoration-shorthand@^1.0.0
828 silly fetch manifest @csstools/postcss-progressive-custom-properties@^1.3.0
829 silly fetch manifest kleur@^3.0.3
830 silly fetch manifest sisteransi@^1.0.5
831 silly fetch manifest raf@^3.4.1
832 silly fetch manifest core-js@^3.19.2
833 silly fetch manifest promise@^8.1.0
834 silly fetch manifest whatwg-fetch@^3.6.2
835 silly fetch manifest object-assign@^4.1.1
836 silly fetch manifest regenerator-runtime@^0.13.9
837 silly fetch manifest open@^8.4.0
838 silly fetch manifest chalk@^4.1.2
839 silly fetch manifest immer@^9.0.7
840 silly fetch manifest globby@^11.0.4
841 silly fetch manifest pkg-up@^3.1.0
842 silly fetch manifest address@^1.1.2
843 silly fetch manifest is-root@^2.1.0
844 silly fetch manifest filesize@^8.0.6
845 silly fetch manifest gzip-size@^6.0.0
846 silly fetch manifest cross-spawn@^7.0.3
847 silly fetch manifest shell-quote@^1.7.3
848 silly fetch manifest loader-utils@^3.2.0
849 silly fetch manifest global-modules@^2.0.0
850 silly fetch manifest detect-port-alt@^1.1.6
851 silly fetch manifest recursive-readdir@^2.2.2
852 silly fetch manifest react-error-overlay@^6.0.11
853 silly fetch manifest fork-ts-checker-webpack-plugin@^6.5.0
854 silly fetch manifest is-core-module@^2.16.0
855 silly fetch manifest path-parse@^1.0.7
856 silly fetch manifest supports-preserve-symlinks-flag@^1.0.0
857 silly fetch manifest adjust-sourcemap-loader@^4.0.0
858 silly fetch manifest convert-source-map@^1.7.0
859 silly fetch manifest postcss@^7.0.35
860 silly fetch manifest source-map@0.6.1
861 silly fetch manifest klona@^2.0.4
862 silly fetch manifest abab@^2.0.5
863 silly fetch manifest iconv-lite@^0.6.3
864 silly fetch manifest jest-worker@^27.4.5
865 silly fetch manifest schema-utils@^4.3.0
866 silly fetch manifest serialize-javascript@^6.0.2
867 silly fetch manifest terser@^5.31.1
868 silly fetch manifest ws@^8.13.0
869 silly fetch manifest open@^8.0.9
870 silly fetch manifest spdy@^4.0.2
871 silly fetch manifest rimraf@^3.0.2
872 silly fetch manifest sockjs@^0.3.24
873 silly fetch manifest express@^4.17.3
874 silly fetch manifest p-retry@^4.5.0
875 silly fetch manifest chokidar@^3.5.3
876 silly fetch manifest @types/ws@^8.5.5
877 silly fetch manifest colorette@^2.0.10
878 silly fetch manifest ipaddr.js@^2.0.1
879 silly fetch manifest selfsigned@^2.1.1
880 silly fetch manifest compression@^1.7.4
881 silly fetch manifest serve-index@^1.9.1
882 silly fetch manifest @types/sockjs@^0.3.33
883 silly fetch manifest html-entities@^2.3.2
884 silly fetch manifest launch-editor@^2.6.0
885 silly fetch manifest @types/bonjour@^3.5.9
886 silly fetch manifest @types/express@^4.17.13
887 silly fetch manifest bonjour-service@^1.0.11
888 silly fetch manifest default-gateway@^6.0.3
889 silly fetch manifest @types/serve-index@^1.9.1
890 silly fetch manifest @types/serve-static@^1.13.10
891 silly fetch manifest ansi-html-community@^0.0.8
892 silly fetch manifest http-proxy-middleware@^2.0.3
893 silly fetch manifest webpack-dev-middleware@^5.3.4
894 silly fetch manifest connect-history-api-fallback@^2.0.0
895 silly fetch manifest @types/connect-history-api-fallback@^1.3.5
896 silly fetch manifest webpack-sources@^2.2.0
897 silly fetch manifest upath@^1.2.0
898 silly fetch manifest pretty-bytes@^5.4.1
899 silly fetch manifest workbox-build@6.6.0
900 silly fetch manifest webpack-sources@^1.4.3
901 silly fetch manifest fast-json-stable-stringify@^2.1.0
902 http fetch GET 200 https://registry.npmjs.org/postcss-nesting 585ms (cache hit)
903 http fetch GET 200 https://registry.npmjs.org/css-blank-pseudo 587ms (cache hit)
904 http fetch GET 200 https://registry.npmjs.org/postcss-custom-media 587ms (cache hit)
905 http fetch GET 200 https://registry.npmjs.org/postcss-focus-within 585ms (cache hit)
906 http fetch GET 200 https://registry.npmjs.org/postcss-font-variant 585ms (cache hit)
907 http fetch GET 200 https://registry.npmjs.org/postcss-logical 598ms (cache hit)
908 http fetch GET 200 https://registry.npmjs.org/css-has-pseudo 601ms (cache hit)
909 http fetch GET 200 https://registry.npmjs.org/postcss-place 601ms (cache hit)
910 http fetch GET 200 https://registry.npmjs.org/postcss-page-break 598ms (cache hit)
911 http fetch GET 200 https://registry.npmjs.org/postcss-media-minmax 595ms (cache hit)
912 http fetch GET 200 https://registry.npmjs.org/postcss-env-function 598ms (cache hit)
913 http fetch GET 200 https://registry.npmjs.org/postcss-clamp 605ms (cache hit)
914 http fetch GET 200 https://registry.npmjs.org/postcss-lab-function 598ms (cache hit)
915 http fetch GET 200 https://registry.npmjs.org/postcss-modules-extract-imports 683ms (cache hit)
916 http fetch GET 200 https://registry.npmjs.org/postcss-modules-scope 683ms (cache hit)
917 http fetch GET 200 https://registry.npmjs.org/postcss-modules-values 682ms (cache hit)
918 http fetch GET 200 https://registry.npmjs.org/cssnano 684ms (cache hit)
919 http fetch GET 200 https://registry.npmjs.org/icss-utils 697ms (cache hit)
920 http fetch GET 200 https://registry.npmjs.org/postcss-modules-local-by-default 697ms (cache hit)
921 http fetch GET 200 https://registry.npmjs.org/postcss-image-set-function 605ms (cache hit)
922 http fetch GET 200 https://registry.npmjs.org/@svgr%2fplugin-svgo 725ms (cache hit)
923 http fetch GET 200 https://registry.npmjs.org/postcss-selector-not 612ms (cache hit)
924 http fetch GET 200 https://registry.npmjs.org/postcss-color-rebeccapurple 606ms (cache hit)
925 http fetch GET 200 https://registry.npmjs.org/@csstools%2fpostcss-ic-unit 610ms (cache hit)
926 http fetch GET 200 https://registry.npmjs.org/postcss-overflow-shorthand 617ms (cache hit)
927 http fetch GET 200 https://registry.npmjs.org/postcss-color-hex-alpha 624ms (cache hit)
928 http fetch GET 200 https://registry.npmjs.org/@csstools%2fpostcss-nested-calc 626ms (cache hit)
929 http fetch GET 200 https://registry.npmjs.org/postcss-browser-comments 645ms (cache hit)
930 http fetch GET 200 https://registry.npmjs.org/postcss-dir-pseudo-class 634ms (cache hit)
931 http fetch GET 200 https://registry.npmjs.org/postcss-opacity-percentage 635ms (cache hit)
932 http fetch GET 200 https://registry.npmjs.org/css-prefers-color-scheme 640ms (cache hit)
933 http fetch GET 200 https://registry.npmjs.org/postcss-custom-selectors 640ms (cache hit)
934 http fetch GET 200 https://registry.npmjs.org/postcss-initial 656ms (cache hit)
935 http fetch GET 200 https://registry.npmjs.org/postcss-custom-properties 643ms (cache hit)
936 http fetch GET 200 https://registry.npmjs.org/@csstools%2fpostcss-unset-value 653ms (cache hit)
937 http fetch GET 200 https://registry.npmjs.org/postcss-pseudo-class-any-link 656ms (cache hit)
938 http fetch GET 200 https://registry.npmjs.org/postcss-replace-overflow-wrap 657ms (cache hit)
939 http fetch GET 200 https://registry.npmjs.org/@csstools%2fpostcss-hwb-function 656ms (cache hit)
940 http fetch GET 200 https://registry.npmjs.org/@csstools%2fpostcss-cascade-layers 662ms (cache hit)
941 http fetch GET 200 https://registry.npmjs.org/@csstools%2fpostcss-color-function 663ms (cache hit)
942 http fetch GET 200 https://registry.npmjs.org/@csstools%2fpostcss-oklab-function 666ms (cache hit)
943 http fetch GET 200 https://registry.npmjs.org/@csstools%2fpostcss-is-pseudo-class 672ms (cache hit)
944 http fetch GET 200 https://registry.npmjs.org/postcss-color-functional-notation 676ms (cache hit)
945 http fetch GET 200 https://registry.npmjs.org/postcss-double-position-gradients 683ms (cache hit)
946 http fetch GET 200 https://registry.npmjs.org/@csstools%2fpostcss-stepped-value-functions 698ms (cache hit)
947 http fetch GET 200 https://registry.npmjs.org/@csstools%2fpostcss-trigonometric-functions 698ms (cache hit)
948 http fetch GET 200 https://registry.npmjs.org/@csstools%2fpostcss-normalize-display-values 700ms (cache hit)
949 http fetch GET 200 https://registry.npmjs.org/@csstools%2fpostcss-text-decoration-shorthand 700ms (cache hit)
950 http fetch GET 200 https://registry.npmjs.org/@csstools%2fpostcss-progressive-custom-properties 700ms (cache hit)
951 http fetch GET 200 https://registry.npmjs.org/postcss-attribute-case-insensitive 704ms (cache hit)
952 http fetch GET 200 https://registry.npmjs.org/postcss-focus-visible 734ms (cache hit)
953 http fetch GET 200 https://registry.npmjs.org/postcss-gap-properties 734ms (cache hit)
954 http fetch GET 200 https://registry.npmjs.org/@csstools%2fpostcss-font-format-keywords 740ms (cache hit)
955 http fetch GET 200 https://registry.npmjs.org/chrome-trace-event 903ms (cache revalidated)
956 http fetch GET 200 https://registry.npmjs.org/es-module-lexer 905ms (cache revalidated)
957 http fetch GET 200 https://registry.npmjs.org/jest-worker 745ms (cache revalidated)
958 http fetch GET 200 https://registry.npmjs.org/iconv-lite 757ms (cache revalidated)
959 http fetch GET 200 https://registry.npmjs.org/babel-plugin-istanbul 923ms (cache revalidated)
960 http fetch GET 200 https://registry.npmjs.org/glob-to-regexp 939ms (cache revalidated)
961 http fetch GET 200 https://registry.npmjs.org/rimraf 754ms (cache revalidated)
962 http fetch GET 200 https://registry.npmjs.org/@babel%2fhelper-module-transforms 958ms (cache revalidated)
963 http fetch GET 200 https://registry.npmjs.org/neo-async 945ms (cache revalidated)
964 http fetch GET 200 https://registry.npmjs.org/@babel%2fplugin-proposal-decorators 936ms (cache revalidated)
965 http fetch GET 200 https://registry.npmjs.org/@types%2fbabel__core 944ms (cache revalidated)
966 http fetch GET 200 https://registry.npmjs.org/@babel%2fpreset-env 952ms (cache revalidated)
967 http fetch GET 200 https://registry.npmjs.org/@webassemblyjs%2fast 987ms (cache revalidated)
968 http fetch GET 200 https://registry.npmjs.org/@babel%2fplugin-transform-react-constant-elements 978ms (cache revalidated)
969 http fetch GET 200 https://registry.npmjs.org/@types%2fjson-schema 991ms (cache revalidated)
970 http fetch GET 200 https://registry.npmjs.org/@types%2festree 992ms (cache revalidated)
971 http fetch GET 200 https://registry.npmjs.org/@webassemblyjs%2fwasm-edit 990ms (cache revalidated)
972 http fetch GET 200 https://registry.npmjs.org/acorn-import-phases 991ms (cache revalidated)
973 http fetch GET 200 https://registry.npmjs.org/acorn 991ms (cache revalidated)
974 http fetch GET 200 https://registry.npmjs.org/@webassemblyjs%2fwasm-parser 994ms (cache revalidated)
975 http fetch GET 200 https://registry.npmjs.org/json-stable-stringify-without-jsonify 941ms (cache revalidated)
976 http fetch GET 200 https://registry.npmjs.org/eslint-plugin-jest 941ms (cache revalidated)
977 http fetch GET 200 https://registry.npmjs.org/eslint-plugin-jsx-a11y 945ms (cache revalidated)
978 http fetch GET 200 https://registry.npmjs.org/eslint-plugin-react 952ms (cache revalidated)
979 http fetch GET 200 https://registry.npmjs.org/debug 1048ms (cache revalidated)
980 http fetch GET 200 https://registry.npmjs.org/eslint-plugin-import 954ms (cache revalidated)
981 http fetch GET 200 https://registry.npmjs.org/eslint-plugin-flowtype 958ms (cache revalidated)
982 http fetch GET 200 https://registry.npmjs.org/webpack-sources 1027ms (cache revalidated)
983 http fetch GET 200 https://registry.npmjs.org/confusing-browser-globals 952ms (cache revalidated)
984 http fetch GET 200 https://registry.npmjs.org/@babel%2feslint-parser 963ms (cache revalidated)
985 http fetch GET 200 https://registry.npmjs.org/@typescript-eslint%2fparser 982ms (cache revalidated)
986 http fetch GET 200 https://registry.npmjs.org/gensync 1166ms (cache revalidated)
987 http fetch GET 200 https://registry.npmjs.org/schema-utils 968ms (cache revalidated)
988 http fetch GET 200 https://registry.npmjs.org/@babel%2ftypes 1174ms (cache revalidated)
989 http fetch GET 200 https://registry.npmjs.org/terser 972ms (cache revalidated)
990 http fetch GET 200 https://registry.npmjs.org/json5 1181ms (cache revalidated)
991 http fetch GET 200 https://registry.npmjs.org/mime-types 1156ms (cache revalidated)
992 http fetch GET 200 https://registry.npmjs.org/ws 975ms (cache revalidated)
993 http fetch GET 200 https://registry.npmjs.org/source-map 987ms (cache revalidated)
994 http fetch GET 200 https://registry.npmjs.org/core-js-pure 1174ms (cache revalidated)
995 http fetch GET 200 https://registry.npmjs.org/loader-utils 1176ms (cache revalidated)
996 http fetch GET 200 https://registry.npmjs.org/@babel%2ftemplate 1186ms (cache revalidated)
997 http fetch GET 200 https://registry.npmjs.org/ansi-html 1179ms (cache revalidated)
998 http fetch GET 200 https://registry.npmjs.org/klona 992ms (cache revalidated)
999 http fetch GET 200 https://registry.npmjs.org/@babel%2fparser 1190ms (cache revalidated)
1000 http fetch GET 200 https://registry.npmjs.org/error-stack-parser 1199ms (cache revalidated)
1001 http fetch GET 200 https://registry.npmjs.org/source-map 1203ms (cache revalidated)
1002 http fetch GET 200 https://registry.npmjs.org/html-entities 1202ms (cache revalidated)
1003 http fetch GET 200 https://registry.npmjs.org/@rushstack%2feslint-patch 1121ms (cache revalidated)
1004 http fetch GET 200 https://registry.npmjs.org/abab 1024ms (cache revalidated)
1005 http fetch GET 200 https://registry.npmjs.org/klona 1104ms (cache revalidated)
1006 http fetch GET 200 https://registry.npmjs.org/webpack-dev-middleware 998ms (cache revalidated)
1007 http fetch GET 200 https://registry.npmjs.org/ansi-html-community 1010ms (cache revalidated)
1008 http fetch GET 200 https://registry.npmjs.org/string-length 1118ms (cache revalidated)
1009 http fetch GET 200 https://registry.npmjs.org/sanitize.css 1107ms (cache revalidated)
1010 http fetch GET 200 https://registry.npmjs.org/chalk 1208ms (cache revalidated)
1011 http fetch GET 200 https://registry.npmjs.org/@babel%2ftraverse 1243ms (cache revalidated)
1012 http fetch GET 200 https://registry.npmjs.org/webpack-sources 1018ms (cache revalidated)
1013 http fetch GET 200 https://registry.npmjs.org/@babel%2fhelpers 1251ms (cache revalidated)
1014 http fetch GET 200 https://registry.npmjs.org/make-dir 1218ms (cache revalidated)
1015 http fetch GET 200 https://registry.npmjs.org/@types%2feslint-scope 1241ms (cache revalidated)
1016 http fetch GET 200 https://registry.npmjs.org/bonjour-service 1037ms (cache revalidated)
1017 http fetch GET 200 https://registry.npmjs.org/@babel%2fgenerator 1253ms (cache revalidated)
1018 http fetch GET 200 https://registry.npmjs.org/@babel%2fhelper-compilation-targets 1250ms (cache revalidated)
1019 http fetch GET 200 https://registry.npmjs.org/schema-utils 1235ms (cache revalidated)
1020 http fetch GET 200 https://registry.npmjs.org/serialize-javascript 1057ms (cache revalidated)
1021 http fetch GET 200 https://registry.npmjs.org/schema-utils 1249ms (cache revalidated)
1022 http fetch GET 200 https://registry.npmjs.org/@types%2fserve-index 1043ms (cache revalidated)
1023 http fetch GET 200 https://registry.npmjs.org/sockjs 1082ms (cache revalidated)
1024 http fetch GET 200 https://registry.npmjs.org/spdy 1094ms (cache revalidated)
1025 http fetch GET 200 https://registry.npmjs.org/express 1099ms (cache revalidated)
1026 http fetch GET 200 https://registry.npmjs.org/events 1299ms (cache revalidated)
1027 http fetch GET 200 https://registry.npmjs.org/convert-source-map 1319ms (cache revalidated)
1028 http fetch GET 200 https://registry.npmjs.org/p-retry 1115ms (cache revalidated)
1029 http fetch GET 200 https://registry.npmjs.org/eslint-scope 1305ms (cache revalidated)
1030 http fetch GET 200 https://registry.npmjs.org/@types%2fws 1125ms (cache revalidated)
1031 http fetch GET 200 https://registry.npmjs.org/@babel%2fplugin-proposal-nullish-coalescing-operator 1299ms (cache revalidated)
1032 http fetch GET 200 https://registry.npmjs.org/@humanwhocodes%2fmodule-importer 1250ms (cache revalidated)
1033 http fetch GET 200 https://registry.npmjs.org/json-parse-even-better-errors 1334ms (cache revalidated)
1034 http fetch GET 200 https://registry.npmjs.org/@babel%2fplugin-proposal-numeric-separator 1313ms (cache revalidated)
1035 http fetch GET 200 https://registry.npmjs.org/@babel%2fplugin-proposal-optional-chaining 1313ms (cache revalidated)
1036 http fetch GET 200 https://registry.npmjs.org/@babel%2fplugin-transform-runtime 1314ms (cache revalidated)
1037 http fetch GET 200 https://registry.npmjs.org/loader-runner 1342ms (cache revalidated)
1038 http fetch GET 200 https://registry.npmjs.org/@babel%2fplugin-proposal-class-properties 1327ms (cache revalidated)
1039 http fetch GET 200 https://registry.npmjs.org/@babel%2fplugin-transform-flow-strip-types 1321ms (cache revalidated)
1040 http fetch GET 200 https://registry.npmjs.org/@csstools%2fnormalize.css 1237ms (cache revalidated)
1041 http fetch GET 200 https://registry.npmjs.org/@jest%2ftypes 1338ms (cache revalidated)
1042 http fetch GET 200 https://registry.npmjs.org/@svgr%2fcore 1343ms (cache revalidated)
1043 http fetch GET 200 https://registry.npmjs.org/babel-plugin-transform-react-remove-prop-types 1326ms (cache revalidated)
1044 http fetch GET 200 https://registry.npmjs.org/@jest%2ftransform 1348ms (cache revalidated)
1045 http fetch GET 200 https://registry.npmjs.org/@babel%2fpreset-react 1334ms (cache revalidated)
1046 http fetch GET 200 https://registry.npmjs.org/@humanwhocodes%2fconfig-array 1299ms (cache revalidated)
1047 http fetch GET 200 https://registry.npmjs.org/jest-worker 1341ms (cache revalidated)
1048 http fetch GET 200 https://registry.npmjs.org/source-map 1345ms (cache revalidated)
1049 http fetch GET 200 https://registry.npmjs.org/open 1202ms (cache revalidated)
1050 http fetch GET 200 https://registry.npmjs.org/lodash 1299ms (cache revalidated)
1051 http fetch GET 200 https://registry.npmjs.org/@babel%2fplugin-proposal-private-property-in-object 1382ms (cache revalidated)
1052 http fetch GET 200 https://registry.npmjs.org/@babel%2fplugin-transform-react-display-name 1382ms (cache revalidated)
1053 http fetch GET 200 https://registry.npmjs.org/@babel%2fplugin-proposal-private-methods 1386ms (cache revalidated)
1054 http fetch GET 200 https://registry.npmjs.org/html-minifier-terser 1323ms (cache revalidated)
1055 http fetch GET 200 https://registry.npmjs.org/@types%2fhtml-minifier-terser 1325ms (cache revalidated)
1056 http fetch GET 200 https://registry.npmjs.org/@babel%2fpreset-env 1392ms (cache revalidated)
1057 http fetch GET 200 https://registry.npmjs.org/babel-preset-jest 1415ms (cache revalidated)
1058 http fetch GET 200 https://registry.npmjs.org/@eslint-community%2feslint-utils 1364ms (cache revalidated)
1059 http fetch GET 200 https://registry.npmjs.org/babel-plugin-macros 1402ms (cache revalidated)
1060 http fetch GET 200 https://registry.npmjs.org/bluebird 1401ms (cache revalidated)
1061 http fetch GET 200 https://registry.npmjs.org/jest-cli 1354ms (cache revalidated)
1062 http fetch GET 200 https://registry.npmjs.org/import-local 1365ms (cache revalidated)
1063 http fetch GET 200 https://registry.npmjs.org/jest-util 1364ms (cache revalidated)
1064 http fetch GET 200 https://registry.npmjs.org/jest-haste-map 1370ms (cache revalidated)
1065 http fetch GET 200 https://registry.npmjs.org/upath 1275ms (cache revalidated)
1066 http fetch GET 200 https://registry.npmjs.org/jest-validate 1394ms (cache revalidated)
1067 http fetch GET 200 https://registry.npmjs.org/slash 1479ms (cache revalidated)
1068 http fetch GET 200 https://registry.npmjs.org/strip-ansi 1394ms (cache revalidated)
1069 http fetch GET 200 https://registry.npmjs.org/watchpack 1487ms (cache revalidated)
1070 http fetch GET 200 https://registry.npmjs.org/loader-utils 1489ms (cache revalidated)
1071 http fetch GET 200 https://registry.npmjs.org/resolve.exports 1404ms (cache revalidated)
1072 http fetch GET 200 https://registry.npmjs.org/@babel%2fpreset-react 1496ms (cache revalidated)
1073 http fetch GET 200 https://registry.npmjs.org/pretty-error 1415ms (cache revalidated)
1074 http fetch GET 200 https://registry.npmjs.org/pretty-bytes 1295ms (cache revalidated)
1075 http fetch GET 200 https://registry.npmjs.org/jest-watcher 1411ms (cache revalidated)
1076 http fetch GET 200 https://registry.npmjs.org/detect-port-alt 1348ms (cache revalidated)
1077 http fetch GET 200 https://registry.npmjs.org/jest-regex-util 1417ms (cache revalidated)
1078 http fetch GET 200 https://registry.npmjs.org/is-core-module 1344ms (cache revalidated)
1079 http fetch GET 200 https://registry.npmjs.org/cosmiconfig 1423ms (cache revalidated)
1080 http fetch GET 200 https://registry.npmjs.org/debug 1478ms (cache revalidated)
1081 http fetch GET 200 https://registry.npmjs.org/levn 1480ms (cache revalidated)
1082 http fetch GET 200 https://registry.npmjs.org/ignore 1482ms (cache revalidated)
1083 http fetch GET 200 https://registry.npmjs.org/esutils 1493ms (cache revalidated)
1084 http fetch GET 200 https://registry.npmjs.org/esquery 1495ms (cache revalidated)
1085 http fetch GET 200 https://registry.npmjs.org/fork-ts-checker-webpack-plugin 1375ms (cache revalidated)
1086 http fetch GET 200 https://registry.npmjs.org/imurmurhash 1497ms (cache revalidated)
1087 http fetch GET 200 https://registry.npmjs.org/@jest%2fcore 1465ms (cache revalidated)
1088 http fetch GET 200 https://registry.npmjs.org/globals 1511ms (cache revalidated)
1089 http fetch GET 200 https://registry.npmjs.org/js-yaml 1512ms (cache revalidated)
1090 http fetch GET 200 https://registry.npmjs.org/text-table 1509ms (cache revalidated)
1091 http fetch GET 200 https://registry.npmjs.org/graphemer 1513ms (cache revalidated)
1092 http fetch GET 200 https://registry.npmjs.org/doctrine 1519ms (cache revalidated)
1093 http fetch GET 200 https://registry.npmjs.org/path-parse 1400ms (cache revalidated)
1094 http fetch GET 200 https://registry.npmjs.org/cross-spawn 1517ms (cache revalidated)
1095 http fetch GET 200 https://registry.npmjs.org/@eslint%2fjs 1522ms (cache revalidated)
1096 http fetch GET 200 https://registry.npmjs.org/eslint-scope 1518ms (cache revalidated)
1097 http fetch GET 200 https://registry.npmjs.org/lodash.merge 1519ms (cache revalidated)
1098 http fetch GET 200 https://registry.npmjs.org/is-path-inside 1519ms (cache revalidated)
1099 http fetch GET 200 https://registry.npmjs.org/@svgr%2fplugin-jsx 1572ms (cache revalidated)
1100 http fetch GET 200 https://registry.npmjs.org/jsonfile 1499ms (cache revalidated)
1101 http fetch GET 200 https://registry.npmjs.org/schema-utils 1548ms (cache revalidated)
1102 http fetch GET 200 https://registry.npmjs.org/strip-ansi 1533ms (cache revalidated)
1103 http fetch GET 200 https://registry.npmjs.org/html-entities 1405ms (cache revalidated)
1104 http fetch GET 200 https://registry.npmjs.org/serialize-javascript 1565ms (cache revalidated)
1105 http fetch GET 200 https://registry.npmjs.org/fast-deep-equal 1552ms (cache revalidated)
1106 http fetch GET 200 https://registry.npmjs.org/convert-source-map 1439ms (cache revalidated)
1107 http fetch GET 200 https://registry.npmjs.org/jest-pnp-resolver 1520ms (cache revalidated)
1108 http fetch GET 200 https://registry.npmjs.org/natural-compare 1553ms (cache revalidated)
1109 http fetch GET 200 https://registry.npmjs.org/ansi-escapes 1519ms (cache revalidated)
1110 http fetch GET 200 https://registry.npmjs.org/ajv 1577ms (cache revalidated)
1111 http fetch GET 200 https://registry.npmjs.org/eslint-visitor-keys 1571ms (cache revalidated)
1112 http fetch GET 200 https://registry.npmjs.org/file-entry-cache 1572ms (cache revalidated)
1113 http fetch GET 200 https://registry.npmjs.org/@eslint%2feslintrc 1574ms (cache revalidated)
1114 http fetch GET 200 https://registry.npmjs.org/optionator 1581ms (cache revalidated)
1115 http fetch GET 200 https://registry.npmjs.org/launch-editor 1445ms (cache revalidated)
1116 http fetch GET 200 https://registry.npmjs.org/minimatch 1597ms (cache revalidated)
1117 http fetch GET 200 https://registry.npmjs.org/universalify 1584ms (cache revalidated)
1118 http fetch GET 200 https://registry.npmjs.org/connect-history-api-fallback 1507ms (cache revalidated)
1119 http fetch GET 200 https://registry.npmjs.org/find-up 1715ms (cache revalidated)
1120 http fetch GET 200 https://registry.npmjs.org/@types%2fsockjs 1576ms (cache revalidated)
1121 http fetch GET 200 https://registry.npmjs.org/colorette 1580ms (cache revalidated)
1122 http fetch GET 200 https://registry.npmjs.org/@types%2fserve-static 1586ms (cache revalidated)
1123 http fetch GET 200 https://registry.npmjs.org/@types%2fconnect-history-api-fallback 1595ms (cache revalidated)
1124 http fetch GET 200 https://registry.npmjs.org/eslint-plugin-testing-library 1722ms (cache revalidated)
1125 http fetch GET 200 https://registry.npmjs.org/jest-worker 1739ms (cache revalidated)
1126 http fetch GET 200 https://registry.npmjs.org/cssdb 1719ms (cache revalidated)
1127 http fetch GET 200 https://registry.npmjs.org/adjust-sourcemap-loader 1661ms (cache revalidated)
1128 http fetch GET 200 https://registry.npmjs.org/schema-utils 1751ms (cache revalidated)
1129 http fetch GET 200 https://registry.npmjs.org/@types%2feslint 1753ms (cache revalidated)
1130 http fetch GET 200 https://registry.npmjs.org/@eslint-community%2fregexpp 1774ms (cache revalidated)
1131 http fetch GET 200 https://registry.npmjs.org/slash 1745ms (cache revalidated)
1132 http fetch GET 200 https://registry.npmjs.org/escape-string-regexp 1779ms (cache revalidated)
1133 http fetch GET 200 https://registry.npmjs.org/eslint-plugin-react-hooks 1771ms (cache revalidated)
1134 http fetch GET 200 https://registry.npmjs.org/@types%2fexpress 1688ms (cache revalidated)
1135 http fetch GET 200 https://registry.npmjs.org/selfsigned 1699ms (cache revalidated)
1136 http fetch GET 200 https://registry.npmjs.org/@typescript-eslint%2feslint-plugin 1826ms (cache revalidated)
1137 http fetch GET 200 https://registry.npmjs.org/fast-json-stable-stringify 1783ms (cache revalidated)
1138 http fetch GET 200 https://registry.npmjs.org/serve-index 1821ms (cache revalidated)
1139 http fetch GET 200 https://registry.npmjs.org/@types%2fbonjour 1818ms (cache revalidated)
1140 http fetch GET 200 https://registry.npmjs.org/default-gateway 1823ms (cache revalidated)
1141 http fetch GET 200 https://registry.npmjs.org/@nodelib%2ffs.walk 1960ms (cache revalidated)
1142 http fetch GET 200 https://registry.npmjs.org/workbox-build 1822ms (cache revalidated)
1143 http fetch GET 200 https://registry.npmjs.org/schema-utils 2027ms (cache revalidated)
1144 http fetch GET 200 https://registry.npmjs.org/webpack-sources 1831ms (cache revalidated)
1145 http fetch GET 200 https://registry.npmjs.org/hoopy 2012ms (cache revalidated)
1146 http fetch GET 200 https://registry.npmjs.org/tryer 2013ms (cache revalidated)
1147 http fetch GET 200 https://registry.npmjs.org/@ungap%2fstructured-clone 1981ms (cache revalidated)
1148 http fetch GET 200 https://registry.npmjs.org/@babel%2fpreset-typescript 2019ms (cache revalidated)
1149 http fetch GET 200 https://registry.npmjs.org/jsonpath 2024ms (cache revalidated)
1150 http fetch GET 200 https://registry.npmjs.org/check-types 2024ms (cache revalidated)
1151 http fetch GET 200 https://registry.npmjs.org/kleur 1925ms (cache revalidated)
1152 http fetch GET 200 https://registry.npmjs.org/promise 1921ms (cache revalidated)
1153 http fetch GET 200 https://registry.npmjs.org/raf 1924ms (cache revalidated)
1154 http fetch GET 200 https://registry.npmjs.org/open 1923ms (cache revalidated)
1155 http fetch GET 200 https://registry.npmjs.org/globby 1921ms (cache revalidated)
1156 http fetch GET 200 https://registry.npmjs.org/object-assign 1927ms (cache revalidated)
1157 http fetch GET 200 https://registry.npmjs.org/immer 1925ms (cache revalidated)
1158 http fetch GET 200 https://registry.npmjs.org/regenerator-runtime 1932ms (cache revalidated)
1159 http fetch GET 200 https://registry.npmjs.org/http-proxy-middleware 1879ms (cache revalidated)
1160 http fetch GET 200 https://registry.npmjs.org/whatwg-fetch 1938ms (cache revalidated)
1161 http fetch GET 200 https://registry.npmjs.org/address 1938ms (cache revalidated)
1162 http fetch GET 200 https://registry.npmjs.org/filesize 1939ms (cache revalidated)
1163 http fetch GET 200 https://registry.npmjs.org/compression 1923ms (cache revalidated)
1164 http fetch GET 200 https://registry.npmjs.org/ipaddr.js 1925ms (cache revalidated)
1165 http fetch GET 200 https://registry.npmjs.org/gzip-size 1958ms (cache revalidated)
1166 http fetch GET 200 https://registry.npmjs.org/shell-quote 1957ms (cache revalidated)
1167 http fetch GET 200 https://registry.npmjs.org/loader-utils 1957ms (cache revalidated)
1168 http fetch GET 200 https://registry.npmjs.org/sisteransi 1969ms (cache revalidated)
1169 http fetch GET 200 https://registry.npmjs.org/core-js 1969ms (cache revalidated)
1170 http fetch GET 200 https://registry.npmjs.org/supports-preserve-symlinks-flag 1949ms (cache revalidated)
1171 http fetch GET 200 https://registry.npmjs.org/cross-spawn 1963ms (cache revalidated)
1172 http fetch GET 200 https://registry.npmjs.org/chalk 1969ms (cache revalidated)
1173 http fetch GET 200 https://registry.npmjs.org/harmony-reflect 2046ms (cache revalidated)
1174 http fetch GET 200 https://registry.npmjs.org/espree 2092ms (cache revalidated)
1175 http fetch GET 200 https://registry.npmjs.org/react-error-overlay 2008ms (cache revalidated)
1176 http fetch GET 200 https://registry.npmjs.org/recursive-readdir 2020ms (cache revalidated)
1177 http fetch GET 200 https://registry.npmjs.org/find-cache-dir 2454ms (cache revalidated)
1178 http fetch GET 200 https://registry.npmjs.org/pkg-up 2639ms (cache revalidated)
1179 http fetch GET 200 https://registry.npmjs.org/is-root 2674ms (cache revalidated)
1180 http fetch GET 200 https://registry.npmjs.org/global-modules 2690ms (cache revalidated)
1181 timing idealTree:node_modules/react-scripts Completed in 9054ms
1182 silly fetch manifest @babel/core@^7.0.0
1183 silly placeDep ROOT @babel/generator@7.28.3 OK for: @babel/core@7.28.4 want: ^7.28.3
1184 silly placeDep ROOT @babel/helper-compilation-targets@7.27.2 OK for: @babel/core@7.28.4 want: ^7.27.2
1185 silly placeDep ROOT @babel/helper-module-transforms@7.28.3 OK for: @babel/core@7.28.4 want: ^7.28.3
1186 silly placeDep ROOT @babel/helpers@7.28.4 OK for: @babel/core@7.28.4 want: ^7.28.4
1187 silly placeDep ROOT @babel/parser@7.28.4 OK for: @babel/core@7.28.4 want: ^7.28.4
1188 silly placeDep ROOT @babel/template@7.27.2 OK for: @babel/core@7.28.4 want: ^7.27.2
1189 silly placeDep ROOT @babel/traverse@7.28.4 OK for: @babel/core@7.28.4 want: ^7.28.4
1190 silly placeDep ROOT @babel/types@7.28.4 OK for: @babel/core@7.28.4 want: ^7.28.4
1191 silly placeDep ROOT convert-source-map@2.0.0 OK for: @babel/core@7.28.4 want: ^2.0.0
1192 silly placeDep ROOT debug@4.4.1 OK for: @babel/core@7.28.4 want: ^4.1.0
1193 silly placeDep ROOT gensync@1.0.0-beta.2 OK for: @babel/core@7.28.4 want: ^1.0.0-beta.2
1194 silly placeDep ROOT json5@2.2.3 OK for: @babel/core@7.28.4 want: ^2.2.3
1195 silly placeDep node_modules/@babel/core semver@6.3.1 OK for: @babel/core@7.28.4 want: ^6.3.1
1196 silly fetch manifest jsesc@^3.0.2
1197 silly fetch manifest lru-cache@^5.1.1
1198 silly fetch manifest @babel/compat-data@^7.27.2
1199 silly fetch manifest @babel/helper-validator-option@^7.27.1
1200 silly fetch manifest @babel/helper-module-imports@^7.27.1
1201 silly fetch manifest @babel/helper-globals@^7.28.0
1202 silly fetch manifest @babel/helper-string-parser@^7.27.1
1203 silly fetch manifest ms@^2.1.3
1204 http fetch GET 200 https://registry.npmjs.org/lru-cache 35ms (cache revalidated)
1205 http fetch GET 200 https://registry.npmjs.org/jsesc 39ms (cache revalidated)
1206 http fetch GET 200 https://registry.npmjs.org/ms 36ms (cache revalidated)
1207 http fetch GET 200 https://registry.npmjs.org/@babel%2fcompat-data 53ms (cache revalidated)
1208 http fetch GET 200 https://registry.npmjs.org/@babel%2fhelper-module-imports 53ms (cache revalidated)
1209 http fetch GET 200 https://registry.npmjs.org/@babel%2fhelper-globals 54ms (cache revalidated)
1210 http fetch GET 200 https://registry.npmjs.org/@babel%2fhelper-validator-option 56ms (cache revalidated)
1211 http fetch GET 200 https://registry.npmjs.org/@babel%2fhelper-string-parser 54ms (cache revalidated)
1212 timing idealTree:node_modules/@babel/core Completed in 78ms
1213 silly placeDep ROOT jsesc@3.1.0 OK for: @babel/generator@7.28.3 want: ^3.0.2
1214 timing idealTree:node_modules/@babel/generator Completed in 1ms
1215 silly placeDep ROOT @babel/compat-data@7.28.4 OK for: @babel/helper-compilation-targets@7.27.2 want: ^7.27.2
1216 silly placeDep ROOT @babel/helper-validator-option@7.27.1 OK for: @babel/helper-compilation-targets@7.27.2 want: ^7.27.1
1217 silly placeDep ROOT lru-cache@5.1.1 OK for: @babel/helper-compilation-targets@7.27.2 want: ^5.1.1
1218 silly placeDep node_modules/@babel/helper-compilation-targets semver@6.3.1 OK for: @babel/helper-compilation-targets@7.27.2 want: ^6.3.1
1219 silly fetch manifest yallist@^3.0.2
1220 timing idealTree:node_modules/@babel/helper-compilation-targets Completed in 11ms
1221 timing idealTree:node_modules/@babel/compat-data Completed in 0ms
1222 silly placeDep ROOT @babel/helper-module-imports@7.27.1 OK for: @babel/helper-module-transforms@7.28.3 want: ^7.27.1
1223 timing idealTree:node_modules/@babel/helper-module-transforms Completed in 1ms
1224 timing idealTree:node_modules/@babel/helper-module-imports Completed in 0ms
1225 timing idealTree:node_modules/@babel/helper-validator-option Completed in 0ms
1226 timing idealTree:node_modules/@babel/helpers Completed in 0ms
1227 timing idealTree:node_modules/@babel/parser Completed in 0ms
1228 timing idealTree:node_modules/@babel/template Completed in 0ms
1229 silly placeDep ROOT @babel/helper-globals@7.28.0 OK for: @babel/traverse@7.28.4 want: ^7.28.0
1230 timing idealTree:node_modules/@babel/traverse Completed in 1ms
1231 timing idealTree:node_modules/@babel/helper-globals Completed in 0ms
1232 silly placeDep ROOT @babel/helper-string-parser@7.27.1 OK for: @babel/types@7.28.4 want: ^7.27.1
1233 timing idealTree:node_modules/@babel/types Completed in 1ms
1234 timing idealTree:node_modules/@babel/helper-string-parser Completed in 0ms
1235 silly placeDep ROOT ansi-html@0.0.9 OK for: @pmmmwh/react-refresh-webpack-plugin@0.5.17 want: ^0.0.9
1236 silly placeDep ROOT core-js-pure@3.45.1 OK for: @pmmmwh/react-refresh-webpack-plugin@0.5.17 want: ^3.23.3
1237 silly placeDep ROOT error-stack-parser@2.1.4 OK for: @pmmmwh/react-refresh-webpack-plugin@0.5.17 want: ^2.0.6
1238 silly placeDep ROOT html-entities@2.6.0 OK for: @pmmmwh/react-refresh-webpack-plugin@0.5.17 want: ^2.1.0
1239 silly placeDep ROOT loader-utils@2.0.4 OK for: @pmmmwh/react-refresh-webpack-plugin@0.5.17 want: ^2.0.4
1240 silly placeDep ROOT schema-utils@4.3.2 OK for: @pmmmwh/react-refresh-webpack-plugin@0.5.17 want: ^4.2.0
1241 silly placeDep ROOT source-map@0.7.6 OK for: @pmmmwh/react-refresh-webpack-plugin@0.5.17 want: ^0.7.3
1242 silly fetch manifest stackframe@^1.3.4
1243 silly fetch manifest big.js@^5.2.2
1244 silly fetch manifest emojis-list@^3.0.0
1245 silly fetch manifest @types/json-schema@^7.0.9
1246 silly fetch manifest ajv@^8.9.0
1247 silly fetch manifest ajv-formats@^2.1.1
1248 silly fetch manifest ajv-keywords@^5.1.0
1249 http fetch GET 200 https://registry.npmjs.org/stackframe 37ms (cache revalidated)
1250 http fetch GET 200 https://registry.npmjs.org/ajv-formats 37ms (cache revalidated)
1251 http fetch GET 200 https://registry.npmjs.org/ajv-keywords 36ms (cache revalidated)
1252 http fetch GET 200 https://registry.npmjs.org/emojis-list 46ms (cache revalidated)
1253 http fetch GET 200 https://registry.npmjs.org/big.js 57ms (cache revalidated)
1254 timing idealTree:node_modules/@pmmmwh/react-refresh-webpack-plugin Completed in 68ms
1255 silly fetch manifest @babel/core@^7.12.3
1256 silly placeDep ROOT @babel/plugin-transform-react-constant-elements@7.27.1 OK for: @svgr/webpack@5.5.0 want: ^7.12.1
1257 silly placeDep ROOT @babel/preset-env@7.28.3 OK for: @svgr/webpack@5.5.0 want: ^7.12.1
1258 silly placeDep ROOT @babel/preset-react@7.27.1 OK for: @svgr/webpack@5.5.0 want: ^7.12.5
1259 silly placeDep ROOT @svgr/core@5.5.0 OK for: @svgr/webpack@5.5.0 want: ^5.5.0
1260 silly placeDep ROOT @svgr/plugin-jsx@5.5.0 OK for: @svgr/webpack@5.5.0 want: ^5.5.0
1261 silly placeDep ROOT @svgr/plugin-svgo@5.5.0 OK for: @svgr/webpack@5.5.0 want: ^5.5.0
1262 silly fetch manifest @babel/helper-plugin-utils@^7.27.1
1263 silly fetch manifest core-js-compat@^3.43.0
1264 silly fetch manifest @babel/preset-modules@0.1.6-no-external-plugins
1265 silly fetch manifest babel-plugin-polyfill-corejs2@^0.4.14
1266 silly fetch manifest babel-plugin-polyfill-corejs3@^0.13.0
1267 silly fetch manifest @babel/plugin-transform-for-of@^7.27.1
1268 silly fetch manifest @babel/plugin-transform-spread@^7.27.1
1269 silly fetch manifest @babel/plugin-transform-classes@^7.28.3
1270 silly fetch manifest @babel/plugin-transform-literals@^7.27.1
1271 silly fetch manifest babel-plugin-polyfill-regenerator@^0.6.5
1272 silly fetch manifest @babel/plugin-transform-new-target@^7.27.1
1273 silly fetch manifest @babel/plugin-transform-parameters@^7.27.7
1274 silly fetch manifest @babel/plugin-transform-modules-amd@^7.27.1
1275 silly fetch manifest @babel/plugin-transform-modules-umd@^7.27.1
1276 silly fetch manifest @babel/plugin-transform-regenerator@^7.28.3
1277 silly fetch manifest @babel/plugin-transform-dotall-regex@^7.27.1
1278 silly fetch manifest @babel/plugin-transform-json-strings@^7.27.1
1279 silly fetch manifest @babel/plugin-transform-object-super@^7.27.1
1280 silly fetch manifest @babel/plugin-transform-sticky-regex@^7.27.1
1281 silly fetch manifest @babel/plugin-transform-block-scoping@^7.28.0
1282 silly fetch manifest @babel/plugin-transform-destructuring@^7.28.0
1283 silly fetch manifest @babel/plugin-transform-function-name@^7.27.1
1284 silly fetch manifest @babel/plugin-transform-typeof-symbol@^7.27.1
1285 silly fetch manifest @babel/plugin-transform-unicode-regex@^7.27.1
1286 silly fetch manifest @babel/plugin-syntax-import-assertions@^7.27.1
1287 silly fetch manifest @babel/plugin-syntax-import-attributes@^7.27.1
1288 silly fetch manifest @babel/plugin-transform-duplicate-keys@^7.27.1
1289 silly fetch manifest @babel/plugin-transform-dynamic-import@^7.27.1
1290 silly fetch manifest @babel/plugin-transform-reserved-words@^7.27.1
1291 silly fetch manifest @babel/plugin-syntax-unicode-sets-regex@^7.18.6
1292 silly fetch manifest @babel/plugin-transform-arrow-functions@^7.27.1
1293 silly fetch manifest @babel/plugin-transform-private-methods@^7.27.1
1294 silly fetch manifest @babel/plugin-transform-unicode-escapes@^7.27.1
1295 silly fetch manifest @babel/plugin-transform-class-properties@^7.27.1
1296 silly fetch manifest @babel/plugin-transform-modules-commonjs@^7.27.1
1297 silly fetch manifest @babel/plugin-transform-modules-systemjs@^7.27.1
1298 silly fetch manifest @babel/plugin-transform-regexp-modifiers@^7.27.1
1299 silly fetch manifest @babel/plugin-transform-numeric-separator@^7.27.1
1300 silly fetch manifest @babel/plugin-transform-optional-chaining@^7.27.1
1301 silly fetch manifest @babel/plugin-transform-property-literals@^7.27.1
1302 silly fetch manifest @babel/plugin-transform-template-literals@^7.27.1
1303 silly fetch manifest @babel/plugin-transform-async-to-generator@^7.27.1
1304 silly fetch manifest @babel/plugin-transform-class-static-block@^7.28.3
1305 silly fetch manifest @babel/plugin-transform-object-rest-spread@^7.28.0
1306 silly fetch manifest @babel/plugin-transform-unicode-sets-regex@^7.27.1
1307 silly fetch manifest @babel/plugin-transform-computed-properties@^7.27.1
1308 silly fetch manifest @babel/plugin-transform-shorthand-properties@^7.27.1
1309 silly fetch manifest @babel/plugin-transform-export-namespace-from@^7.27.1
1310 silly fetch manifest @babel/plugin-transform-block-scoped-functions@^7.27.1
1311 silly fetch manifest @babel/plugin-transform-optional-catch-binding@^7.27.1
1312 silly fetch manifest @babel/plugin-transform-unicode-property-regex@^7.27.1
1313 silly fetch manifest @babel/plugin-transform-exponentiation-operator@^7.27.1
1314 silly fetch manifest @babel/plugin-proposal-private-property-in-object@7.21.0-placeholder-for-preset-env.2
1315 silly fetch manifest @babel/plugin-transform-async-generator-functions@^7.28.0
1316 silly fetch manifest @babel/plugin-transform-member-expression-literals@^7.27.1
1317 silly fetch manifest @babel/plugin-transform-private-property-in-object@^7.27.1
1318 silly fetch manifest @babel/plugin-transform-nullish-coalescing-operator@^7.27.1
1319 silly fetch manifest @babel/plugin-transform-explicit-resource-management@^7.28.0
1320 silly fetch manifest @babel/plugin-transform-logical-assignment-operators@^7.27.1
1321 silly fetch manifest @babel/plugin-transform-named-capturing-groups-regex@^7.27.1
1322 silly fetch manifest @babel/plugin-bugfix-firefox-class-in-computed-class-key@^7.27.1
1323 silly fetch manifest @babel/plugin-bugfix-safari-class-field-initializer-scope@^7.27.1
1324 silly fetch manifest @babel/plugin-bugfix-v8-static-class-fields-redefine-readonly@^7.28.3
1325 silly fetch manifest @babel/plugin-bugfix-v8-spread-parameters-in-optional-chaining@^7.27.1
1326 silly fetch manifest @babel/plugin-transform-duplicate-named-capturing-groups-regex@^7.27.1
1327 silly fetch manifest @babel/plugin-bugfix-safari-id-destructuring-collision-in-function-expression@^7.27.1
1328 silly fetch manifest @babel/plugin-transform-react-jsx@^7.27.1
1329 silly fetch manifest @babel/plugin-transform-react-display-name@^7.27.1
1330 silly fetch manifest @babel/plugin-transform-react-jsx-development@^7.27.1
1331 silly fetch manifest @babel/plugin-transform-react-pure-annotations@^7.27.1
1332 silly fetch manifest @svgr/babel-preset@^5.5.0
1333 silly fetch manifest @svgr/hast-util-to-babel-ast@^5.5.0
1334 silly fetch manifest svg-parser@^2.0.2
1335 silly fetch manifest deepmerge@^4.2.2
1336 silly fetch manifest svgo@^1.2.2
1337 http fetch GET 200 https://registry.npmjs.org/svgo 123ms (cache hit)
1338 http fetch GET 200 https://registry.npmjs.org/@babel%2fplugin-transform-dotall-regex 182ms (cache revalidated)
1339 http fetch GET 200 https://registry.npmjs.org/@babel%2fplugin-bugfix-v8-static-class-fields-redefine-readonly 153ms (cache revalidated)
1340 http fetch GET 200 https://registry.npmjs.org/@babel%2fplugin-transform-regenerator 185ms (cache revalidated)
1341 http fetch GET 200 https://registry.npmjs.org/@babel%2fplugin-bugfix-safari-class-field-initializer-scope 158ms (cache revalidated)
1342 http fetch GET 200 https://registry.npmjs.org/@babel%2fplugin-transform-duplicate-named-capturing-groups-regex 157ms (cache revalidated)
1343 http fetch GET 200 https://registry.npmjs.org/@babel%2fplugin-transform-react-pure-annotations 166ms (cache revalidated)
1344 http fetch GET 200 https://registry.npmjs.org/@babel%2fplugin-bugfix-safari-id-destructuring-collision-in-function-expression 169ms (cache revalidated)
1345 http fetch GET 200 https://registry.npmjs.org/@babel%2fplugin-transform-modules-umd 203ms (cache revalidated)
1346 http fetch GET 200 https://registry.npmjs.org/@babel%2fplugin-bugfix-v8-spread-parameters-in-optional-chaining 171ms (cache revalidated)
1347 http fetch GET 200 https://registry.npmjs.org/@babel%2fplugin-transform-member-expression-literals 179ms (cache revalidated)
1348 http fetch GET 200 https://registry.npmjs.org/@babel%2fplugin-transform-react-jsx 173ms (cache revalidated)
1349 http fetch GET 200 https://registry.npmjs.org/@babel%2fplugin-transform-react-jsx-development 173ms (cache revalidated)
1350 http fetch GET 200 https://registry.npmjs.org/@babel%2fplugin-transform-block-scoping 205ms (cache revalidated)
1351 http fetch GET 200 https://registry.npmjs.org/@svgr%2fbabel-preset 188ms (cache revalidated)
1352 http fetch GET 200 https://registry.npmjs.org/@babel%2fplugin-transform-private-property-in-object 198ms (cache revalidated)
1353 http fetch GET 200 https://registry.npmjs.org/core-js-compat 235ms (cache revalidated)
1354 http fetch GET 200 https://registry.npmjs.org/@babel%2fplugin-transform-object-super 227ms (cache revalidated)
1355 http fetch GET 200 https://registry.npmjs.org/@babel%2fplugin-transform-json-strings 229ms (cache revalidated)
1356 http fetch GET 200 https://registry.npmjs.org/babel-plugin-polyfill-corejs3 235ms (cache revalidated)
1357 http fetch GET 200 https://registry.npmjs.org/babel-plugin-polyfill-corejs2 237ms (cache revalidated)
1358 http fetch GET 200 https://registry.npmjs.org/@babel%2fplugin-transform-destructuring 228ms (cache revalidated)
1359 http fetch GET 200 https://registry.npmjs.org/@babel%2fhelper-plugin-utils 247ms (cache revalidated)
1360 http fetch GET 200 https://registry.npmjs.org/@babel%2fplugin-transform-function-name 234ms (cache revalidated)
1361 http fetch GET 200 https://registry.npmjs.org/@babel%2fplugin-transform-sticky-regex 238ms (cache revalidated)
1362 http fetch GET 200 https://registry.npmjs.org/@babel%2fplugin-transform-spread 246ms (cache revalidated)
1363 http fetch GET 200 https://registry.npmjs.org/@babel%2fpreset-modules 248ms (cache revalidated)
1364 http fetch GET 200 https://registry.npmjs.org/@babel%2fplugin-transform-new-target 249ms (cache revalidated)
1365 http fetch GET 200 https://registry.npmjs.org/@babel%2fplugin-transform-classes 251ms (cache revalidated)
1366 http fetch GET 200 https://registry.npmjs.org/babel-plugin-polyfill-regenerator 253ms (cache revalidated)
1367 http fetch GET 200 https://registry.npmjs.org/@babel%2fplugin-transform-parameters 258ms (cache revalidated)
1368 http fetch GET 200 https://registry.npmjs.org/@babel%2fplugin-transform-literals 275ms (cache revalidated)
1369 http fetch GET 200 https://registry.npmjs.org/@babel%2fplugin-syntax-import-attributes 278ms (cache revalidated)
1370 http fetch GET 200 https://registry.npmjs.org/@babel%2fplugin-transform-typeof-symbol 280ms (cache revalidated)
1371 http fetch GET 200 https://registry.npmjs.org/@babel%2fplugin-transform-for-of 292ms (cache revalidated)
1372 http fetch GET 200 https://registry.npmjs.org/@babel%2fplugin-transform-modules-amd 289ms (cache revalidated)
1373 http fetch GET 200 https://registry.npmjs.org/@babel%2fplugin-transform-async-to-generator 270ms (cache revalidated)
1374 http fetch GET 200 https://registry.npmjs.org/@babel%2fplugin-transform-unicode-regex 287ms (cache revalidated)
1375 http fetch GET 200 https://registry.npmjs.org/@babel%2fplugin-transform-private-methods 284ms (cache revalidated)
1376 http fetch GET 200 https://registry.npmjs.org/@babel%2fplugin-syntax-import-assertions 292ms (cache revalidated)
1377 http fetch GET 200 https://registry.npmjs.org/@babel%2fplugin-syntax-unicode-sets-regex 294ms (cache revalidated)
1378 http fetch GET 200 https://registry.npmjs.org/@babel%2fplugin-transform-modules-commonjs 291ms (cache revalidated)
1379 http fetch GET 200 https://registry.npmjs.org/@babel%2fplugin-transform-reserved-words 298ms (cache revalidated)
1380 http fetch GET 200 https://registry.npmjs.org/@babel%2fplugin-transform-dynamic-import 299ms (cache revalidated)
1381 http fetch GET 200 https://registry.npmjs.org/@babel%2fplugin-transform-arrow-functions 303ms (cache revalidated)
1382 http fetch GET 200 https://registry.npmjs.org/@babel%2fplugin-transform-unicode-escapes 303ms (cache revalidated)
1383 http fetch GET 200 https://registry.npmjs.org/@babel%2fplugin-transform-class-properties 305ms (cache revalidated)
1384 http fetch GET 200 https://registry.npmjs.org/@babel%2fplugin-transform-export-namespace-from 293ms (cache revalidated)
1385 http fetch GET 200 https://registry.npmjs.org/@babel%2fplugin-transform-modules-systemjs 306ms (cache revalidated)
1386 http fetch GET 200 https://registry.npmjs.org/@babel%2fplugin-transform-numeric-separator 307ms (cache revalidated)
1387 http fetch GET 200 https://registry.npmjs.org/@babel%2fplugin-transform-block-scoped-functions 298ms (cache revalidated)
1388 http fetch GET 200 https://registry.npmjs.org/@babel%2fplugin-transform-regexp-modifiers 310ms (cache revalidated)
1389 http fetch GET 200 https://registry.npmjs.org/@babel%2fplugin-transform-unicode-sets-regex 302ms (cache revalidated)
1390 http fetch GET 200 https://registry.npmjs.org/@babel%2fplugin-transform-optional-catch-binding 315ms (cache revalidated)
1391 http fetch GET 200 https://registry.npmjs.org/@babel%2fplugin-transform-unicode-property-regex 315ms (cache revalidated)
1392 http fetch GET 200 https://registry.npmjs.org/@babel%2fplugin-transform-shorthand-properties 320ms (cache revalidated)
1393 http fetch GET 200 https://registry.npmjs.org/@babel%2fplugin-transform-optional-chaining 333ms (cache revalidated)
1394 http fetch GET 200 https://registry.npmjs.org/@babel%2fplugin-transform-property-literals 334ms (cache revalidated)
1395 http fetch GET 200 https://registry.npmjs.org/@babel%2fplugin-transform-template-literals 335ms (cache revalidated)
1396 http fetch GET 200 https://registry.npmjs.org/@babel%2fplugin-transform-class-static-block 336ms (cache revalidated)
1397 http fetch GET 200 https://registry.npmjs.org/@babel%2fplugin-bugfix-firefox-class-in-computed-class-key 326ms (cache revalidated)
1398 http fetch GET 200 https://registry.npmjs.org/@babel%2fplugin-transform-async-generator-functions 330ms (cache revalidated)
1399 http fetch GET 200 https://registry.npmjs.org/@babel%2fplugin-transform-named-capturing-groups-regex 327ms (cache revalidated)
1400 http fetch GET 200 https://registry.npmjs.org/@babel%2fplugin-transform-explicit-resource-management 331ms (cache revalidated)
1401 http fetch GET 200 https://registry.npmjs.org/@babel%2fplugin-transform-object-rest-spread 341ms (cache revalidated)
1402 http fetch GET 200 https://registry.npmjs.org/@babel%2fplugin-transform-exponentiation-operator 337ms (cache revalidated)
1403 http fetch GET 200 https://registry.npmjs.org/@babel%2fplugin-transform-logical-assignment-operators 334ms (cache revalidated)
1404 http fetch GET 200 https://registry.npmjs.org/@babel%2fplugin-transform-nullish-coalescing-operator 337ms (cache revalidated)
1405 http fetch GET 200 https://registry.npmjs.org/svg-parser 328ms (cache revalidated)
1406 http fetch GET 200 https://registry.npmjs.org/deepmerge 321ms (cache revalidated)
1407 http fetch GET 200 https://registry.npmjs.org/@svgr%2fhast-util-to-babel-ast 332ms (cache revalidated)
1408 http fetch GET 200 https://registry.npmjs.org/@babel%2fplugin-transform-computed-properties 954ms (cache revalidated)
1409 http fetch GET 200 https://registry.npmjs.org/@babel%2fplugin-transform-duplicate-keys 1681ms (cache revalidated)
1410 timing idealTree:node_modules/@svgr/webpack Completed in 1707ms
1411 silly placeDep ROOT @babel/helper-plugin-utils@7.27.1 OK for: @babel/plugin-transform-react-constant-elements@7.27.1 want: ^7.27.1
1412 timing idealTree:node_modules/@babel/plugin-transform-react-constant-elements Completed in 1ms
1413 timing idealTree:node_modules/@babel/helper-plugin-utils Completed in 0ms
1414 silly fetch manifest @babel/core@^7.0.0-0
1415 silly placeDep ROOT @babel/plugin-bugfix-firefox-class-in-computed-class-key@7.27.1 OK for: @babel/preset-env@7.28.3 want: ^7.27.1
1416 silly placeDep ROOT @babel/plugin-bugfix-safari-class-field-initializer-scope@7.27.1 OK for: @babel/preset-env@7.28.3 want: ^7.27.1
1417 silly placeDep ROOT @babel/plugin-bugfix-safari-id-destructuring-collision-in-function-expression@7.27.1 OK for: @babel/preset-env@7.28.3 want: ^7.27.1
1418 silly placeDep ROOT @babel/plugin-bugfix-v8-spread-parameters-in-optional-chaining@7.27.1 OK for: @babel/preset-env@7.28.3 want: ^7.27.1
1419 silly placeDep ROOT @babel/plugin-bugfix-v8-static-class-fields-redefine-readonly@7.28.3 OK for: @babel/preset-env@7.28.3 want: ^7.28.3
1420 silly placeDep ROOT @babel/plugin-proposal-private-property-in-object@7.21.0-placeholder-for-preset-env.2 OK for: @babel/preset-env@7.28.3 want: 7.21.0-placeholder-for-preset-env.2
1421 silly placeDep ROOT @babel/plugin-syntax-import-assertions@7.27.1 OK for: @babel/preset-env@7.28.3 want: ^7.27.1
1422 silly placeDep ROOT @babel/plugin-syntax-import-attributes@7.27.1 OK for: @babel/preset-env@7.28.3 want: ^7.27.1
1423 silly placeDep ROOT @babel/plugin-syntax-unicode-sets-regex@7.18.6 OK for: @babel/preset-env@7.28.3 want: ^7.18.6
1424 silly placeDep ROOT @babel/plugin-transform-arrow-functions@7.27.1 OK for: @babel/preset-env@7.28.3 want: ^7.27.1
1425 silly placeDep ROOT @babel/plugin-transform-async-generator-functions@7.28.0 OK for: @babel/preset-env@7.28.3 want: ^7.28.0
1426 silly placeDep ROOT @babel/plugin-transform-async-to-generator@7.27.1 OK for: @babel/preset-env@7.28.3 want: ^7.27.1
1427 silly placeDep ROOT @babel/plugin-transform-block-scoped-functions@7.27.1 OK for: @babel/preset-env@7.28.3 want: ^7.27.1
1428 silly placeDep ROOT @babel/plugin-transform-block-scoping@7.28.4 OK for: @babel/preset-env@7.28.3 want: ^7.28.0
1429 silly placeDep ROOT @babel/plugin-transform-class-properties@7.27.1 OK for: @babel/preset-env@7.28.3 want: ^7.27.1
1430 silly placeDep ROOT @babel/plugin-transform-class-static-block@7.28.3 OK for: @babel/preset-env@7.28.3 want: ^7.28.3
1431 silly placeDep ROOT @babel/plugin-transform-classes@7.28.4 OK for: @babel/preset-env@7.28.3 want: ^7.28.3
1432 silly placeDep ROOT @babel/plugin-transform-computed-properties@7.27.1 OK for: @babel/preset-env@7.28.3 want: ^7.27.1
1433 silly placeDep ROOT @babel/plugin-transform-destructuring@7.28.0 OK for: @babel/preset-env@7.28.3 want: ^7.28.0
1434 silly placeDep ROOT @babel/plugin-transform-dotall-regex@7.27.1 OK for: @babel/preset-env@7.28.3 want: ^7.27.1
1435 silly placeDep ROOT @babel/plugin-transform-duplicate-keys@7.27.1 OK for: @babel/preset-env@7.28.3 want: ^7.27.1
1436 silly placeDep ROOT @babel/plugin-transform-duplicate-named-capturing-groups-regex@7.27.1 OK for: @babel/preset-env@7.28.3 want: ^7.27.1
1437 silly placeDep ROOT @babel/plugin-transform-dynamic-import@7.27.1 OK for: @babel/preset-env@7.28.3 want: ^7.27.1
1438 silly placeDep ROOT @babel/plugin-transform-explicit-resource-management@7.28.0 OK for: @babel/preset-env@7.28.3 want: ^7.28.0
1439 silly placeDep ROOT @babel/plugin-transform-exponentiation-operator@7.27.1 OK for: @babel/preset-env@7.28.3 want: ^7.27.1
1440 silly placeDep ROOT @babel/plugin-transform-export-namespace-from@7.27.1 OK for: @babel/preset-env@7.28.3 want: ^7.27.1
1441 silly placeDep ROOT @babel/plugin-transform-for-of@7.27.1 OK for: @babel/preset-env@7.28.3 want: ^7.27.1
1442 silly placeDep ROOT @babel/plugin-transform-function-name@7.27.1 OK for: @babel/preset-env@7.28.3 want: ^7.27.1
1443 silly placeDep ROOT @babel/plugin-transform-json-strings@7.27.1 OK for: @babel/preset-env@7.28.3 want: ^7.27.1
1444 silly placeDep ROOT @babel/plugin-transform-literals@7.27.1 OK for: @babel/preset-env@7.28.3 want: ^7.27.1
1445 silly placeDep ROOT @babel/plugin-transform-logical-assignment-operators@7.27.1 OK for: @babel/preset-env@7.28.3 want: ^7.27.1
1446 silly placeDep ROOT @babel/plugin-transform-member-expression-literals@7.27.1 OK for: @babel/preset-env@7.28.3 want: ^7.27.1
1447 silly placeDep ROOT @babel/plugin-transform-modules-amd@7.27.1 OK for: @babel/preset-env@7.28.3 want: ^7.27.1
1448 silly placeDep ROOT @babel/plugin-transform-modules-commonjs@7.27.1 OK for: @babel/preset-env@7.28.3 want: ^7.27.1
1449 silly placeDep ROOT @babel/plugin-transform-modules-systemjs@7.27.1 OK for: @babel/preset-env@7.28.3 want: ^7.27.1
1450 silly placeDep ROOT @babel/plugin-transform-modules-umd@7.27.1 OK for: @babel/preset-env@7.28.3 want: ^7.27.1
1451 silly placeDep ROOT @babel/plugin-transform-named-capturing-groups-regex@7.27.1 OK for: @babel/preset-env@7.28.3 want: ^7.27.1
1452 silly placeDep ROOT @babel/plugin-transform-new-target@7.27.1 OK for: @babel/preset-env@7.28.3 want: ^7.27.1
1453 silly placeDep ROOT @babel/plugin-transform-nullish-coalescing-operator@7.27.1 OK for: @babel/preset-env@7.28.3 want: ^7.27.1
1454 silly placeDep ROOT @babel/plugin-transform-numeric-separator@7.27.1 OK for: @babel/preset-env@7.28.3 want: ^7.27.1
1455 silly placeDep ROOT @babel/plugin-transform-object-rest-spread@7.28.4 OK for: @babel/preset-env@7.28.3 want: ^7.28.0
1456 silly placeDep ROOT @babel/plugin-transform-object-super@7.27.1 OK for: @babel/preset-env@7.28.3 want: ^7.27.1
1457 silly placeDep ROOT @babel/plugin-transform-optional-catch-binding@7.27.1 OK for: @babel/preset-env@7.28.3 want: ^7.27.1
1458 silly placeDep ROOT @babel/plugin-transform-optional-chaining@7.27.1 OK for: @babel/preset-env@7.28.3 want: ^7.27.1
1459 silly placeDep ROOT @babel/plugin-transform-parameters@7.27.7 OK for: @babel/preset-env@7.28.3 want: ^7.27.7
1460 silly placeDep ROOT @babel/plugin-transform-private-methods@7.27.1 OK for: @babel/preset-env@7.28.3 want: ^7.27.1
1461 silly placeDep ROOT @babel/plugin-transform-private-property-in-object@7.27.1 OK for: @babel/preset-env@7.28.3 want: ^7.27.1
1462 silly placeDep ROOT @babel/plugin-transform-property-literals@7.27.1 OK for: @babel/preset-env@7.28.3 want: ^7.27.1
1463 silly placeDep ROOT @babel/plugin-transform-regenerator@7.28.4 OK for: @babel/preset-env@7.28.3 want: ^7.28.3
1464 silly placeDep ROOT @babel/plugin-transform-regexp-modifiers@7.27.1 OK for: @babel/preset-env@7.28.3 want: ^7.27.1
1465 silly placeDep ROOT @babel/plugin-transform-reserved-words@7.27.1 OK for: @babel/preset-env@7.28.3 want: ^7.27.1
1466 silly placeDep ROOT @babel/plugin-transform-shorthand-properties@7.27.1 OK for: @babel/preset-env@7.28.3 want: ^7.27.1
1467 silly placeDep ROOT @babel/plugin-transform-spread@7.27.1 OK for: @babel/preset-env@7.28.3 want: ^7.27.1
1468 silly placeDep ROOT @babel/plugin-transform-sticky-regex@7.27.1 OK for: @babel/preset-env@7.28.3 want: ^7.27.1
1469 silly placeDep ROOT @babel/plugin-transform-template-literals@7.27.1 OK for: @babel/preset-env@7.28.3 want: ^7.27.1
1470 silly placeDep ROOT @babel/plugin-transform-typeof-symbol@7.27.1 OK for: @babel/preset-env@7.28.3 want: ^7.27.1
1471 silly placeDep ROOT @babel/plugin-transform-unicode-escapes@7.27.1 OK for: @babel/preset-env@7.28.3 want: ^7.27.1
1472 silly placeDep ROOT @babel/plugin-transform-unicode-property-regex@7.27.1 OK for: @babel/preset-env@7.28.3 want: ^7.27.1
1473 silly placeDep ROOT @babel/plugin-transform-unicode-regex@7.27.1 OK for: @babel/preset-env@7.28.3 want: ^7.27.1
1474 silly placeDep ROOT @babel/plugin-transform-unicode-sets-regex@7.27.1 OK for: @babel/preset-env@7.28.3 want: ^7.27.1
1475 silly placeDep ROOT @babel/preset-modules@0.1.6-no-external-plugins OK for: @babel/preset-env@7.28.3 want: 0.1.6-no-external-plugins
1476 silly placeDep ROOT babel-plugin-polyfill-corejs2@0.4.14 OK for: @babel/preset-env@7.28.3 want: ^0.4.14
1477 silly placeDep ROOT babel-plugin-polyfill-corejs3@0.13.0 OK for: @babel/preset-env@7.28.3 want: ^0.13.0
1478 silly placeDep ROOT babel-plugin-polyfill-regenerator@0.6.5 OK for: @babel/preset-env@7.28.3 want: ^0.6.5
1479 silly placeDep ROOT core-js-compat@3.45.1 OK for: @babel/preset-env@7.28.3 want: ^3.43.0
1480 silly placeDep node_modules/@babel/preset-env semver@6.3.1 OK for: @babel/preset-env@7.28.3 want: ^6.3.1
1481 silly fetch manifest @babel/helper-skip-transparent-expression-wrappers@^7.27.1
1482 silly fetch manifest @babel/helper-create-regexp-features-plugin@^7.18.6
1483 silly fetch manifest @babel/helper-remap-async-to-generator@^7.27.1
1484 silly fetch manifest @babel/helper-create-class-features-plugin@^7.27.1
1485 silly fetch manifest @babel/helper-create-class-features-plugin@^7.28.3
1486 silly fetch manifest @babel/helper-replace-supers@^7.27.1
1487 silly fetch manifest @babel/helper-annotate-as-pure@^7.27.3
1488 silly fetch manifest @babel/helper-create-regexp-features-plugin@^7.27.1
1489 silly fetch manifest @babel/helper-annotate-as-pure@^7.27.1
1490 silly fetch manifest @babel/helper-define-polyfill-provider@^0.6.5
1491 http fetch GET 200 https://registry.npmjs.org/@babel%2fhelper-create-class-features-plugin 42ms (cache revalidated)
1492 http fetch GET 200 https://registry.npmjs.org/@babel%2fhelper-replace-supers 49ms (cache revalidated)
1493 http fetch GET 200 https://registry.npmjs.org/@babel%2fhelper-create-class-features-plugin 52ms (cache revalidated)
1494 http fetch GET 200 https://registry.npmjs.org/@babel%2fhelper-remap-async-to-generator 59ms (cache revalidated)
1495 http fetch GET 200 https://registry.npmjs.org/@babel%2fhelper-create-regexp-features-plugin 57ms (cache revalidated)
1496 http fetch GET 200 https://registry.npmjs.org/@babel%2fhelper-annotate-as-pure 62ms (cache revalidated)
1497 http fetch GET 200 https://registry.npmjs.org/@babel%2fhelper-create-regexp-features-plugin 68ms (cache revalidated)
1498 http fetch GET 200 https://registry.npmjs.org/@babel%2fhelper-skip-transparent-expression-wrappers 70ms (cache revalidated)
1499 http fetch GET 200 https://registry.npmjs.org/@babel%2fhelper-define-polyfill-provider 64ms (cache revalidated)
1500 http fetch GET 200 https://registry.npmjs.org/@babel%2fhelper-annotate-as-pure 69ms (cache revalidated)
1501 timing idealTree:node_modules/@babel/preset-env Completed in 196ms
1502 timing idealTree:node_modules/@babel/plugin-bugfix-firefox-class-in-computed-class-key Completed in 1ms
1503 timing idealTree:node_modules/@babel/plugin-bugfix-safari-class-field-initializer-scope Completed in 0ms
1504 timing idealTree:node_modules/@babel/plugin-bugfix-safari-id-destructuring-collision-in-function-expression Completed in 0ms
1505 silly placeDep ROOT @babel/helper-skip-transparent-expression-wrappers@7.27.1 OK for: @babel/plugin-bugfix-v8-spread-parameters-in-optional-chaining@7.27.1 want: ^7.27.1
1506 timing idealTree:node_modules/@babel/plugin-bugfix-v8-spread-parameters-in-optional-chaining Completed in 4ms
1507 timing idealTree:node_modules/@babel/helper-skip-transparent-expression-wrappers Completed in 0ms
1508 timing idealTree:node_modules/@babel/plugin-bugfix-v8-static-class-fields-redefine-readonly Completed in 0ms
1509 timing idealTree:node_modules/@babel/plugin-proposal-private-property-in-object Completed in 0ms
1510 timing idealTree:node_modules/@babel/plugin-syntax-import-assertions Completed in 0ms
1511 timing idealTree:node_modules/@babel/plugin-syntax-import-attributes Completed in 0ms
1512 silly placeDep ROOT @babel/helper-create-regexp-features-plugin@7.27.1 OK for: @babel/plugin-syntax-unicode-sets-regex@7.18.6 want: ^7.18.6
1513 silly fetch manifest regexpu-core@^6.2.0
1514 http fetch GET 200 https://registry.npmjs.org/regexpu-core 33ms (cache revalidated)
1515 timing idealTree:node_modules/@babel/plugin-syntax-unicode-sets-regex Completed in 39ms
1516 silly placeDep ROOT @babel/helper-annotate-as-pure@7.27.3 OK for: @babel/helper-create-regexp-features-plugin@7.27.1 want: ^7.27.1
1517 silly placeDep ROOT regexpu-core@6.3.1 OK for: @babel/helper-create-regexp-features-plugin@7.27.1 want: ^6.2.0
1518 silly placeDep node_modules/@babel/helper-create-regexp-features-plugin semver@6.3.1 OK for: @babel/helper-create-regexp-features-plugin@7.27.1 want: ^6.3.1
1519 silly fetch manifest regenerate@^1.4.2
1520 silly fetch manifest regenerate-unicode-properties@^10.2.2
1521 silly fetch manifest regjsgen@^0.8.0
1522 silly fetch manifest regjsparser@^0.12.0
1523 silly fetch manifest unicode-match-property-ecmascript@^2.0.0
1524 silly fetch manifest unicode-match-property-value-ecmascript@^2.2.1
1525 http fetch GET 200 https://registry.npmjs.org/regenerate-unicode-properties 36ms (cache revalidated)
1526 http fetch GET 200 https://registry.npmjs.org/regenerate 42ms (cache revalidated)
1527 http fetch GET 200 https://registry.npmjs.org/regjsparser 41ms (cache revalidated)
1528 http fetch GET 200 https://registry.npmjs.org/unicode-match-property-ecmascript 41ms (cache revalidated)
1529 http fetch GET 200 https://registry.npmjs.org/regjsgen 43ms (cache revalidated)
1530 http fetch GET 200 https://registry.npmjs.org/unicode-match-property-value-ecmascript 45ms (cache revalidated)
1531 timing idealTree:node_modules/@babel/helper-create-regexp-features-plugin Completed in 56ms
1532 timing idealTree:node_modules/@babel/helper-annotate-as-pure Completed in 1ms
1533 timing idealTree:node_modules/@babel/plugin-transform-arrow-functions Completed in 0ms
1534 silly placeDep ROOT @babel/helper-remap-async-to-generator@7.27.1 OK for: @babel/plugin-transform-async-generator-functions@7.28.0 want: ^7.27.1
1535 silly fetch manifest @babel/helper-wrap-function@^7.27.1
1536 http fetch GET 200 https://registry.npmjs.org/@babel%2fhelper-wrap-function 49ms (cache revalidated)
1537 timing idealTree:node_modules/@babel/plugin-transform-async-generator-functions Completed in 53ms
1538 silly placeDep ROOT @babel/helper-wrap-function@7.28.3 OK for: @babel/helper-remap-async-to-generator@7.27.1 want: ^7.27.1
1539 timing idealTree:node_modules/@babel/helper-remap-async-to-generator Completed in 1ms
1540 timing idealTree:node_modules/@babel/helper-wrap-function Completed in 0ms
1541 timing idealTree:node_modules/@babel/plugin-transform-async-to-generator Completed in 0ms
1542 timing idealTree:node_modules/@babel/plugin-transform-block-scoped-functions Completed in 0ms
1543 timing idealTree:node_modules/@babel/plugin-transform-block-scoping Completed in 0ms
1544 silly placeDep ROOT @babel/helper-create-class-features-plugin@7.28.3 OK for: @babel/plugin-transform-class-properties@7.27.1 want: ^7.27.1
1545 silly fetch manifest @babel/helper-optimise-call-expression@^7.27.1
1546 silly fetch manifest @babel/helper-member-expression-to-functions@^7.27.1
1547 http fetch GET 200 https://registry.npmjs.org/@babel%2fhelper-optimise-call-expression 29ms (cache revalidated)
1548 http fetch GET 200 https://registry.npmjs.org/@babel%2fhelper-member-expression-to-functions 34ms (cache revalidated)
1549 timing idealTree:node_modules/@babel/plugin-transform-class-properties Completed in 39ms
1550 silly placeDep ROOT @babel/helper-member-expression-to-functions@7.27.1 OK for: @babel/helper-create-class-features-plugin@7.28.3 want: ^7.27.1
1551 silly placeDep ROOT @babel/helper-optimise-call-expression@7.27.1 OK for: @babel/helper-create-class-features-plugin@7.28.3 want: ^7.27.1
1552 silly placeDep ROOT @babel/helper-replace-supers@7.27.1 OK for: @babel/helper-create-class-features-plugin@7.28.3 want: ^7.27.1
1553 silly placeDep node_modules/@babel/helper-create-class-features-plugin semver@6.3.1 OK for: @babel/helper-create-class-features-plugin@7.28.3 want: ^6.3.1
1554 timing idealTree:node_modules/@babel/helper-create-class-features-plugin Completed in 12ms
1555 timing idealTree:node_modules/@babel/helper-member-expression-to-functions Completed in 0ms
1556 timing idealTree:node_modules/@babel/helper-optimise-call-expression Completed in 0ms
1557 timing idealTree:node_modules/@babel/helper-replace-supers Completed in 0ms
1558 timing idealTree:node_modules/@babel/plugin-transform-class-static-block Completed in 0ms
1559 timing idealTree:node_modules/@babel/plugin-transform-classes Completed in 0ms
1560 timing idealTree:node_modules/@babel/plugin-transform-computed-properties Completed in 0ms
1561 timing idealTree:node_modules/@babel/plugin-transform-destructuring Completed in 0ms
1562 timing idealTree:node_modules/@babel/plugin-transform-dotall-regex Completed in 0ms
1563 timing idealTree:node_modules/@babel/plugin-transform-duplicate-keys Completed in 0ms
1564 timing idealTree:node_modules/@babel/plugin-transform-duplicate-named-capturing-groups-regex Completed in 0ms
1565 timing idealTree:node_modules/@babel/plugin-transform-dynamic-import Completed in 0ms
1566 timing idealTree:node_modules/@babel/plugin-transform-explicit-resource-management Completed in 0ms
1567 timing idealTree:node_modules/@babel/plugin-transform-exponentiation-operator Completed in 0ms
1568 timing idealTree:node_modules/@babel/plugin-transform-export-namespace-from Completed in 0ms
1569 timing idealTree:node_modules/@babel/plugin-transform-for-of Completed in 0ms
1570 timing idealTree:node_modules/@babel/plugin-transform-function-name Completed in 0ms
1571 timing idealTree:node_modules/@babel/plugin-transform-json-strings Completed in 0ms
1572 timing idealTree:node_modules/@babel/plugin-transform-literals Completed in 1ms
1573 timing idealTree:node_modules/@babel/plugin-transform-logical-assignment-operators Completed in 0ms
1574 timing idealTree:node_modules/@babel/plugin-transform-member-expression-literals Completed in 0ms
1575 timing idealTree:node_modules/@babel/plugin-transform-modules-amd Completed in 0ms
1576 timing idealTree:node_modules/@babel/plugin-transform-modules-commonjs Completed in 0ms
1577 timing idealTree:node_modules/@babel/plugin-transform-modules-systemjs Completed in 0ms
1578 timing idealTree:node_modules/@babel/plugin-transform-modules-umd Completed in 0ms
1579 timing idealTree:node_modules/@babel/plugin-transform-named-capturing-groups-regex Completed in 0ms
1580 timing idealTree:node_modules/@babel/plugin-transform-new-target Completed in 0ms
1581 timing idealTree:node_modules/@babel/plugin-transform-nullish-coalescing-operator Completed in 0ms
1582 timing idealTree:node_modules/@babel/plugin-transform-numeric-separator Completed in 0ms
1583 timing idealTree:node_modules/@babel/plugin-transform-object-rest-spread Completed in 0ms
1584 timing idealTree:node_modules/@babel/plugin-transform-object-super Completed in 0ms
1585 timing idealTree:node_modules/@babel/plugin-transform-optional-catch-binding Completed in 0ms
1586 timing idealTree:node_modules/@babel/plugin-transform-optional-chaining Completed in 0ms
1587 timing idealTree:node_modules/@babel/plugin-transform-parameters Completed in 0ms
1588 timing idealTree:node_modules/@babel/plugin-transform-private-methods Completed in 0ms
1589 timing idealTree:node_modules/@babel/plugin-transform-private-property-in-object Completed in 0ms
1590 timing idealTree:node_modules/@babel/plugin-transform-property-literals Completed in 0ms
1591 timing idealTree:node_modules/@babel/plugin-transform-regenerator Completed in 0ms
1592 timing idealTree:node_modules/@babel/plugin-transform-regexp-modifiers Completed in 0ms
1593 timing idealTree:node_modules/@babel/plugin-transform-reserved-words Completed in 0ms
1594 timing idealTree:node_modules/@babel/plugin-transform-shorthand-properties Completed in 0ms
1595 timing idealTree:node_modules/@babel/plugin-transform-spread Completed in 0ms
1596 timing idealTree:node_modules/@babel/plugin-transform-sticky-regex Completed in 0ms
1597 timing idealTree:node_modules/@babel/plugin-transform-template-literals Completed in 0ms
1598 timing idealTree:node_modules/@babel/plugin-transform-typeof-symbol Completed in 0ms
1599 timing idealTree:node_modules/@babel/plugin-transform-unicode-escapes Completed in 0ms
1600 timing idealTree:node_modules/@babel/plugin-transform-unicode-property-regex Completed in 0ms
1601 timing idealTree:node_modules/@babel/plugin-transform-unicode-regex Completed in 0ms
1602 timing idealTree:node_modules/@babel/plugin-transform-unicode-sets-regex Completed in 0ms
1603 silly placeDep ROOT esutils@2.0.3 OK for: @babel/preset-modules@0.1.6-no-external-plugins want: ^2.0.2
1604 timing idealTree:node_modules/@babel/preset-modules Completed in 1ms
1605 silly placeDep ROOT @babel/plugin-transform-react-display-name@7.28.0 OK for: @babel/preset-react@7.27.1 want: ^7.27.1
1606 silly placeDep ROOT @babel/plugin-transform-react-jsx@7.27.1 OK for: @babel/preset-react@7.27.1 want: ^7.27.1
1607 silly placeDep ROOT @babel/plugin-transform-react-jsx-development@7.27.1 OK for: @babel/preset-react@7.27.1 want: ^7.27.1
1608 silly placeDep ROOT @babel/plugin-transform-react-pure-annotations@7.27.1 OK for: @babel/preset-react@7.27.1 want: ^7.27.1
1609 silly fetch manifest @babel/plugin-syntax-jsx@^7.27.1
1610 http fetch GET 200 https://registry.npmjs.org/@babel%2fplugin-syntax-jsx 129ms (cache revalidated)
1611 timing idealTree:node_modules/@babel/preset-react Completed in 141ms
1612 timing idealTree:node_modules/@babel/plugin-transform-react-display-name Completed in 0ms
1613 silly placeDep ROOT @babel/plugin-syntax-jsx@7.27.1 OK for: @babel/plugin-transform-react-jsx@7.27.1 want: ^7.27.1
1614 timing idealTree:node_modules/@babel/plugin-transform-react-jsx Completed in 5ms
1615 timing idealTree:node_modules/@babel/plugin-syntax-jsx Completed in 0ms
1616 timing idealTree:node_modules/@babel/plugin-transform-react-jsx-development Completed in 0ms
1617 timing idealTree:node_modules/@babel/plugin-transform-react-pure-annotations Completed in 2ms
1618 silly placeDep ROOT cosmiconfig@7.1.0 OK for: @svgr/core@5.5.0 want: ^7.0.0
1619 silly fetch manifest @types/parse-json@^4.0.0
1620 silly fetch manifest import-fresh@^3.2.1
1621 silly fetch manifest parse-json@^5.0.0
1622 silly fetch manifest path-type@^4.0.0
1623 silly fetch manifest yaml@^1.10.0
1624 http fetch GET 200 https://registry.npmjs.org/parse-json 55ms (cache revalidated)
1625 http fetch GET 200 https://registry.npmjs.org/import-fresh 60ms (cache revalidated)
1626 http fetch GET 200 https://registry.npmjs.org/path-type 59ms (cache revalidated)
1627 http fetch GET 200 https://registry.npmjs.org/@types%2fparse-json 64ms (cache revalidated)
1628 http fetch GET 200 https://registry.npmjs.org/yaml 60ms (cache revalidated)
1629 timing idealTree:node_modules/@svgr/core Completed in 72ms
1630 silly placeDep ROOT @svgr/babel-preset@5.5.0 OK for: @svgr/plugin-jsx@5.5.0 want: ^5.5.0
1631 silly placeDep ROOT @svgr/hast-util-to-babel-ast@5.5.0 OK for: @svgr/plugin-jsx@5.5.0 want: ^5.5.0
1632 silly placeDep ROOT svg-parser@2.0.4 OK for: @svgr/plugin-jsx@5.5.0 want: ^2.0.2
1633 silly fetch manifest @svgr/babel-plugin-add-jsx-attribute@^5.4.0
1634 silly fetch manifest @svgr/babel-plugin-remove-jsx-attribute@^5.4.0
1635 silly fetch manifest @svgr/babel-plugin-remove-jsx-empty-expression@^5.0.1
1636 silly fetch manifest @svgr/babel-plugin-replace-jsx-attribute-value@^5.0.1
1637 silly fetch manifest @svgr/babel-plugin-svg-dynamic-title@^5.4.0
1638 silly fetch manifest @svgr/babel-plugin-svg-em-dimensions@^5.4.0
1639 silly fetch manifest @svgr/babel-plugin-transform-react-native-svg@^5.4.0
1640 silly fetch manifest @svgr/babel-plugin-transform-svg-component@^5.5.0
1641 http fetch GET 200 https://registry.npmjs.org/@svgr%2fbabel-plugin-transform-react-native-svg 48ms (cache revalidated)
1642 http fetch GET 200 https://registry.npmjs.org/@svgr%2fbabel-plugin-replace-jsx-attribute-value 225ms (cache revalidated)
1643 http fetch GET 200 https://registry.npmjs.org/@svgr%2fbabel-plugin-svg-em-dimensions 227ms (cache revalidated)
1644 http fetch GET 200 https://registry.npmjs.org/@svgr%2fbabel-plugin-svg-dynamic-title 230ms (cache revalidated)
1645 http fetch GET 200 https://registry.npmjs.org/@svgr%2fbabel-plugin-add-jsx-attribute 234ms (cache revalidated)
1646 http fetch GET 200 https://registry.npmjs.org/@svgr%2fbabel-plugin-transform-svg-component 240ms (cache revalidated)
1647 http fetch GET 200 https://registry.npmjs.org/@svgr%2fbabel-plugin-remove-jsx-empty-expression 243ms (cache revalidated)
1648 http fetch GET 200 https://registry.npmjs.org/@svgr%2fbabel-plugin-remove-jsx-attribute 245ms (cache revalidated)
1649 timing idealTree:node_modules/@svgr/plugin-jsx Completed in 250ms
1650 silly placeDep ROOT @svgr/babel-plugin-add-jsx-attribute@5.4.0 OK for: @svgr/babel-preset@5.5.0 want: ^5.4.0
1651 silly placeDep ROOT @svgr/babel-plugin-remove-jsx-attribute@5.4.0 OK for: @svgr/babel-preset@5.5.0 want: ^5.4.0
1652 silly placeDep ROOT @svgr/babel-plugin-remove-jsx-empty-expression@5.0.1 OK for: @svgr/babel-preset@5.5.0 want: ^5.0.1
1653 silly placeDep ROOT @svgr/babel-plugin-replace-jsx-attribute-value@5.0.1 OK for: @svgr/babel-preset@5.5.0 want: ^5.0.1
1654 silly placeDep ROOT @svgr/babel-plugin-svg-dynamic-title@5.4.0 OK for: @svgr/babel-preset@5.5.0 want: ^5.4.0
1655 silly placeDep ROOT @svgr/babel-plugin-svg-em-dimensions@5.4.0 OK for: @svgr/babel-preset@5.5.0 want: ^5.4.0
1656 silly placeDep ROOT @svgr/babel-plugin-transform-react-native-svg@5.4.0 OK for: @svgr/babel-preset@5.5.0 want: ^5.4.0
1657 silly placeDep ROOT @svgr/babel-plugin-transform-svg-component@5.5.0 OK for: @svgr/babel-preset@5.5.0 want: ^5.5.0
1658 timing idealTree:node_modules/@svgr/babel-preset Completed in 7ms
1659 timing idealTree:node_modules/@svgr/babel-plugin-add-jsx-attribute Completed in 0ms
1660 timing idealTree:node_modules/@svgr/babel-plugin-remove-jsx-attribute Completed in 0ms
1661 timing idealTree:node_modules/@svgr/babel-plugin-remove-jsx-empty-expression Completed in 0ms
1662 timing idealTree:node_modules/@svgr/babel-plugin-replace-jsx-attribute-value Completed in 0ms
1663 timing idealTree:node_modules/@svgr/babel-plugin-svg-dynamic-title Completed in 0ms
1664 timing idealTree:node_modules/@svgr/babel-plugin-svg-em-dimensions Completed in 0ms
1665 timing idealTree:node_modules/@svgr/babel-plugin-transform-react-native-svg Completed in 0ms
1666 timing idealTree:node_modules/@svgr/babel-plugin-transform-svg-component Completed in 0ms
1667 timing idealTree:node_modules/@svgr/hast-util-to-babel-ast Completed in 0ms
1668 silly placeDep ROOT deepmerge@4.3.1 OK for: @svgr/plugin-svgo@5.5.0 want: ^4.2.2
1669 silly placeDep ROOT svgo@1.3.2 OK for: @svgr/plugin-svgo@5.5.0 want: ^1.2.2
1670 silly fetch manifest coa@^2.0.2
1671 silly fetch manifest sax@~1.2.4
1672 silly fetch manifest csso@^4.0.2
1673 silly fetch manifest chalk@^2.4.1
1674 silly fetch manifest mkdirp@~0.5.1
1675 silly fetch manifest stable@^0.1.8
1676 silly fetch manifest js-yaml@^3.13.1
1677 silly fetch manifest unquote@~1.1.1
1678 silly fetch manifest css-tree@1.0.0-alpha.37
1679 silly fetch manifest css-select@^2.0.0
1680 silly fetch manifest object.values@^1.1.0
1681 silly fetch manifest util.promisify@~1.0.0
1682 silly fetch manifest css-select-base-adapter@^0.1.1
1683 http fetch GET 200 https://registry.npmjs.org/css-select 22ms (cache hit)
1684 http fetch GET 200 https://registry.npmjs.org/csso 33ms (cache revalidated)
1685 http fetch GET 200 https://registry.npmjs.org/coa 38ms (cache revalidated)
1686 http fetch GET 200 https://registry.npmjs.org/stable 37ms (cache revalidated)
1687 http fetch GET 200 https://registry.npmjs.org/css-select-base-adapter 35ms (cache revalidated)
1688 http fetch GET 200 https://registry.npmjs.org/util.promisify 36ms (cache revalidated)
1689 http fetch GET 200 https://registry.npmjs.org/css-tree 42ms (cache revalidated)
1690 http fetch GET 200 https://registry.npmjs.org/unquote 44ms (cache revalidated)
1691 http fetch GET 200 https://registry.npmjs.org/sax 49ms (cache revalidated)
1692 http fetch GET 200 https://registry.npmjs.org/object.values 43ms (cache revalidated)
1693 timing idealTree:node_modules/@svgr/plugin-svgo Completed in 56ms
1694 timing idealTree:node_modules/ansi-html Completed in 0ms
1695 silly fetch manifest @babel/core@^7.8.0
1696 silly placeDep ROOT @jest/transform@27.5.1 OK for: babel-jest@27.5.1 want: ^27.5.1
1697 silly placeDep ROOT @jest/types@27.5.1 OK for: babel-jest@27.5.1 want: ^27.5.1
1698 silly placeDep ROOT @types/babel__core@7.20.5 OK for: babel-jest@27.5.1 want: ^7.1.14
1699 silly placeDep ROOT babel-plugin-istanbul@6.1.1 OK for: babel-jest@27.5.1 want: ^6.1.1
1700 silly placeDep ROOT babel-preset-jest@27.5.1 OK for: babel-jest@27.5.1 want: ^27.5.1
1701 silly placeDep ROOT chalk@4.1.2 OK for: babel-jest@27.5.1 want: ^4.0.0
1702 silly placeDep ROOT slash@3.0.0 OK for: babel-jest@27.5.1 want: ^3.0.0
1703 silly fetch manifest pirates@^4.0.4
1704 silly fetch manifest micromatch@^4.0.4
1705 silly fetch manifest jest-regex-util@^27.5.1
1706 silly fetch manifest write-file-atomic@^3.0.0
1707 silly fetch manifest convert-source-map@^1.4.0
1708 silly fetch manifest fast-json-stable-stringify@^2.0.0
1709 silly fetch manifest @types/node@*
1710 silly fetch manifest @types/yargs@^16.0.0
1711 silly fetch manifest @types/istanbul-reports@^3.0.0
1712 silly fetch manifest @types/istanbul-lib-coverage@^2.0.0
1713 silly fetch manifest @types/babel__template@*
1714 silly fetch manifest @types/babel__traverse@*
1715 silly fetch manifest @types/babel__generator@*
1716 silly fetch manifest test-exclude@^6.0.0
1717 silly fetch manifest @istanbuljs/schema@^0.1.2
1718 silly fetch manifest istanbul-lib-instrument@^5.0.4
1719 silly fetch manifest @istanbuljs/load-nyc-config@^1.0.0
1720 silly fetch manifest babel-plugin-jest-hoist@^27.5.1
1721 silly fetch manifest babel-preset-current-node-syntax@^1.0.0
1722 silly fetch manifest ansi-styles@^4.1.0
1723 silly fetch manifest supports-color@^7.1.0
1724 http fetch GET 200 https://registry.npmjs.org/write-file-atomic 50ms (cache revalidated)
1725 http fetch GET 200 https://registry.npmjs.org/pirates 57ms (cache revalidated)
1726 http fetch GET 200 https://registry.npmjs.org/istanbul-lib-instrument 53ms (cache revalidated)
1727 http fetch GET 200 https://registry.npmjs.org/test-exclude 55ms (cache revalidated)
1728 http fetch GET 200 https://registry.npmjs.org/@types%2fbabel__template 62ms (cache revalidated)
1729 http fetch GET 200 https://registry.npmjs.org/babel-plugin-jest-hoist 60ms (cache revalidated)
1730 http fetch GET 200 https://registry.npmjs.org/supports-color 72ms (cache revalidated)
1731 http fetch GET 200 https://registry.npmjs.org/@types%2fistanbul-lib-coverage 79ms (cache revalidated)
1732 http fetch GET 200 https://registry.npmjs.org/babel-preset-current-node-syntax 75ms (cache revalidated)
1733 http fetch GET 200 https://registry.npmjs.org/@types%2fyargs 82ms (cache revalidated)
1734 http fetch GET 200 https://registry.npmjs.org/@types%2fistanbul-reports 85ms (cache revalidated)
1735 http fetch GET 200 https://registry.npmjs.org/@istanbuljs%2fschema 84ms (cache revalidated)
1736 http fetch GET 200 https://registry.npmjs.org/@types%2fbabel__traverse 87ms (cache revalidated)
1737 http fetch GET 200 https://registry.npmjs.org/@istanbuljs%2fload-nyc-config 84ms (cache revalidated)
1738 http fetch GET 200 https://registry.npmjs.org/@types%2fnode 95ms (cache revalidated)
1739 http fetch GET 200 https://registry.npmjs.org/@types%2fbabel__generator 818ms (cache revalidated)
1740 timing idealTree:node_modules/babel-jest Completed in 838ms
1741 silly placeDep node_modules/@jest/transform convert-source-map@1.9.0 OK for: @jest/transform@27.5.1 want: ^1.4.0
1742 silly placeDep ROOT fast-json-stable-stringify@2.1.0 OK for: @jest/transform@27.5.1 want: ^2.0.0
1743 silly placeDep ROOT jest-haste-map@27.5.1 OK for: @jest/transform@27.5.1 want: ^27.5.1
1744 silly placeDep ROOT jest-regex-util@27.5.1 OK for: @jest/transform@27.5.1 want: ^27.5.1
1745 silly placeDep ROOT jest-util@27.5.1 OK for: @jest/transform@27.5.1 want: ^27.5.1
1746 silly placeDep ROOT micromatch@4.0.8 OK for: @jest/transform@27.5.1 want: ^4.0.4
1747 silly placeDep ROOT pirates@4.0.7 OK for: @jest/transform@27.5.1 want: ^4.0.4
1748 silly placeDep node_modules/@jest/transform source-map@0.6.1 OK for: @jest/transform@27.5.1 want: ^0.6.1
1749 silly placeDep ROOT write-file-atomic@3.0.3 OK for: @jest/transform@27.5.1 want: ^3.0.0
1750 silly fetch manifest walker@^1.0.7
1751 silly fetch manifest anymatch@^3.0.3
1752 silly fetch manifest fb-watchman@^2.0.0
1753 silly fetch manifest jest-worker@^27.5.1
1754 silly fetch manifest jest-serializer@^27.5.1
1755 silly fetch manifest @types/graceful-fs@^4.1.2
1756 silly fetch manifest ci-info@^3.2.0
1757 silly fetch manifest picomatch@^2.2.3
1758 silly fetch manifest braces@^3.0.3
1759 silly fetch manifest picomatch@^2.3.1
1760 silly fetch manifest signal-exit@^3.0.2
1761 silly fetch manifest is-typedarray@^1.0.0
1762 silly fetch manifest typedarray-to-buffer@^3.1.5
1763 http fetch GET 200 https://registry.npmjs.org/walker 51ms (cache revalidated)
1764 http fetch GET 200 https://registry.npmjs.org/fb-watchman 50ms (cache revalidated)
1765 http fetch GET 200 https://registry.npmjs.org/anymatch 53ms (cache revalidated)
1766 http fetch GET 200 https://registry.npmjs.org/jest-serializer 55ms (cache revalidated)
1767 http fetch GET 200 https://registry.npmjs.org/ci-info 53ms (cache revalidated)
1768 http fetch GET 200 https://registry.npmjs.org/picomatch 67ms (cache revalidated)
1769 http fetch GET 200 https://registry.npmjs.org/picomatch 72ms (cache revalidated)
1770 http fetch GET 200 https://registry.npmjs.org/braces 80ms (cache revalidated)
1771 http fetch GET 200 https://registry.npmjs.org/signal-exit 80ms (cache revalidated)
1772 http fetch GET 200 https://registry.npmjs.org/typedarray-to-buffer 83ms (cache revalidated)
1773 http fetch GET 200 https://registry.npmjs.org/is-typedarray 84ms (cache revalidated)
1774 http fetch GET 200 https://registry.npmjs.org/@types%2fgraceful-fs 90ms (cache revalidated)
1775 timing idealTree:node_modules/@jest/transform Completed in 102ms
1776 silly placeDep ROOT @types/istanbul-lib-coverage@2.0.6 OK for: @jest/types@27.5.1 want: ^2.0.0
1777 silly placeDep ROOT @types/istanbul-reports@3.0.4 OK for: @jest/types@27.5.1 want: ^3.0.0
1778 silly placeDep ROOT @types/node@24.3.1 OK for: @jest/types@27.5.1 want: *
1779 silly placeDep ROOT @types/yargs@16.0.9 OK for: @jest/types@27.5.1 want: ^16.0.0
1780 silly fetch manifest @types/istanbul-lib-report@*
1781 silly fetch manifest undici-types@~7.10.0
1782 silly fetch manifest @types/yargs-parser@*
1783 http fetch GET 200 https://registry.npmjs.org/@types%2fyargs-parser 30ms (cache revalidated)
1784 http fetch GET 200 https://registry.npmjs.org/@types%2fistanbul-lib-report 32ms (cache revalidated)
1785 http fetch GET 200 https://registry.npmjs.org/undici-types 34ms (cache revalidated)
1786 timing idealTree:node_modules/@jest/types Completed in 49ms
1787 silly placeDep ROOT @types/babel__generator@7.27.0 OK for: @types/babel__core@7.20.5 want: *
1788 silly placeDep ROOT @types/babel__template@7.4.4 OK for: @types/babel__core@7.20.5 want: *
1789 silly placeDep ROOT @types/babel__traverse@7.28.0 OK for: @types/babel__core@7.20.5 want: *
1790 timing idealTree:node_modules/@types/babel__core Completed in 2ms
1791 timing idealTree:node_modules/@types/babel__generator Completed in 0ms
1792 timing idealTree:node_modules/@types/babel__template Completed in 0ms
1793 timing idealTree:node_modules/@types/babel__traverse Completed in 0ms
1794 timing idealTree:node_modules/@types/istanbul-lib-coverage Completed in 0ms
1795 silly placeDep ROOT @types/istanbul-lib-report@3.0.3 OK for: @types/istanbul-reports@3.0.4 want: *
1796 timing idealTree:node_modules/@types/istanbul-reports Completed in 1ms
1797 timing idealTree:node_modules/@types/istanbul-lib-report Completed in 0ms
1798 silly placeDep ROOT undici-types@7.10.0 OK for: @types/node@24.3.1 want: ~7.10.0
1799 timing idealTree:node_modules/@types/node Completed in 1ms
1800 silly placeDep ROOT @types/yargs-parser@21.0.3 OK for: @types/yargs@16.0.9 want: *
1801 timing idealTree:node_modules/@types/yargs Completed in 1ms
1802 timing idealTree:node_modules/@types/yargs-parser Completed in 0ms
1803 silly placeDep ROOT find-cache-dir@3.3.2 OK for: babel-loader@8.4.1 want: ^3.3.1
1804 silly placeDep ROOT make-dir@3.1.0 OK for: babel-loader@8.4.1 want: ^3.1.0
1805 silly placeDep node_modules/babel-loader schema-utils@2.7.1 OK for: babel-loader@8.4.1 want: ^2.6.5
1806 silly fetch manifest pkg-dir@^4.1.0
1807 silly fetch manifest commondir@^1.0.1
1808 silly fetch manifest semver@^6.0.0
1809 silly fetch manifest ajv-keywords@^3.5.2
1810 silly fetch manifest @types/json-schema@^7.0.5
1811 http fetch GET 200 https://registry.npmjs.org/pkg-dir 28ms (cache revalidated)
1812 http fetch GET 200 https://registry.npmjs.org/commondir 29ms (cache revalidated)
1813 timing idealTree:node_modules/babel-loader Completed in 33ms
1814 silly placeDep ROOT @istanbuljs/load-nyc-config@1.1.0 OK for: babel-plugin-istanbul@6.1.1 want: ^1.0.0
1815 silly placeDep ROOT @istanbuljs/schema@0.1.3 OK for: babel-plugin-istanbul@6.1.1 want: ^0.1.2
1816 silly placeDep ROOT istanbul-lib-instrument@5.2.1 OK for: babel-plugin-istanbul@6.1.1 want: ^5.0.4
1817 silly placeDep ROOT test-exclude@6.0.0 OK for: babel-plugin-istanbul@6.1.1 want: ^6.0.0
1818 silly fetch manifest camelcase@^5.3.1
1819 silly fetch manifest find-up@^4.1.0
1820 silly fetch manifest get-package-type@^0.1.0
1821 silly fetch manifest resolve-from@^5.0.0
1822 silly fetch manifest semver@^6.3.0
1823 silly fetch manifest istanbul-lib-coverage@^3.2.0
1824 silly fetch manifest glob@^7.1.4
1825 silly fetch manifest minimatch@^3.0.4
1826 http fetch GET 200 https://registry.npmjs.org/istanbul-lib-coverage 28ms (cache revalidated)
1827 http fetch GET 200 https://registry.npmjs.org/glob 36ms (cache revalidated)
1828 http fetch GET 200 https://registry.npmjs.org/resolve-from 39ms (cache revalidated)
1829 http fetch GET 200 https://registry.npmjs.org/get-package-type 42ms (cache revalidated)
1830 timing idealTree:node_modules/babel-plugin-istanbul Completed in 52ms
1831 silly placeDep node_modules/@istanbuljs/load-nyc-config camelcase@5.3.1 OK for: @istanbuljs/load-nyc-config@1.1.0 want: ^5.3.1
1832 silly placeDep ROOT find-up@4.1.0 OK for: @istanbuljs/load-nyc-config@1.1.0 want: ^4.1.0
1833 silly placeDep ROOT get-package-type@0.1.0 OK for: @istanbuljs/load-nyc-config@1.1.0 want: ^0.1.0
1834 silly placeDep ROOT js-yaml@3.14.1 OK for: @istanbuljs/load-nyc-config@1.1.0 want: ^3.13.1
1835 silly placeDep ROOT resolve-from@5.0.0 OK for: @istanbuljs/load-nyc-config@1.1.0 want: ^5.0.0
1836 silly fetch manifest locate-path@^5.0.0
1837 silly fetch manifest path-exists@^4.0.0
1838 silly fetch manifest argparse@^1.0.7
1839 silly fetch manifest esprima@^4.0.0
1840 http fetch GET 200 https://registry.npmjs.org/locate-path 22ms (cache revalidated)
1841 http fetch GET 200 https://registry.npmjs.org/esprima 21ms (cache revalidated)
1842 http fetch GET 200 https://registry.npmjs.org/path-exists 26ms (cache revalidated)
1843 http fetch GET 200 https://registry.npmjs.org/argparse 35ms (cache revalidated)
1844 timing idealTree:node_modules/@istanbuljs/load-nyc-config Completed in 41ms
1845 timing idealTree:node_modules/@istanbuljs/schema Completed in 0ms
1846 timing idealTree:node_modules/babel-plugin-named-asset-import Completed in 0ms
1847 silly fetch manifest @babel/core@^7.4.0 || ^8.0.0-0 <8.0.0
1848 silly placeDep ROOT @babel/helper-define-polyfill-provider@0.6.5 OK for: babel-plugin-polyfill-corejs2@0.4.14 want: ^0.6.5
1849 silly placeDep node_modules/babel-plugin-polyfill-corejs2 semver@6.3.1 OK for: babel-plugin-polyfill-corejs2@0.4.14 want: ^6.3.1
1850 silly fetch manifest lodash.debounce@^4.0.8
1851 http fetch GET 200 https://registry.npmjs.org/lodash.debounce 32ms (cache revalidated)
1852 timing idealTree:node_modules/babel-plugin-polyfill-corejs2 Completed in 36ms
1853 silly placeDep ROOT lodash.debounce@4.0.8 OK for: @babel/helper-define-polyfill-provider@0.6.5 want: ^4.0.8
1854 timing idealTree:node_modules/@babel/helper-define-polyfill-provider Completed in 3ms
1855 timing idealTree:node_modules/babel-plugin-polyfill-corejs3 Completed in 0ms
1856 timing idealTree:node_modules/babel-plugin-polyfill-regenerator Completed in 0ms
1857 silly placeDep ROOT babel-plugin-jest-hoist@27.5.1 OK for: babel-preset-jest@27.5.1 want: ^27.5.1
1858 silly placeDep ROOT babel-preset-current-node-syntax@1.2.0 OK for: babel-preset-jest@27.5.1 want: ^1.0.0
1859 silly fetch manifest @babel/plugin-syntax-async-generators@^7.8.4
1860 silly fetch manifest @babel/plugin-syntax-bigint@^7.8.3
1861 silly fetch manifest @babel/plugin-syntax-class-properties@^7.12.13
1862 silly fetch manifest @babel/plugin-syntax-class-static-block@^7.14.5
1863 silly fetch manifest @babel/plugin-syntax-import-meta@^7.10.4
1864 silly fetch manifest @babel/plugin-syntax-json-strings@^7.8.3
1865 silly fetch manifest @babel/plugin-syntax-logical-assignment-operators@^7.10.4
1866 silly fetch manifest @babel/plugin-syntax-nullish-coalescing-operator@^7.8.3
1867 silly fetch manifest @babel/plugin-syntax-numeric-separator@^7.10.4
1868 silly fetch manifest @babel/plugin-syntax-object-rest-spread@^7.8.3
1869 silly fetch manifest @babel/plugin-syntax-optional-catch-binding@^7.8.3
1870 silly fetch manifest @babel/plugin-syntax-optional-chaining@^7.8.3
1871 silly fetch manifest @babel/plugin-syntax-private-property-in-object@^7.14.5
1872 silly fetch manifest @babel/plugin-syntax-top-level-await@^7.14.5
1873 http fetch GET 200 https://registry.npmjs.org/@babel%2fplugin-syntax-class-properties 37ms (cache revalidated)
1874 http fetch GET 200 https://registry.npmjs.org/@babel%2fplugin-syntax-json-strings 41ms (cache revalidated)
1875 http fetch GET 200 https://registry.npmjs.org/@babel%2fplugin-syntax-class-static-block 50ms (cache revalidated)
1876 http fetch GET 200 https://registry.npmjs.org/@babel%2fplugin-syntax-logical-assignment-operators 50ms (cache revalidated)
1877 http fetch GET 200 https://registry.npmjs.org/@babel%2fplugin-syntax-import-meta 52ms (cache revalidated)
1878 http fetch GET 200 https://registry.npmjs.org/@babel%2fplugin-syntax-bigint 60ms (cache revalidated)
1879 http fetch GET 200 https://registry.npmjs.org/@babel%2fplugin-syntax-async-generators 65ms (cache revalidated)
1880 http fetch GET 200 https://registry.npmjs.org/@babel%2fplugin-syntax-optional-chaining 60ms (cache revalidated)
1881 http fetch GET 200 https://registry.npmjs.org/@babel%2fplugin-syntax-top-level-await 60ms (cache revalidated)
1882 http fetch GET 200 https://registry.npmjs.org/@babel%2fplugin-syntax-private-property-in-object 61ms (cache revalidated)
1883 http fetch GET 200 https://registry.npmjs.org/@babel%2fplugin-syntax-object-rest-spread 62ms (cache revalidated)
1884 http fetch GET 200 https://registry.npmjs.org/@babel%2fplugin-syntax-numeric-separator 63ms (cache revalidated)
1885 http fetch GET 200 https://registry.npmjs.org/@babel%2fplugin-syntax-nullish-coalescing-operator 67ms (cache revalidated)
1886 http fetch GET 200 https://registry.npmjs.org/@babel%2fplugin-syntax-optional-catch-binding 65ms (cache revalidated)
1887 timing idealTree:node_modules/babel-preset-jest Completed in 78ms
1888 timing idealTree:node_modules/babel-plugin-jest-hoist Completed in 0ms
1889 silly fetch manifest @babel/core@^7.0.0 || ^8.0.0-0
1890 silly placeDep ROOT @babel/plugin-syntax-async-generators@7.8.4 OK for: babel-preset-current-node-syntax@1.2.0 want: ^7.8.4
1891 silly placeDep ROOT @babel/plugin-syntax-bigint@7.8.3 OK for: babel-preset-current-node-syntax@1.2.0 want: ^7.8.3
1892 silly placeDep ROOT @babel/plugin-syntax-class-properties@7.12.13 OK for: babel-preset-current-node-syntax@1.2.0 want: ^7.12.13
1893 silly placeDep ROOT @babel/plugin-syntax-class-static-block@7.14.5 OK for: babel-preset-current-node-syntax@1.2.0 want: ^7.14.5
1894 silly placeDep ROOT @babel/plugin-syntax-import-meta@7.10.4 OK for: babel-preset-current-node-syntax@1.2.0 want: ^7.10.4
1895 silly placeDep ROOT @babel/plugin-syntax-json-strings@7.8.3 OK for: babel-preset-current-node-syntax@1.2.0 want: ^7.8.3
1896 silly placeDep ROOT @babel/plugin-syntax-logical-assignment-operators@7.10.4 OK for: babel-preset-current-node-syntax@1.2.0 want: ^7.10.4
1897 silly placeDep ROOT @babel/plugin-syntax-nullish-coalescing-operator@7.8.3 OK for: babel-preset-current-node-syntax@1.2.0 want: ^7.8.3
1898 silly placeDep ROOT @babel/plugin-syntax-numeric-separator@7.10.4 OK for: babel-preset-current-node-syntax@1.2.0 want: ^7.10.4
1899 silly placeDep ROOT @babel/plugin-syntax-object-rest-spread@7.8.3 OK for: babel-preset-current-node-syntax@1.2.0 want: ^7.8.3
1900 silly placeDep ROOT @babel/plugin-syntax-optional-catch-binding@7.8.3 OK for: babel-preset-current-node-syntax@1.2.0 want: ^7.8.3
1901 silly placeDep ROOT @babel/plugin-syntax-optional-chaining@7.8.3 OK for: babel-preset-current-node-syntax@1.2.0 want: ^7.8.3
1902 silly placeDep ROOT @babel/plugin-syntax-private-property-in-object@7.14.5 OK for: babel-preset-current-node-syntax@1.2.0 want: ^7.14.5
1903 silly placeDep ROOT @babel/plugin-syntax-top-level-await@7.14.5 OK for: babel-preset-current-node-syntax@1.2.0 want: ^7.14.5
1904 timing idealTree:node_modules/babel-preset-current-node-syntax Completed in 28ms
1905 timing idealTree:node_modules/@babel/plugin-syntax-async-generators Completed in 0ms
1906 timing idealTree:node_modules/@babel/plugin-syntax-bigint Completed in 0ms
1907 timing idealTree:node_modules/@babel/plugin-syntax-class-properties Completed in 0ms
1908 timing idealTree:node_modules/@babel/plugin-syntax-class-static-block Completed in 0ms
1909 timing idealTree:node_modules/@babel/plugin-syntax-import-meta Completed in 0ms
1910 timing idealTree:node_modules/@babel/plugin-syntax-json-strings Completed in 0ms
1911 timing idealTree:node_modules/@babel/plugin-syntax-logical-assignment-operators Completed in 0ms
1912 timing idealTree:node_modules/@babel/plugin-syntax-nullish-coalescing-operator Completed in 0ms
1913 timing idealTree:node_modules/@babel/plugin-syntax-numeric-separator Completed in 0ms
1914 timing idealTree:node_modules/@babel/plugin-syntax-object-rest-spread Completed in 0ms
1915 timing idealTree:node_modules/@babel/plugin-syntax-optional-catch-binding Completed in 0ms
1916 timing idealTree:node_modules/@babel/plugin-syntax-optional-chaining Completed in 0ms
1917 timing idealTree:node_modules/@babel/plugin-syntax-private-property-in-object Completed in 0ms
1918 timing idealTree:node_modules/@babel/plugin-syntax-top-level-await Completed in 0ms
1919 silly placeDep ROOT @babel/plugin-proposal-class-properties@7.18.6 OK for: babel-preset-react-app@10.1.0 want: ^7.16.0
1920 silly placeDep ROOT @babel/plugin-proposal-decorators@7.28.0 OK for: babel-preset-react-app@10.1.0 want: ^7.16.4
1921 silly placeDep ROOT @babel/plugin-proposal-nullish-coalescing-operator@7.18.6 OK for: babel-preset-react-app@10.1.0 want: ^7.16.0
1922 silly placeDep ROOT @babel/plugin-proposal-numeric-separator@7.18.6 OK for: babel-preset-react-app@10.1.0 want: ^7.16.0
1923 silly placeDep ROOT @babel/plugin-proposal-optional-chaining@7.21.0 OK for: babel-preset-react-app@10.1.0 want: ^7.16.0
1924 silly placeDep ROOT @babel/plugin-proposal-private-methods@7.18.6 OK for: babel-preset-react-app@10.1.0 want: ^7.16.0
1925 silly placeDep node_modules/babel-preset-react-app @babel/plugin-proposal-private-property-in-object@7.21.11 OK for: babel-preset-react-app@10.1.0 want: ^7.16.7
1926 silly placeDep ROOT @babel/plugin-transform-flow-strip-types@7.27.1 OK for: babel-preset-react-app@10.1.0 want: ^7.16.0
1927 silly placeDep ROOT @babel/plugin-transform-runtime@7.28.3 OK for: babel-preset-react-app@10.1.0 want: ^7.16.4
1928 silly placeDep ROOT @babel/preset-typescript@7.27.1 OK for: babel-preset-react-app@10.1.0 want: ^7.16.0
1929 silly placeDep ROOT babel-plugin-macros@3.1.0 OK for: babel-preset-react-app@10.1.0 want: ^3.1.0
1930 silly placeDep ROOT babel-plugin-transform-react-remove-prop-types@0.4.24 OK for: babel-preset-react-app@10.1.0 want: ^0.4.24
1931 silly fetch manifest @babel/plugin-syntax-decorators@^7.27.1
1932 silly fetch manifest @babel/plugin-syntax-flow@^7.27.1
1933 silly fetch manifest @babel/plugin-transform-typescript@^7.27.1
1934 http fetch GET 200 https://registry.npmjs.org/@babel%2fplugin-transform-typescript 33ms (cache revalidated)
1935 http fetch GET 200 https://registry.npmjs.org/@babel%2fplugin-syntax-decorators 38ms (cache revalidated)
1936 http fetch GET 200 https://registry.npmjs.org/@babel%2fplugin-syntax-flow 1552ms (cache revalidated)
1937 timing idealTree:node_modules/babel-preset-react-app Completed in 1580ms
1938 timing idealTree:node_modules/@babel/plugin-proposal-class-properties Completed in 0ms
1939 silly placeDep ROOT @babel/plugin-syntax-decorators@7.27.1 OK for: @babel/plugin-proposal-decorators@7.28.0 want: ^7.27.1
1940 timing idealTree:node_modules/@babel/plugin-proposal-decorators Completed in 2ms
1941 timing idealTree:node_modules/@babel/plugin-proposal-nullish-coalescing-operator Completed in 0ms
1942 timing idealTree:node_modules/@babel/plugin-proposal-numeric-separator Completed in 0ms
1943 timing idealTree:node_modules/@babel/plugin-proposal-optional-chaining Completed in 0ms
1944 timing idealTree:node_modules/@babel/plugin-proposal-private-methods Completed in 0ms
1945 timing idealTree:node_modules/@babel/plugin-syntax-decorators Completed in 0ms
1946 silly placeDep ROOT @babel/plugin-syntax-flow@7.27.1 OK for: @babel/plugin-transform-flow-strip-types@7.27.1 want: ^7.27.1
1947 timing idealTree:node_modules/@babel/plugin-transform-flow-strip-types Completed in 4ms
1948 timing idealTree:node_modules/@babel/plugin-syntax-flow Completed in 0ms
1949 silly placeDep node_modules/@babel/plugin-transform-runtime semver@6.3.1 OK for: @babel/plugin-transform-runtime@7.28.3 want: ^6.3.1
1950 timing idealTree:node_modules/@babel/plugin-transform-runtime Completed in 2ms
1951 silly placeDep ROOT @babel/plugin-transform-typescript@7.28.0 OK for: @babel/preset-typescript@7.27.1 want: ^7.27.1
1952 silly fetch manifest @babel/plugin-syntax-typescript@^7.27.1
1953 http fetch GET 200 https://registry.npmjs.org/@babel%2fplugin-syntax-typescript 27ms (cache revalidated)
1954 timing idealTree:node_modules/@babel/preset-typescript Completed in 31ms
1955 silly placeDep ROOT @babel/plugin-syntax-typescript@7.27.1 OK for: @babel/plugin-transform-typescript@7.28.0 want: ^7.27.1
1956 timing idealTree:node_modules/@babel/plugin-transform-typescript Completed in 2ms
1957 timing idealTree:node_modules/@babel/plugin-syntax-typescript Completed in 0ms
1958 timing idealTree:node_modules/babel-plugin-macros Completed in 0ms
1959 timing idealTree:node_modules/babel-plugin-transform-react-remove-prop-types Completed in 0ms
1960 silly placeDep ROOT bluebird@3.7.2 OK for: bfj@7.1.0 want: ^3.7.2
1961 silly placeDep ROOT check-types@11.2.3 OK for: bfj@7.1.0 want: ^11.2.3
1962 silly placeDep ROOT hoopy@0.1.4 OK for: bfj@7.1.0 want: ^0.1.4
1963 silly placeDep ROOT jsonpath@1.1.1 OK for: bfj@7.1.0 want: ^1.1.1
1964 silly placeDep ROOT tryer@1.0.1 OK for: bfj@7.1.0 want: ^1.0.1
1965 silly fetch manifest esprima@1.2.2
1966 silly fetch manifest static-eval@2.0.2
1967 silly fetch manifest underscore@1.12.1
1968 http fetch GET 200 https://registry.npmjs.org/static-eval 30ms (cache revalidated)
1969 http fetch GET 200 https://registry.npmjs.org/underscore 36ms (cache revalidated)
1970 timing idealTree:node_modules/bfj Completed in 42ms
1971 timing idealTree:node_modules/bluebird Completed in 0ms
1972 timing idealTree:node_modules/camelcase Completed in 0ms
1973 timing idealTree:node_modules/case-sensitive-paths-webpack-plugin Completed in 0ms
1974 silly placeDep node_modules/chalk ansi-styles@4.3.0 OK for: chalk@4.1.2 want: ^4.1.0
1975 silly placeDep ROOT supports-color@7.2.0 OK for: chalk@4.1.2 want: ^7.1.0
1976 silly fetch manifest color-convert@^2.0.1
1977 silly fetch manifest has-flag@^4.0.0
1978 http fetch GET 200 https://registry.npmjs.org/has-flag 17ms (cache revalidated)
1979 http fetch GET 200 https://registry.npmjs.org/color-convert 25ms (cache revalidated)
1980 timing idealTree:node_modules/chalk Completed in 30ms
1981 timing idealTree:node_modules/check-types Completed in 0ms
1982 timing idealTree:node_modules/convert-source-map Completed in 0ms
1983 timing idealTree:node_modules/core-js-compat Completed in 0ms
1984 timing idealTree:node_modules/core-js-pure Completed in 0ms
1985 silly placeDep ROOT @types/parse-json@4.0.2 OK for: cosmiconfig@7.1.0 want: ^4.0.0
1986 silly placeDep ROOT import-fresh@3.3.1 OK for: cosmiconfig@7.1.0 want: ^3.2.1
1987 silly placeDep ROOT parse-json@5.2.0 OK for: cosmiconfig@7.1.0 want: ^5.0.0
1988 silly placeDep ROOT path-type@4.0.0 OK for: cosmiconfig@7.1.0 want: ^4.0.0
1989 silly placeDep ROOT yaml@1.10.2 OK for: cosmiconfig@7.1.0 want: ^1.10.0
1990 silly fetch manifest parent-module@^1.0.0
1991 silly fetch manifest resolve-from@^4.0.0
1992 silly fetch manifest error-ex@^1.3.1
1993 silly fetch manifest lines-and-columns@^1.1.6
1994 silly fetch manifest json-parse-even-better-errors@^2.3.0
1995 http fetch GET 200 https://registry.npmjs.org/parent-module 34ms (cache revalidated)
1996 http fetch GET 200 https://registry.npmjs.org/lines-and-columns 34ms (cache revalidated)
1997 http fetch GET 200 https://registry.npmjs.org/error-ex 37ms (cache revalidated)
1998 timing idealTree:node_modules/cosmiconfig Completed in 47ms
1999 timing idealTree:node_modules/@types/parse-json Completed in 0ms
2000 silly fetch manifest postcss@^8.4.33
2001 silly placeDep ROOT icss-utils@5.1.0 OK for: css-loader@6.11.0 want: ^5.1.0
2002 silly placeDep ROOT postcss-modules-extract-imports@3.1.0 OK for: css-loader@6.11.0 want: ^3.1.0
2003 silly placeDep ROOT postcss-modules-local-by-default@4.2.0 OK for: css-loader@6.11.0 want: ^4.0.5
2004 silly placeDep ROOT postcss-modules-scope@3.2.1 OK for: css-loader@6.11.0 want: ^3.2.0
2005 silly placeDep ROOT postcss-modules-values@4.0.0 OK for: css-loader@6.11.0 want: ^4.0.0
2006 silly fetch manifest postcss-selector-parser@^7.0.0
2007 timing idealTree:node_modules/css-loader Completed in 11ms
2008 silly fetch manifest postcss@^8.3.5
2009 silly placeDep ROOT cssnano@5.1.15 OK for: css-minimizer-webpack-plugin@3.4.1 want: ^5.0.6
2010 silly placeDep ROOT jest-worker@27.5.1 OK for: css-minimizer-webpack-plugin@3.4.1 want: ^27.0.2
2011 silly placeDep ROOT serialize-javascript@6.0.2 OK for: css-minimizer-webpack-plugin@3.4.1 want: ^6.0.0
2012 silly placeDep node_modules/css-minimizer-webpack-plugin source-map@0.6.1 OK for: css-minimizer-webpack-plugin@3.4.1 want: ^0.6.1
2013 silly fetch manifest lilconfig@^2.0.3
2014 silly fetch manifest cssnano-preset-default@^5.2.14
2015 silly fetch manifest merge-stream@^2.0.0
2016 silly fetch manifest supports-color@^8.0.0
2017 silly fetch manifest randombytes@^2.1.0
2018 http fetch GET 200 https://registry.npmjs.org/cssnano-preset-default 18ms (cache hit)
2019 http fetch GET 200 https://registry.npmjs.org/merge-stream 38ms (cache revalidated)
2020 http fetch GET 200 https://registry.npmjs.org/randombytes 46ms (cache revalidated)
2021 timing idealTree:node_modules/css-minimizer-webpack-plugin Completed in 55ms
2022 silly fetch manifest postcss@^8.2.15
2023 silly placeDep ROOT cssnano-preset-default@5.2.14 OK for: cssnano@5.1.15 want: ^5.2.14
2024 silly placeDep ROOT lilconfig@2.1.0 OK for: cssnano@5.1.15 want: ^2.0.3
2025 silly fetch manifest postcss-calc@^8.2.3
2026 silly fetch manifest postcss-svgo@^5.1.0
2027 silly fetch manifest cssnano-utils@^3.1.0
2028 silly fetch manifest postcss-colormin@^5.3.1
2029 silly fetch manifest postcss-merge-rules@^5.1.4
2030 silly fetch manifest postcss-discard-empty@^5.1.1
2031 silly fetch manifest postcss-minify-params@^5.1.4
2032 silly fetch manifest postcss-normalize-url@^5.1.0
2033 silly fetch manifest css-declaration-sorter@^6.3.1
2034 silly fetch manifest postcss-convert-values@^5.1.3
2035 silly fetch manifest postcss-merge-longhand@^5.1.7
2036 silly fetch manifest postcss-ordered-values@^5.1.3
2037 silly fetch manifest postcss-reduce-initial@^5.1.2
2038 silly fetch manifest postcss-discard-comments@^5.1.2
2039 silly fetch manifest postcss-minify-gradients@^5.1.1
2040 silly fetch manifest postcss-minify-selectors@^5.2.1
2041 silly fetch manifest postcss-normalize-string@^5.1.0
2042 silly fetch manifest postcss-unique-selectors@^5.1.1
2043 silly fetch manifest postcss-normalize-charset@^5.1.0
2044 silly fetch manifest postcss-normalize-unicode@^5.1.1
2045 silly fetch manifest postcss-reduce-transforms@^5.1.0
2046 silly fetch manifest postcss-discard-duplicates@^5.1.0
2047 silly fetch manifest postcss-discard-overridden@^5.1.0
2048 silly fetch manifest postcss-minify-font-values@^5.1.0
2049 silly fetch manifest postcss-normalize-positions@^5.1.1
2050 silly fetch manifest postcss-normalize-whitespace@^5.1.1
2051 silly fetch manifest postcss-normalize-repeat-style@^5.1.1
2052 silly fetch manifest postcss-normalize-display-values@^5.1.0
2053 silly fetch manifest postcss-normalize-timing-functions@^5.1.0
2054 http fetch GET 200 https://registry.npmjs.org/postcss-calc 80ms (cache hit)
2055 http fetch GET 200 https://registry.npmjs.org/postcss-merge-rules 83ms (cache hit)
2056 http fetch GET 200 https://registry.npmjs.org/postcss-discard-empty 84ms (cache hit)
2057 http fetch GET 200 https://registry.npmjs.org/postcss-normalize-url 85ms (cache hit)
2058 http fetch GET 200 https://registry.npmjs.org/cssnano-utils 88ms (cache hit)
2059 http fetch GET 200 https://registry.npmjs.org/postcss-minify-params 87ms (cache hit)
2060 http fetch GET 200 https://registry.npmjs.org/postcss-minify-gradients 84ms (cache hit)
2061 http fetch GET 200 https://registry.npmjs.org/postcss-colormin 95ms (cache hit)
2062 http fetch GET 200 https://registry.npmjs.org/postcss-unique-selectors 88ms (cache hit)
2063 http fetch GET 200 https://registry.npmjs.org/css-declaration-sorter 97ms (cache hit)
2064 http fetch GET 200 https://registry.npmjs.org/postcss-normalize-unicode 91ms (cache hit)
2065 http fetch GET 200 https://registry.npmjs.org/postcss-merge-longhand 97ms (cache hit)
2066 http fetch GET 200 https://registry.npmjs.org/postcss-discard-duplicates 92ms (cache hit)
2067 http fetch GET 200 https://registry.npmjs.org/postcss-ordered-values 98ms (cache hit)
2068 http fetch GET 200 https://registry.npmjs.org/postcss-reduce-initial 100ms (cache hit)
2069 http fetch GET 200 https://registry.npmjs.org/postcss-minify-font-values 94ms (cache hit)
2070 http fetch GET 200 https://registry.npmjs.org/postcss-normalize-repeat-style 93ms (cache hit)
2071 http fetch GET 200 https://registry.npmjs.org/postcss-normalize-display-values 94ms (cache hit)
2072 http fetch GET 200 https://registry.npmjs.org/postcss-discard-comments 101ms (cache hit)
2073 http fetch GET 200 https://registry.npmjs.org/postcss-convert-values 106ms (cache hit)
2074 http fetch GET 200 https://registry.npmjs.org/postcss-svgo 112ms (cache hit)
2075 http fetch GET 200 https://registry.npmjs.org/postcss-normalize-string 105ms (cache hit)
2076 http fetch GET 200 https://registry.npmjs.org/postcss-minify-selectors 106ms (cache hit)
2077 http fetch GET 200 https://registry.npmjs.org/postcss-normalize-charset 105ms (cache hit)
2078 http fetch GET 200 https://registry.npmjs.org/postcss-reduce-transforms 105ms (cache hit)
2079 http fetch GET 200 https://registry.npmjs.org/postcss-discard-overridden 105ms (cache hit)
2080 http fetch GET 200 https://registry.npmjs.org/postcss-normalize-timing-functions 105ms (cache hit)
2081 http fetch GET 200 https://registry.npmjs.org/postcss-normalize-whitespace 114ms (cache hit)
2082 http fetch GET 200 https://registry.npmjs.org/postcss-normalize-positions 115ms (cache hit)
2083 timing idealTree:node_modules/cssnano Completed in 133ms
2084 silly placeDep ROOT css-declaration-sorter@6.4.1 OK for: cssnano-preset-default@5.2.14 want: ^6.3.1
2085 silly placeDep ROOT cssnano-utils@3.1.0 OK for: cssnano-preset-default@5.2.14 want: ^3.1.0
2086 silly placeDep ROOT postcss-calc@8.2.4 OK for: cssnano-preset-default@5.2.14 want: ^8.2.3
2087 silly placeDep ROOT postcss-colormin@5.3.1 OK for: cssnano-preset-default@5.2.14 want: ^5.3.1
2088 silly placeDep ROOT postcss-convert-values@5.1.3 OK for: cssnano-preset-default@5.2.14 want: ^5.1.3
2089 silly placeDep ROOT postcss-discard-comments@5.1.2 OK for: cssnano-preset-default@5.2.14 want: ^5.1.2
2090 silly placeDep ROOT postcss-discard-duplicates@5.1.0 OK for: cssnano-preset-default@5.2.14 want: ^5.1.0
2091 silly placeDep ROOT postcss-discard-empty@5.1.1 OK for: cssnano-preset-default@5.2.14 want: ^5.1.1
2092 silly placeDep ROOT postcss-discard-overridden@5.1.0 OK for: cssnano-preset-default@5.2.14 want: ^5.1.0
2093 silly placeDep ROOT postcss-merge-longhand@5.1.7 OK for: cssnano-preset-default@5.2.14 want: ^5.1.7
2094 silly placeDep ROOT postcss-merge-rules@5.1.4 OK for: cssnano-preset-default@5.2.14 want: ^5.1.4
2095 silly placeDep ROOT postcss-minify-font-values@5.1.0 OK for: cssnano-preset-default@5.2.14 want: ^5.1.0
2096 silly placeDep ROOT postcss-minify-gradients@5.1.1 OK for: cssnano-preset-default@5.2.14 want: ^5.1.1
2097 silly placeDep ROOT postcss-minify-params@5.1.4 OK for: cssnano-preset-default@5.2.14 want: ^5.1.4
2098 silly placeDep ROOT postcss-minify-selectors@5.2.1 OK for: cssnano-preset-default@5.2.14 want: ^5.2.1
2099 silly placeDep ROOT postcss-normalize-charset@5.1.0 OK for: cssnano-preset-default@5.2.14 want: ^5.1.0
2100 silly placeDep ROOT postcss-normalize-display-values@5.1.0 OK for: cssnano-preset-default@5.2.14 want: ^5.1.0
2101 silly placeDep ROOT postcss-normalize-positions@5.1.1 OK for: cssnano-preset-default@5.2.14 want: ^5.1.1
2102 silly placeDep ROOT postcss-normalize-repeat-style@5.1.1 OK for: cssnano-preset-default@5.2.14 want: ^5.1.1
2103 silly placeDep ROOT postcss-normalize-string@5.1.0 OK for: cssnano-preset-default@5.2.14 want: ^5.1.0
2104 silly placeDep ROOT postcss-normalize-timing-functions@5.1.0 OK for: cssnano-preset-default@5.2.14 want: ^5.1.0
2105 silly placeDep ROOT postcss-normalize-unicode@5.1.1 OK for: cssnano-preset-default@5.2.14 want: ^5.1.1
2106 silly placeDep ROOT postcss-normalize-url@5.1.0 OK for: cssnano-preset-default@5.2.14 want: ^5.1.0
2107 silly placeDep ROOT postcss-normalize-whitespace@5.1.1 OK for: cssnano-preset-default@5.2.14 want: ^5.1.1
2108 silly placeDep ROOT postcss-ordered-values@5.1.3 OK for: cssnano-preset-default@5.2.14 want: ^5.1.3
2109 silly placeDep ROOT postcss-reduce-initial@5.1.2 OK for: cssnano-preset-default@5.2.14 want: ^5.1.2
2110 silly placeDep ROOT postcss-reduce-transforms@5.1.0 OK for: cssnano-preset-default@5.2.14 want: ^5.1.0
2111 silly placeDep ROOT postcss-svgo@5.1.0 OK for: cssnano-preset-default@5.2.14 want: ^5.1.0
2112 silly placeDep ROOT postcss-unique-selectors@5.1.1 OK for: cssnano-preset-default@5.2.14 want: ^5.1.1
2113 silly fetch manifest postcss-selector-parser@^6.0.9
2114 silly fetch manifest colord@^2.9.1
2115 silly fetch manifest caniuse-api@^3.0.0
2116 silly fetch manifest stylehacks@^5.1.1
2117 silly fetch manifest postcss-selector-parser@^6.0.5
2118 silly fetch manifest normalize-url@^6.0.1
2119 silly fetch manifest svgo@^2.7.0
2120 http fetch GET 200 https://registry.npmjs.org/stylehacks 16ms (cache hit)
2121 http fetch GET 200 https://registry.npmjs.org/caniuse-api 39ms (cache revalidated)
2122 http fetch GET 200 https://registry.npmjs.org/colord 40ms (cache revalidated)
2123 http fetch GET 200 https://registry.npmjs.org/normalize-url 41ms (cache revalidated)
2124 timing idealTree:node_modules/cssnano-preset-default Completed in 89ms
2125 timing idealTree:node_modules/css-declaration-sorter Completed in 0ms
2126 timing idealTree:node_modules/cssnano-utils Completed in 0ms
2127 silly placeDep ROOT ms@2.1.3 OK for: debug@4.4.1 want: ^2.1.3
2128 timing idealTree:node_modules/debug Completed in 1ms
2129 timing idealTree:node_modules/deepmerge Completed in 0ms
2130 timing idealTree:node_modules/dotenv Completed in 0ms
2131 timing idealTree:node_modules/dotenv-expand Completed in 0ms
2132 silly placeDep ROOT stackframe@1.3.4 OK for: error-stack-parser@2.1.4 want: ^1.3.4
2133 timing idealTree:node_modules/error-stack-parser Completed in 1ms
2134 silly fetch manifest eslint@^6.0.0 || ^7.0.0 || >=8.0.0
2135 silly fetch manifest jiti@*
2136 silly placeDep ROOT @eslint-community/eslint-utils@4.9.0 OK for: eslint@8.57.1 want: ^4.2.0
2137 silly placeDep ROOT @eslint-community/regexpp@4.12.1 OK for: eslint@8.57.1 want: ^4.6.1
2138 silly placeDep ROOT @eslint/eslintrc@2.1.4 OK for: eslint@8.57.1 want: ^2.1.4
2139 silly placeDep ROOT @eslint/js@8.57.1 OK for: eslint@8.57.1 want: 8.57.1
2140 silly placeDep ROOT @humanwhocodes/config-array@0.13.0 OK for: eslint@8.57.1 want: ^0.13.0
2141 silly placeDep ROOT @humanwhocodes/module-importer@1.0.1 OK for: eslint@8.57.1 want: ^1.0.1
2142 silly placeDep ROOT @nodelib/fs.walk@1.2.8 OK for: eslint@8.57.1 want: ^1.2.8
2143 silly placeDep ROOT @ungap/structured-clone@1.3.0 OK for: eslint@8.57.1 want: ^1.2.0
2144 silly placeDep ROOT ajv@6.12.6 OK for: eslint@8.57.1 want: ^6.12.4
2145 silly placeDep ROOT cross-spawn@7.0.6 OK for: eslint@8.57.1 want: ^7.0.2
2146 silly placeDep ROOT doctrine@3.0.0 OK for: eslint@8.57.1 want: ^3.0.0
2147 silly placeDep ROOT escape-string-regexp@4.0.0 OK for: eslint@8.57.1 want: ^4.0.0
2148 silly placeDep ROOT eslint-scope@7.2.2 OK for: eslint@8.57.1 want: ^7.2.2
2149 silly placeDep ROOT eslint-visitor-keys@3.4.3 OK for: eslint@8.57.1 want: ^3.4.3
2150 silly placeDep ROOT espree@9.6.1 OK for: eslint@8.57.1 want: ^9.6.1
2151 silly placeDep ROOT esquery@1.6.0 OK for: eslint@8.57.1 want: ^1.4.2
2152 silly placeDep ROOT fast-deep-equal@3.1.3 OK for: eslint@8.57.1 want: ^3.1.3
2153 silly placeDep ROOT file-entry-cache@6.0.1 OK for: eslint@8.57.1 want: ^6.0.1
2154 silly placeDep node_modules/eslint find-up@5.0.0 OK for: eslint@8.57.1 want: ^5.0.0
2155 silly placeDep ROOT glob-parent@6.0.2 OK for: eslint@8.57.1 want: ^6.0.2
2156 silly placeDep ROOT globals@13.24.0 OK for: eslint@8.57.1 want: ^13.19.0
2157 silly placeDep ROOT graphemer@1.4.0 OK for: eslint@8.57.1 want: ^1.4.0
2158 silly placeDep ROOT ignore@5.3.2 OK for: eslint@8.57.1 want: ^5.2.0
2159 silly placeDep ROOT imurmurhash@0.1.4 OK for: eslint@8.57.1 want: ^0.1.4
2160 silly placeDep ROOT is-glob@4.0.3 OK for: eslint@8.57.1 want: ^4.0.0
2161 silly placeDep ROOT is-path-inside@3.0.3 OK for: eslint@8.57.1 want: ^3.0.3
2162 silly placeDep node_modules/eslint js-yaml@4.1.0 OK for: eslint@8.57.1 want: ^4.1.0
2163 silly placeDep ROOT json-stable-stringify-without-jsonify@1.0.1 OK for: eslint@8.57.1 want: ^1.0.1
2164 silly placeDep ROOT levn@0.4.1 OK for: eslint@8.57.1 want: ^0.4.1
2165 silly placeDep ROOT lodash.merge@4.6.2 OK for: eslint@8.57.1 want: ^4.6.2
2166 silly placeDep ROOT minimatch@3.1.2 OK for: eslint@8.57.1 want: ^3.1.2
2167 silly placeDep ROOT natural-compare@1.4.0 OK for: eslint@8.57.1 want: ^1.4.0
2168 silly placeDep ROOT optionator@0.9.4 OK for: eslint@8.57.1 want: ^0.9.3
2169 silly placeDep ROOT strip-ansi@6.0.1 OK for: eslint@8.57.1 want: ^6.0.1
2170 silly placeDep ROOT text-table@0.2.0 OK for: eslint@8.57.1 want: ^0.2.0
2171 silly fetch manifest strip-json-comments@^3.1.1
2172 silly fetch manifest @humanwhocodes/object-schema@^2.0.3
2173 silly fetch manifest fastq@^1.6.0
2174 silly fetch manifest @nodelib/fs.scandir@2.1.5
2175 silly fetch manifest uri-js@^4.2.2
2176 silly fetch manifest json-schema-traverse@^0.4.1
2177 silly fetch manifest which@^2.0.1
2178 silly fetch manifest path-key@^3.1.0
2179 silly fetch manifest shebang-command@^2.0.0
2180 silly fetch manifest esrecurse@^4.3.0
2181 silly fetch manifest estraverse@^5.2.0
2182 silly fetch manifest acorn@^8.9.0
2183 silly fetch manifest acorn-jsx@^5.3.2
2184 silly fetch manifest estraverse@^5.1.0
2185 silly fetch manifest flat-cache@^3.0.4
2186 silly fetch manifest locate-path@^6.0.0
2187 silly fetch manifest type-fest@^0.20.2
2188 silly fetch manifest is-extglob@^2.1.1
2189 silly fetch manifest argparse@^2.0.1
2190 silly fetch manifest prelude-ls@^1.2.1
2191 silly fetch manifest type-check@~0.4.0
2192 silly fetch manifest brace-expansion@^1.1.7
2193 silly fetch manifest deep-is@^0.1.3
2194 silly fetch manifest word-wrap@^1.2.5
2195 silly fetch manifest type-check@^0.4.0
2196 silly fetch manifest fast-levenshtein@^2.0.6
2197 http fetch GET 200 https://registry.npmjs.org/which 100ms (cache revalidated)
2198 http fetch GET 200 https://registry.npmjs.org/uri-js 105ms (cache revalidated)
2199 http fetch GET 200 https://registry.npmjs.org/json-schema-traverse 113ms (cache revalidated)
2200 http fetch GET 200 https://registry.npmjs.org/shebang-command 112ms (cache revalidated)
2201 http fetch GET 200 https://registry.npmjs.org/path-key 116ms (cache revalidated)
2202 http fetch GET 200 https://registry.npmjs.org/esrecurse 117ms (cache revalidated)
2203 http fetch GET 200 https://registry.npmjs.org/estraverse 117ms (cache revalidated)
2204 http fetch GET 200 https://registry.npmjs.org/brace-expansion 108ms (cache revalidated)
2205 http fetch GET 200 https://registry.npmjs.org/deep-is 108ms (cache revalidated)
2206 http fetch GET 200 https://registry.npmjs.org/acorn-jsx 121ms (cache revalidated)
2207 http fetch GET 200 https://registry.npmjs.org/flat-cache 122ms (cache revalidated)
2208 http fetch GET 200 https://registry.npmjs.org/estraverse 124ms (cache revalidated)
2209 http fetch GET 200 https://registry.npmjs.org/type-check 115ms (cache revalidated)
2210 http fetch GET 200 https://registry.npmjs.org/word-wrap 115ms (cache revalidated)
2211 http fetch GET 200 https://registry.npmjs.org/fastq 144ms (cache revalidated)
2212 http fetch GET 200 https://registry.npmjs.org/type-check 123ms (cache revalidated)
2213 http fetch GET 200 https://registry.npmjs.org/strip-json-comments 147ms (cache revalidated)
2214 http fetch GET 200 https://registry.npmjs.org/is-extglob 136ms (cache revalidated)
2215 http fetch GET 200 https://registry.npmjs.org/prelude-ls 131ms (cache revalidated)
2216 http fetch GET 200 https://registry.npmjs.org/fast-levenshtein 126ms (cache revalidated)
2217 http fetch GET 200 https://registry.npmjs.org/@nodelib%2ffs.scandir 265ms (cache revalidated)
2218 http fetch GET 200 https://registry.npmjs.org/@humanwhocodes%2fobject-schema 295ms (cache revalidated)
2219 timing idealTree:node_modules/eslint Completed in 339ms
2220 timing idealTree:node_modules/@eslint-community/eslint-utils Completed in 0ms
2221 timing idealTree:node_modules/@eslint-community/regexpp Completed in 0ms
2222 silly placeDep node_modules/@eslint/eslintrc js-yaml@4.1.0 OK for: @eslint/eslintrc@2.1.4 want: ^4.1.0
2223 silly placeDep ROOT strip-json-comments@3.1.1 OK for: @eslint/eslintrc@2.1.4 want: ^3.1.1
2224 timing idealTree:node_modules/@eslint/eslintrc Completed in 2ms
2225 timing idealTree:node_modules/@eslint/js Completed in 0ms
2226 silly placeDep ROOT @humanwhocodes/object-schema@2.0.3 OK for: @humanwhocodes/config-array@0.13.0 want: ^2.0.3
2227 timing idealTree:node_modules/@humanwhocodes/config-array Completed in 1ms
2228 timing idealTree:node_modules/@humanwhocodes/module-importer Completed in 0ms
2229 timing idealTree:node_modules/@humanwhocodes/object-schema Completed in 0ms
2230 silly placeDep ROOT @nodelib/fs.scandir@2.1.5 OK for: @nodelib/fs.walk@1.2.8 want: 2.1.5
2231 silly placeDep ROOT fastq@1.19.1 OK for: @nodelib/fs.walk@1.2.8 want: ^1.6.0
2232 silly fetch manifest run-parallel@^1.1.9
2233 silly fetch manifest @nodelib/fs.stat@2.0.5
2234 silly fetch manifest reusify@^1.0.4
2235 http fetch GET 200 https://registry.npmjs.org/run-parallel 30ms (cache revalidated)
2236 http fetch GET 200 https://registry.npmjs.org/reusify 28ms (cache revalidated)
2237 http fetch GET 200 https://registry.npmjs.org/@nodelib%2ffs.stat 223ms (cache revalidated)
2238 timing idealTree:node_modules/@nodelib/fs.walk Completed in 228ms
2239 silly placeDep ROOT @nodelib/fs.stat@2.0.5 OK for: @nodelib/fs.scandir@2.1.5 want: 2.0.5
2240 silly placeDep ROOT run-parallel@1.2.0 OK for: @nodelib/fs.scandir@2.1.5 want: ^1.1.9
2241 silly fetch manifest queue-microtask@^1.2.2
2242 http fetch GET 200 https://registry.npmjs.org/queue-microtask 27ms (cache revalidated)
2243 timing idealTree:node_modules/@nodelib/fs.scandir Completed in 32ms
2244 timing idealTree:node_modules/@nodelib/fs.stat Completed in 0ms
2245 timing idealTree:node_modules/@ungap/structured-clone Completed in 0ms
2246 silly placeDep ROOT json-schema-traverse@0.4.1 OK for: ajv@6.12.6 want: ^0.4.1
2247 silly placeDep ROOT uri-js@4.4.1 OK for: ajv@6.12.6 want: ^4.2.2
2248 silly fetch manifest punycode@^2.1.0
2249 http fetch GET 200 https://registry.npmjs.org/punycode 24ms (cache revalidated)
2250 timing idealTree:node_modules/ajv Completed in 29ms
2251 silly placeDep ROOT path-key@3.1.1 OK for: cross-spawn@7.0.6 want: ^3.1.0
2252 silly placeDep ROOT shebang-command@2.0.0 OK for: cross-spawn@7.0.6 want: ^2.0.0
2253 silly placeDep ROOT which@2.0.2 OK for: cross-spawn@7.0.6 want: ^2.0.1
2254 silly fetch manifest shebang-regex@^3.0.0
2255 silly fetch manifest isexe@^2.0.0
2256 http fetch GET 200 https://registry.npmjs.org/shebang-regex 26ms (cache revalidated)
2257 http fetch GET 200 https://registry.npmjs.org/isexe 31ms (cache revalidated)
2258 timing idealTree:node_modules/cross-spawn Completed in 37ms
2259 timing idealTree:node_modules/doctrine Completed in 0ms
2260 timing idealTree:node_modules/escape-string-regexp Completed in 0ms
2261 silly fetch manifest eslint@^8.0.0
2262 silly fetch manifest @babel/plugin-syntax-flow@^7.14.5
2263 silly fetch manifest @babel/plugin-transform-react-jsx@^7.14.9
2264 silly placeDep ROOT @babel/eslint-parser@7.28.4 OK for: eslint-config-react-app@7.0.1 want: ^7.16.3
2265 silly placeDep ROOT @rushstack/eslint-patch@1.12.0 OK for: eslint-config-react-app@7.0.1 want: ^1.1.0
2266 silly placeDep ROOT @typescript-eslint/eslint-plugin@5.62.0 OK for: eslint-config-react-app@7.0.1 want: ^5.5.0
2267 silly placeDep ROOT @typescript-eslint/parser@5.62.0 OK for: @typescript-eslint/eslint-plugin@5.62.0 want: ^5.0.0
2268 silly placeDep ROOT confusing-browser-globals@1.0.11 OK for: eslint-config-react-app@7.0.1 want: ^1.0.11
2269 silly placeDep ROOT eslint-plugin-flowtype@8.0.3 OK for: eslint-config-react-app@7.0.1 want: ^8.0.3
2270 silly placeDep ROOT eslint-plugin-import@2.32.0 OK for: eslint-config-react-app@7.0.1 want: ^2.25.3
2271 silly placeDep ROOT eslint-plugin-jest@25.7.0 OK for: eslint-config-react-app@7.0.1 want: ^25.3.0
2272 silly placeDep ROOT eslint-plugin-jsx-a11y@6.10.2 OK for: eslint-config-react-app@7.0.1 want: ^6.5.1
2273 silly placeDep ROOT eslint-plugin-react@7.37.5 OK for: eslint-config-react-app@7.0.1 want: ^7.27.1
2274 silly placeDep ROOT eslint-plugin-react-hooks@4.6.2 OK for: eslint-config-react-app@7.0.1 want: ^4.3.0
2275 silly placeDep ROOT eslint-plugin-testing-library@5.11.1 OK for: eslint-config-react-app@7.0.1 want: ^5.0.1
2276 silly fetch manifest eslint-visitor-keys@^2.1.0
2277 silly fetch manifest @nicolo-ribaudo/eslint-scope-5-internals@5.1.1-v1
2278 silly fetch manifest tsutils@^3.21.0
2279 silly fetch manifest natural-compare-lite@^1.4.0
2280 silly fetch manifest @typescript-eslint/utils@5.62.0
2281 silly fetch manifest @typescript-eslint/type-utils@5.62.0
2282 silly fetch manifest @typescript-eslint/scope-manager@5.62.0
2283 silly fetch manifest @typescript-eslint/types@5.62.0
2284 silly fetch manifest @typescript-eslint/typescript-estree@5.62.0
2285 silly fetch manifest string-natural-compare@^3.0.1
2286 silly fetch manifest @rtsao/scc@^1.1.0
2287 silly fetch manifest array-includes@^3.1.9
2288 silly fetch manifest array.prototype.findlastindex@^1.2.6
2289 silly fetch manifest array.prototype.flat@^1.3.3
2290 silly fetch manifest array.prototype.flatmap@^1.3.3
2291 silly fetch manifest debug@^3.2.7
2292 silly fetch manifest doctrine@^2.1.0
2293 silly fetch manifest eslint-import-resolver-node@^0.3.9
2294 silly fetch manifest eslint-module-utils@^2.12.1
2295 silly fetch manifest hasown@^2.0.2
2296 silly fetch manifest is-core-module@^2.16.1
2297 silly fetch manifest object.fromentries@^2.0.8
2298 silly fetch manifest object.groupby@^1.0.3
2299 silly fetch manifest object.values@^1.2.1
2300 silly fetch manifest string.prototype.trimend@^1.0.9
2301 silly fetch manifest tsconfig-paths@^3.15.0
2302 silly fetch manifest @typescript-eslint/experimental-utils@^5.0.0
2303 silly fetch manifest aria-query@^5.3.2
2304 silly fetch manifest array-includes@^3.1.8
2305 silly fetch manifest array.prototype.flatmap@^1.3.2
2306 silly fetch manifest ast-types-flow@^0.0.8
2307 silly fetch manifest axe-core@^4.10.0
2308 silly fetch manifest axobject-query@^4.1.0
2309 silly fetch manifest damerau-levenshtein@^1.0.8
2310 silly fetch manifest emoji-regex@^9.2.2
2311 silly fetch manifest jsx-ast-utils@^3.3.5
2312 silly fetch manifest language-tags@^1.0.9
2313 silly fetch manifest safe-regex-test@^1.0.3
2314 silly fetch manifest string.prototype.includes@^2.0.1
2315 silly fetch manifest array.prototype.findlast@^1.2.5
2316 silly fetch manifest array.prototype.tosorted@^1.1.4
2317 silly fetch manifest es-iterator-helpers@^1.2.1
2318 silly fetch manifest estraverse@^5.3.0
2319 silly fetch manifest jsx-ast-utils@^2.4.1 || ^3.0.0
2320 silly fetch manifest object.entries@^1.1.9
2321 silly fetch manifest prop-types@^15.8.1
2322 silly fetch manifest resolve@^2.0.0-next.5
2323 silly fetch manifest string.prototype.matchall@^4.0.12
2324 silly fetch manifest string.prototype.repeat@^1.0.0
2325 silly fetch manifest @typescript-eslint/utils@^5.58.0
2326 http fetch GET 200 https://registry.npmjs.org/tsutils 109ms (cache revalidated)
2327 http fetch GET 200 https://registry.npmjs.org/array-includes 108ms (cache revalidated)
2328 http fetch GET 200 https://registry.npmjs.org/@typescript-eslint%2fscope-manager 123ms (cache revalidated)
2329 http fetch GET 200 https://registry.npmjs.org/array.prototype.flatmap 153ms (cache revalidated)
2330 http fetch GET 200 https://registry.npmjs.org/array.prototype.flat 154ms (cache revalidated)
2331 http fetch GET 200 https://registry.npmjs.org/eslint-import-resolver-node 153ms (cache revalidated)
2332 http fetch GET 200 https://registry.npmjs.org/array.prototype.findlastindex 157ms (cache revalidated)
2333 http fetch GET 200 https://registry.npmjs.org/eslint-module-utils 155ms (cache revalidated)
2334 http fetch GET 200 https://registry.npmjs.org/natural-compare-lite 166ms (cache revalidated)
2335 http fetch GET 200 https://registry.npmjs.org/hasown 160ms (cache revalidated)
2336 http fetch GET 200 https://registry.npmjs.org/string.prototype.trimend 159ms (cache revalidated)
2337 http fetch GET 200 https://registry.npmjs.org/tsconfig-paths 159ms (cache revalidated)
2338 http fetch GET 200 https://registry.npmjs.org/array-includes 159ms (cache revalidated)
2339 http fetch GET 200 https://registry.npmjs.org/ast-types-flow 180ms (cache revalidated)
2340 http fetch GET 200 https://registry.npmjs.org/axe-core 189ms (cache revalidated)
2341 http fetch GET 200 https://registry.npmjs.org/axobject-query 217ms (cache revalidated)
2342 http fetch GET 200 https://registry.npmjs.org/emoji-regex 220ms (cache revalidated)
2343 http fetch GET 200 https://registry.npmjs.org/jsx-ast-utils 220ms (cache revalidated)
2344 http fetch GET 200 https://registry.npmjs.org/safe-regex-test 220ms (cache revalidated)
2345 http fetch GET 200 https://registry.npmjs.org/array.prototype.findlast 230ms (cache revalidated)
2346 http fetch GET 200 https://registry.npmjs.org/array.prototype.tosorted 237ms (cache revalidated)
2347 http fetch GET 200 https://registry.npmjs.org/array.prototype.flatmap 254ms (cache revalidated)
2348 http fetch GET 200 https://registry.npmjs.org/@typescript-eslint%2ftypescript-estree 286ms (cache revalidated)
2349 http fetch GET 200 https://registry.npmjs.org/@typescript-eslint%2ftype-utils 493ms (cache revalidated)
2350 http fetch GET 200 https://registry.npmjs.org/@rtsao%2fscc 533ms (cache revalidated)
2351 http fetch GET 200 https://registry.npmjs.org/jsx-ast-utils 521ms (cache revalidated)
2352 http fetch GET 200 https://registry.npmjs.org/@typescript-eslint%2ftypes 586ms (cache revalidated)
2353 http fetch GET 200 https://registry.npmjs.org/prop-types 581ms (cache revalidated)
2354 http fetch GET 200 https://registry.npmjs.org/object.entries 583ms (cache revalidated)
2355 http fetch GET 200 https://registry.npmjs.org/@typescript-eslint%2futils 623ms (cache revalidated)
2356 http fetch GET 200 https://registry.npmjs.org/@typescript-eslint%2fexperimental-utils 645ms (cache revalidated)
2357 http fetch GET 200 https://registry.npmjs.org/string.prototype.repeat 666ms (cache revalidated)
2358 http fetch GET 200 https://registry.npmjs.org/string.prototype.matchall 667ms (cache revalidated)
2359 http fetch GET 200 https://registry.npmjs.org/es-iterator-helpers 672ms (cache revalidated)
2360 http fetch GET 200 https://registry.npmjs.org/@typescript-eslint%2futils 680ms (cache revalidated)
2361 http fetch GET 200 https://registry.npmjs.org/string-natural-compare 817ms (cache revalidated)
2362 http fetch GET 200 https://registry.npmjs.org/language-tags 854ms (cache revalidated)
2363 http fetch GET 200 https://registry.npmjs.org/object.groupby 888ms (cache revalidated)
2364 http fetch GET 200 https://registry.npmjs.org/object.fromentries 892ms (cache revalidated)
2365 http fetch GET 200 https://registry.npmjs.org/damerau-levenshtein 920ms (cache revalidated)
2366 http fetch GET 200 https://registry.npmjs.org/string.prototype.includes 1017ms (cache revalidated)
2367 http fetch GET 200 https://registry.npmjs.org/@nicolo-ribaudo%2feslint-scope-5-internals 1792ms (cache revalidated)
2368 timing idealTree:node_modules/eslint-config-react-app Completed in 1830ms
2369 silly placeDep ROOT @nicolo-ribaudo/eslint-scope-5-internals@5.1.1-v1 OK for: @babel/eslint-parser@7.28.4 want: 5.1.1-v1
2370 silly placeDep node_modules/@babel/eslint-parser eslint-visitor-keys@2.1.0 OK for: @babel/eslint-parser@7.28.4 want: ^2.1.0
2371 silly placeDep node_modules/@babel/eslint-parser semver@6.3.1 OK for: @babel/eslint-parser@7.28.4 want: ^6.3.1
2372 timing idealTree:node_modules/@babel/eslint-parser Completed in 3ms
2373 silly placeDep node_modules/@nicolo-ribaudo/eslint-scope-5-internals eslint-scope@5.1.1 OK for: @nicolo-ribaudo/eslint-scope-5-internals@5.1.1-v1 want: 5.1.1
2374 silly fetch manifest estraverse@^4.1.1
2375 timing idealTree:node_modules/@nicolo-ribaudo/eslint-scope-5-internals Completed in 1ms
2376 timing idealTree:node_modules/@rushstack/eslint-patch Completed in 0ms
2377 silly fetch manifest typescript@>=2.8.0 || >= 3.2.0-dev || >= 3.3.0-dev || >= 3.4.0-dev || >= 3.5.0-dev || >= 3.6.0-dev || >= 3.6.0-beta || >= 3.7.0-dev || >= 3.7.0-beta
2378 silly fetch manifest eslint@^6.0.0 || ^7.0.0 || ^8.0.0
2379 silly placeDep ROOT @typescript-eslint/scope-manager@5.62.0 OK for: @typescript-eslint/eslint-plugin@5.62.0 want: 5.62.0
2380 silly placeDep ROOT @typescript-eslint/type-utils@5.62.0 OK for: @typescript-eslint/eslint-plugin@5.62.0 want: 5.62.0
2381 silly placeDep ROOT @typescript-eslint/utils@5.62.0 OK for: @typescript-eslint/eslint-plugin@5.62.0 want: 5.62.0
2382 silly placeDep ROOT natural-compare-lite@1.4.0 OK for: @typescript-eslint/eslint-plugin@5.62.0 want: ^1.4.0
2383 silly placeDep ROOT tsutils@3.21.0 OK for: @typescript-eslint/eslint-plugin@5.62.0 want: ^3.21.0
2384 silly placeDep ROOT typescript@5.9.2 OK for: tsutils@3.21.0 want: >=2.8.0 || >= 3.2.0-dev || >= 3.3.0-dev || >= 3.4.0-dev || >= 3.5.0-dev || >= 3.6.0-dev || >= 3.6.0-beta || >= 3.7.0-dev || >= 3.7.0-beta
2385 silly fetch manifest @typescript-eslint/visitor-keys@5.62.0
2386 silly fetch manifest eslint-scope@^5.1.1
2387 silly fetch manifest @types/semver@^7.3.12
2388 silly fetch manifest tslib@^1.8.1
2389 http fetch GET 200 https://registry.npmjs.org/@types%2fsemver 33ms (cache revalidated)
2390 http fetch GET 200 https://registry.npmjs.org/@typescript-eslint%2fvisitor-keys 238ms (cache revalidated)
2391 timing idealTree:node_modules/@typescript-eslint/eslint-plugin Completed in 287ms
2392 silly placeDep ROOT @typescript-eslint/types@5.62.0 OK for: @typescript-eslint/parser@5.62.0 want: 5.62.0
2393 silly placeDep ROOT @typescript-eslint/typescript-estree@5.62.0 OK for: @typescript-eslint/parser@5.62.0 want: 5.62.0
2394 silly fetch manifest globby@^11.1.0
2395 timing idealTree:node_modules/@typescript-eslint/parser Completed in 3ms
2396 silly placeDep ROOT @typescript-eslint/visitor-keys@5.62.0 OK for: @typescript-eslint/scope-manager@5.62.0 want: 5.62.0
2397 timing idealTree:node_modules/@typescript-eslint/scope-manager Completed in 1ms
2398 timing idealTree:node_modules/@typescript-eslint/type-utils Completed in 0ms
2399 timing idealTree:node_modules/@typescript-eslint/types Completed in 0ms
2400 silly placeDep ROOT globby@11.1.0 OK for: @typescript-eslint/typescript-estree@5.62.0 want: ^11.1.0
2401 silly fetch manifest merge2@^1.4.1
2402 silly fetch manifest dir-glob@^3.0.1
2403 silly fetch manifest fast-glob@^3.2.9
2404 silly fetch manifest array-union@^2.1.0
2405 http fetch GET 200 https://registry.npmjs.org/merge2 29ms (cache revalidated)
2406 http fetch GET 200 https://registry.npmjs.org/array-union 30ms (cache revalidated)
2407 http fetch GET 200 https://registry.npmjs.org/dir-glob 46ms (cache revalidated)
2408 timing idealTree:node_modules/@typescript-eslint/typescript-estree Completed in 48ms
2409 silly placeDep ROOT @types/json-schema@7.0.15 OK for: @typescript-eslint/utils@5.62.0 want: ^7.0.9
2410 silly placeDep ROOT @types/semver@7.7.1 OK for: @typescript-eslint/utils@5.62.0 want: ^7.3.12
2411 silly placeDep node_modules/@typescript-eslint/utils eslint-scope@5.1.1 OK for: @typescript-eslint/utils@5.62.0 want: ^5.1.1
2412 timing idealTree:node_modules/@typescript-eslint/utils Completed in 6ms
2413 timing idealTree:node_modules/@types/json-schema Completed in 0ms
2414 timing idealTree:node_modules/@types/semver Completed in 0ms
2415 timing idealTree:node_modules/@typescript-eslint/visitor-keys Completed in 0ms
2416 timing idealTree:node_modules/confusing-browser-globals Completed in 0ms
2417 silly placeDep ROOT lodash@4.17.21 OK for: eslint-plugin-flowtype@8.0.3 want: ^4.17.21
2418 silly placeDep ROOT string-natural-compare@3.0.1 OK for: eslint-plugin-flowtype@8.0.3 want: ^3.0.1
2419 timing idealTree:node_modules/eslint-plugin-flowtype Completed in 4ms
2420 silly placeDep ROOT @rtsao/scc@1.1.0 OK for: eslint-plugin-import@2.32.0 want: ^1.1.0
2421 silly placeDep ROOT array-includes@3.1.9 OK for: eslint-plugin-import@2.32.0 want: ^3.1.9
2422 silly placeDep ROOT array.prototype.findlastindex@1.2.6 OK for: eslint-plugin-import@2.32.0 want: ^1.2.6
2423 silly placeDep ROOT array.prototype.flat@1.3.3 OK for: eslint-plugin-import@2.32.0 want: ^1.3.3
2424 silly placeDep ROOT array.prototype.flatmap@1.3.3 OK for: eslint-plugin-import@2.32.0 want: ^1.3.3
2425 silly placeDep node_modules/eslint-plugin-import debug@3.2.7 OK for: eslint-plugin-import@2.32.0 want: ^3.2.7
2426 silly placeDep node_modules/eslint-plugin-import doctrine@2.1.0 OK for: eslint-plugin-import@2.32.0 want: ^2.1.0
2427 silly placeDep ROOT eslint-import-resolver-node@0.3.9 OK for: eslint-plugin-import@2.32.0 want: ^0.3.9
2428 silly placeDep ROOT eslint-module-utils@2.12.1 OK for: eslint-plugin-import@2.32.0 want: ^2.12.1
2429 silly placeDep ROOT hasown@2.0.2 OK for: eslint-plugin-import@2.32.0 want: ^2.0.2
2430 silly placeDep ROOT is-core-module@2.16.1 OK for: eslint-plugin-import@2.32.0 want: ^2.16.1
2431 silly placeDep ROOT object.fromentries@2.0.8 OK for: eslint-plugin-import@2.32.0 want: ^2.0.8
2432 silly placeDep ROOT object.groupby@1.0.3 OK for: eslint-plugin-import@2.32.0 want: ^1.0.3
2433 silly placeDep ROOT object.values@1.2.1 OK for: eslint-plugin-import@2.32.0 want: ^1.2.1
2434 silly placeDep node_modules/eslint-plugin-import semver@6.3.1 OK for: eslint-plugin-import@2.32.0 want: ^6.3.1
2435 silly placeDep ROOT string.prototype.trimend@1.0.9 OK for: eslint-plugin-import@2.32.0 want: ^1.0.9
2436 silly placeDep ROOT tsconfig-paths@3.15.0 OK for: eslint-plugin-import@2.32.0 want: ^3.15.0
2437 silly fetch manifest call-bind@^1.0.8
2438 silly fetch manifest call-bound@^1.0.4
2439 silly fetch manifest define-properties@^1.2.1
2440 silly fetch manifest es-abstract@^1.24.0
2441 silly fetch manifest es-object-atoms@^1.1.1
2442 silly fetch manifest get-intrinsic@^1.3.0
2443 silly fetch manifest is-string@^1.1.1
2444 silly fetch manifest math-intrinsics@^1.1.0
2445 silly fetch manifest es-abstract@^1.23.9
2446 silly fetch manifest es-errors@^1.3.0
2447 silly fetch manifest es-shim-unscopables@^1.1.0
2448 silly fetch manifest es-abstract@^1.23.5
2449 silly fetch manifest es-shim-unscopables@^1.0.2
2450 silly fetch manifest function-bind@^1.1.2
2451 silly fetch manifest call-bind@^1.0.7
2452 silly fetch manifest es-abstract@^1.23.2
2453 silly fetch manifest es-object-atoms@^1.0.0
2454 silly fetch manifest call-bound@^1.0.3
2455 silly fetch manifest call-bound@^1.0.2
2456 silly fetch manifest json5@^1.0.2
2457 silly fetch manifest minimist@^1.2.6
2458 silly fetch manifest strip-bom@^3.0.0
2459 silly fetch manifest @types/json5@^0.0.29
2460 http fetch GET 200 https://registry.npmjs.org/is-string 54ms (cache revalidated)
2461 http fetch GET 200 https://registry.npmjs.org/get-intrinsic 66ms (cache revalidated)
2462 http fetch GET 200 https://registry.npmjs.org/es-abstract 56ms (cache revalidated)
2463 http fetch GET 200 https://registry.npmjs.org/es-object-atoms 74ms (cache revalidated)
2464 http fetch GET 200 https://registry.npmjs.org/function-bind 67ms (cache revalidated)
2465 http fetch GET 200 https://registry.npmjs.org/es-errors 71ms (cache revalidated)
2466 http fetch GET 200 https://registry.npmjs.org/call-bind 68ms (cache revalidated)
2467 http fetch GET 200 https://registry.npmjs.org/es-abstract 71ms (cache revalidated)
2468 http fetch GET 200 https://registry.npmjs.org/es-abstract 77ms (cache revalidated)
2469 http fetch GET 200 https://registry.npmjs.org/call-bind 96ms (cache revalidated)
2470 http fetch GET 200 https://registry.npmjs.org/call-bound 75ms (cache revalidated)
2471 http fetch GET 200 https://registry.npmjs.org/call-bound 98ms (cache revalidated)
2472 http fetch GET 200 https://registry.npmjs.org/es-abstract 96ms (cache revalidated)
2473 http fetch GET 200 https://registry.npmjs.org/math-intrinsics 99ms (cache revalidated)
2474 http fetch GET 200 https://registry.npmjs.org/define-properties 103ms (cache revalidated)
2475 http fetch GET 200 https://registry.npmjs.org/minimist 81ms (cache revalidated)
2476 http fetch GET 200 https://registry.npmjs.org/es-shim-unscopables 87ms (cache revalidated)
2477 http fetch GET 200 https://registry.npmjs.org/es-object-atoms 84ms (cache revalidated)
2478 http fetch GET 200 https://registry.npmjs.org/call-bound 85ms (cache revalidated)
2479 http fetch GET 200 https://registry.npmjs.org/strip-bom 83ms (cache revalidated)
2480 http fetch GET 200 https://registry.npmjs.org/@types%2fjson5 82ms (cache revalidated)
2481 http fetch GET 200 https://registry.npmjs.org/es-shim-unscopables 792ms (cache revalidated)
2482 timing idealTree:node_modules/eslint-plugin-import Completed in 828ms
2483 timing idealTree:node_modules/@rtsao/scc Completed in 0ms
2484 silly placeDep ROOT call-bind@1.0.8 OK for: array-includes@3.1.9 want: ^1.0.8
2485 silly placeDep ROOT call-bound@1.0.4 OK for: array-includes@3.1.9 want: ^1.0.4
2486 silly placeDep ROOT define-properties@1.2.1 OK for: array-includes@3.1.9 want: ^1.2.1
2487 silly placeDep ROOT es-abstract@1.24.0 OK for: array-includes@3.1.9 want: ^1.24.0
2488 silly placeDep ROOT es-object-atoms@1.1.1 OK for: array-includes@3.1.9 want: ^1.1.1
2489 silly placeDep ROOT get-intrinsic@1.3.0 OK for: array-includes@3.1.9 want: ^1.3.0
2490 silly placeDep ROOT is-string@1.1.1 OK for: array-includes@3.1.9 want: ^1.1.1
2491 silly placeDep ROOT math-intrinsics@1.1.0 OK for: array-includes@3.1.9 want: ^1.1.0
2492 silly fetch manifest call-bind-apply-helpers@^1.0.0
2493 silly fetch manifest es-define-property@^1.0.0
2494 silly fetch manifest set-function-length@^1.2.2
2495 silly fetch manifest call-bind-apply-helpers@^1.0.2
2496 silly fetch manifest define-data-property@^1.0.1
2497 silly fetch manifest has-property-descriptors@^1.0.0
2498 silly fetch manifest object-keys@^1.1.1
2499 silly fetch manifest array-buffer-byte-length@^1.0.2
2500 silly fetch manifest arraybuffer.prototype.slice@^1.0.4
2501 silly fetch manifest available-typed-arrays@^1.0.7
2502 silly fetch manifest data-view-buffer@^1.0.2
2503 silly fetch manifest data-view-byte-length@^1.0.2
2504 silly fetch manifest data-view-byte-offset@^1.0.1
2505 silly fetch manifest es-define-property@^1.0.1
2506 silly fetch manifest es-set-tostringtag@^2.1.0
2507 silly fetch manifest es-to-primitive@^1.3.0
2508 silly fetch manifest function.prototype.name@^1.1.8
2509 silly fetch manifest get-proto@^1.0.1
2510 silly fetch manifest get-symbol-description@^1.1.0
2511 silly fetch manifest globalthis@^1.0.4
2512 silly fetch manifest gopd@^1.2.0
2513 silly fetch manifest has-property-descriptors@^1.0.2
2514 silly fetch manifest has-proto@^1.2.0
2515 silly fetch manifest has-symbols@^1.1.0
2516 silly fetch manifest internal-slot@^1.1.0
2517 silly fetch manifest is-array-buffer@^3.0.5
2518 silly fetch manifest is-callable@^1.2.7
2519 silly fetch manifest is-data-view@^1.0.2
2520 silly fetch manifest is-negative-zero@^2.0.3
2521 silly fetch manifest is-regex@^1.2.1
2522 silly fetch manifest is-set@^2.0.3
2523 silly fetch manifest is-shared-array-buffer@^1.0.4
2524 silly fetch manifest is-typed-array@^1.1.15
2525 silly fetch manifest is-weakref@^1.1.1
2526 silly fetch manifest object-inspect@^1.13.4
2527 silly fetch manifest object.assign@^4.1.7
2528 silly fetch manifest own-keys@^1.0.1
2529 silly fetch manifest regexp.prototype.flags@^1.5.4
2530 silly fetch manifest safe-array-concat@^1.1.3
2531 silly fetch manifest safe-push-apply@^1.0.0
2532 silly fetch manifest safe-regex-test@^1.1.0
2533 silly fetch manifest set-proto@^1.0.0
2534 silly fetch manifest stop-iteration-iterator@^1.1.0
2535 silly fetch manifest string.prototype.trim@^1.2.10
2536 silly fetch manifest string.prototype.trimstart@^1.0.8
2537 silly fetch manifest typed-array-buffer@^1.0.3
2538 silly fetch manifest typed-array-byte-length@^1.0.3
2539 silly fetch manifest typed-array-byte-offset@^1.0.4
2540 silly fetch manifest typed-array-length@^1.0.7
2541 silly fetch manifest unbox-primitive@^1.1.0
2542 silly fetch manifest which-typed-array@^1.1.19
2543 silly fetch manifest has-tostringtag@^1.0.2
2544 http fetch GET 200 https://registry.npmjs.org/unbox-primitive 96ms (cache revalidated)
2545 http fetch GET 200 https://registry.npmjs.org/which-typed-array 101ms (cache revalidated)
2546 http fetch GET 200 https://registry.npmjs.org/set-function-length 134ms (cache revalidated)
2547 http fetch GET 200 https://registry.npmjs.org/es-define-property 143ms (cache revalidated)
2548 http fetch GET 200 https://registry.npmjs.org/call-bind-apply-helpers 145ms (cache revalidated)
2549 http fetch GET 200 https://registry.npmjs.org/data-view-byte-length 139ms (cache revalidated)
2550 http fetch GET 200 https://registry.npmjs.org/object-keys 143ms (cache revalidated)
2551 http fetch GET 200 https://registry.npmjs.org/available-typed-arrays 141ms (cache revalidated)
2552 http fetch GET 200 https://registry.npmjs.org/data-view-buffer 142ms (cache revalidated)
2553 http fetch GET 200 https://registry.npmjs.org/es-define-property 140ms (cache revalidated)
2554 http fetch GET 200 https://registry.npmjs.org/data-view-byte-offset 141ms (cache revalidated)
2555 http fetch GET 200 https://registry.npmjs.org/typed-array-buffer 118ms (cache revalidated)
2556 http fetch GET 200 https://registry.npmjs.org/array-buffer-byte-length 144ms (cache revalidated)
2557 http fetch GET 200 https://registry.npmjs.org/es-set-tostringtag 143ms (cache revalidated)
2558 http fetch GET 200 https://registry.npmjs.org/es-to-primitive 165ms (cache revalidated)
2559 http fetch GET 200 https://registry.npmjs.org/define-data-property 173ms (cache revalidated)
2560 http fetch GET 200 https://registry.npmjs.org/get-symbol-description 167ms (cache revalidated)
2561 http fetch GET 200 https://registry.npmjs.org/function.prototype.name 169ms (cache revalidated)
2562 http fetch GET 200 https://registry.npmjs.org/get-proto 169ms (cache revalidated)
2563 http fetch GET 200 https://registry.npmjs.org/is-set 162ms (cache revalidated)
2564 http fetch GET 200 https://registry.npmjs.org/globalthis 169ms (cache revalidated)
2565 http fetch GET 200 https://registry.npmjs.org/call-bind-apply-helpers 178ms (cache revalidated)
2566 http fetch GET 200 https://registry.npmjs.org/is-shared-array-buffer 164ms (cache revalidated)
2567 http fetch GET 200 https://registry.npmjs.org/has-property-descriptors 178ms (cache revalidated)
2568 http fetch GET 200 https://registry.npmjs.org/gopd 172ms (cache revalidated)
2569 http fetch GET 200 https://registry.npmjs.org/has-property-descriptors 171ms (cache revalidated)
2570 http fetch GET 200 https://registry.npmjs.org/is-negative-zero 168ms (cache revalidated)
2571 http fetch GET 200 https://registry.npmjs.org/is-regex 182ms (cache revalidated)
2572 http fetch GET 200 https://registry.npmjs.org/object-inspect 186ms (cache revalidated)
2573 http fetch GET 200 https://registry.npmjs.org/own-keys 181ms (cache revalidated)
2574 http fetch GET 200 https://registry.npmjs.org/is-weakref 190ms (cache revalidated)
2575 http fetch GET 200 https://registry.npmjs.org/safe-push-apply 182ms (cache revalidated)
2576 http fetch GET 200 https://registry.npmjs.org/has-tostringtag 177ms (cache revalidated)
2577 http fetch GET 200 https://registry.npmjs.org/regexp.prototype.flags 184ms (cache revalidated)
2578 http fetch GET 200 https://registry.npmjs.org/string.prototype.trim 183ms (cache revalidated)
2579 http fetch GET 200 https://registry.npmjs.org/string.prototype.trimstart 182ms (cache revalidated)
2580 http fetch GET 200 https://registry.npmjs.org/safe-array-concat 185ms (cache revalidated)
2581 http fetch GET 200 https://registry.npmjs.org/set-proto 185ms (cache revalidated)
2582 http fetch GET 200 https://registry.npmjs.org/stop-iteration-iterator 186ms (cache revalidated)
2583 http fetch GET 200 https://registry.npmjs.org/object.assign 190ms (cache revalidated)
2584 http fetch GET 200 https://registry.npmjs.org/typed-array-byte-length 184ms (cache revalidated)
2585 http fetch GET 200 https://registry.npmjs.org/typed-array-byte-offset 185ms (cache revalidated)
2586 http fetch GET 200 https://registry.npmjs.org/has-proto 223ms (cache revalidated)
2587 http fetch GET 200 https://registry.npmjs.org/is-callable 223ms (cache revalidated)
2588 http fetch GET 200 https://registry.npmjs.org/has-symbols 224ms (cache revalidated)
2589 http fetch GET 200 https://registry.npmjs.org/internal-slot 225ms (cache revalidated)
2590 http fetch GET 200 https://registry.npmjs.org/is-array-buffer 224ms (cache revalidated)
2591 http fetch GET 200 https://registry.npmjs.org/is-data-view 223ms (cache revalidated)
2592 http fetch GET 200 https://registry.npmjs.org/is-typed-array 220ms (cache revalidated)
2593 http fetch GET 200 https://registry.npmjs.org/typed-array-length 796ms (cache revalidated)
2594 http fetch GET 200 https://registry.npmjs.org/arraybuffer.prototype.slice 853ms (cache revalidated)
2595 timing idealTree:node_modules/array-includes Completed in 870ms
2596 silly placeDep ROOT es-errors@1.3.0 OK for: array.prototype.findlastindex@1.2.6 want: ^1.3.0
2597 silly placeDep ROOT es-shim-unscopables@1.1.0 OK for: array.prototype.findlastindex@1.2.6 want: ^1.1.0
2598 timing idealTree:node_modules/array.prototype.findlastindex Completed in 3ms
2599 timing idealTree:node_modules/array.prototype.flat Completed in 0ms
2600 timing idealTree:node_modules/array.prototype.flatmap Completed in 0ms
2601 silly placeDep ROOT call-bind-apply-helpers@1.0.2 OK for: call-bind@1.0.8 want: ^1.0.0
2602 silly placeDep ROOT es-define-property@1.0.1 OK for: call-bind@1.0.8 want: ^1.0.0
2603 silly placeDep ROOT set-function-length@1.2.2 OK for: call-bind@1.0.8 want: ^1.2.2
2604 silly fetch manifest define-data-property@^1.1.4
2605 silly fetch manifest gopd@^1.0.1
2606 timing idealTree:node_modules/call-bind Completed in 3ms
2607 silly placeDep ROOT function-bind@1.1.2 OK for: call-bind-apply-helpers@1.0.2 want: ^1.1.2
2608 timing idealTree:node_modules/call-bind-apply-helpers Completed in 2ms
2609 timing idealTree:node_modules/call-bound Completed in 0ms
2610 silly placeDep ROOT define-data-property@1.1.4 OK for: define-properties@1.2.1 want: ^1.0.1
2611 silly placeDep ROOT has-property-descriptors@1.0.2 OK for: define-properties@1.2.1 want: ^1.0.0
2612 silly placeDep ROOT object-keys@1.1.1 OK for: define-properties@1.2.1 want: ^1.1.1
2613 timing idealTree:node_modules/define-properties Completed in 6ms
2614 silly placeDep ROOT gopd@1.2.0 OK for: define-data-property@1.1.4 want: ^1.0.1
2615 timing idealTree:node_modules/define-data-property Completed in 1ms
2616 silly placeDep ROOT array-buffer-byte-length@1.0.2 OK for: es-abstract@1.24.0 want: ^1.0.2
2617 silly placeDep ROOT arraybuffer.prototype.slice@1.0.4 OK for: es-abstract@1.24.0 want: ^1.0.4
2618 silly placeDep ROOT available-typed-arrays@1.0.7 OK for: es-abstract@1.24.0 want: ^1.0.7
2619 silly placeDep ROOT data-view-buffer@1.0.2 OK for: es-abstract@1.24.0 want: ^1.0.2
2620 silly placeDep ROOT data-view-byte-length@1.0.2 OK for: es-abstract@1.24.0 want: ^1.0.2
2621 silly placeDep ROOT data-view-byte-offset@1.0.1 OK for: es-abstract@1.24.0 want: ^1.0.1
2622 silly placeDep ROOT es-set-tostringtag@2.1.0 OK for: es-abstract@1.24.0 want: ^2.1.0
2623 silly placeDep ROOT es-to-primitive@1.3.0 OK for: es-abstract@1.24.0 want: ^1.3.0
2624 silly placeDep ROOT function.prototype.name@1.1.8 OK for: es-abstract@1.24.0 want: ^1.1.8
2625 silly placeDep ROOT get-proto@1.0.1 OK for: es-abstract@1.24.0 want: ^1.0.1
2626 silly placeDep ROOT get-symbol-description@1.1.0 OK for: es-abstract@1.24.0 want: ^1.1.0
2627 silly placeDep ROOT globalthis@1.0.4 OK for: es-abstract@1.24.0 want: ^1.0.4
2628 silly placeDep ROOT has-proto@1.2.0 OK for: es-abstract@1.24.0 want: ^1.2.0
2629 silly placeDep ROOT has-symbols@1.1.0 OK for: es-abstract@1.24.0 want: ^1.1.0
2630 silly placeDep ROOT internal-slot@1.1.0 OK for: es-abstract@1.24.0 want: ^1.1.0
2631 silly placeDep ROOT is-array-buffer@3.0.5 OK for: es-abstract@1.24.0 want: ^3.0.5
2632 silly placeDep ROOT is-callable@1.2.7 OK for: es-abstract@1.24.0 want: ^1.2.7
2633 silly placeDep ROOT is-data-view@1.0.2 OK for: es-abstract@1.24.0 want: ^1.0.2
2634 silly placeDep ROOT is-negative-zero@2.0.3 OK for: es-abstract@1.24.0 want: ^2.0.3
2635 silly placeDep ROOT is-regex@1.2.1 OK for: es-abstract@1.24.0 want: ^1.2.1
2636 silly placeDep ROOT is-set@2.0.3 OK for: es-abstract@1.24.0 want: ^2.0.3
2637 silly placeDep ROOT is-shared-array-buffer@1.0.4 OK for: es-abstract@1.24.0 want: ^1.0.4
2638 silly placeDep ROOT is-typed-array@1.1.15 OK for: es-abstract@1.24.0 want: ^1.1.15
2639 silly placeDep ROOT is-weakref@1.1.1 OK for: es-abstract@1.24.0 want: ^1.1.1
2640 silly placeDep ROOT object-inspect@1.13.4 OK for: es-abstract@1.24.0 want: ^1.13.4
2641 silly placeDep ROOT object.assign@4.1.7 OK for: es-abstract@1.24.0 want: ^4.1.7
2642 silly placeDep ROOT own-keys@1.0.1 OK for: es-abstract@1.24.0 want: ^1.0.1
2643 silly placeDep ROOT regexp.prototype.flags@1.5.4 OK for: es-abstract@1.24.0 want: ^1.5.4
2644 silly placeDep ROOT safe-array-concat@1.1.3 OK for: es-abstract@1.24.0 want: ^1.1.3
2645 silly placeDep ROOT safe-push-apply@1.0.0 OK for: es-abstract@1.24.0 want: ^1.0.0
2646 silly placeDep ROOT safe-regex-test@1.1.0 OK for: es-abstract@1.24.0 want: ^1.1.0
2647 silly placeDep ROOT set-proto@1.0.0 OK for: es-abstract@1.24.0 want: ^1.0.0
2648 silly placeDep ROOT stop-iteration-iterator@1.1.0 OK for: es-abstract@1.24.0 want: ^1.1.0
2649 silly placeDep ROOT string.prototype.trim@1.2.10 OK for: es-abstract@1.24.0 want: ^1.2.10
2650 silly placeDep ROOT string.prototype.trimstart@1.0.8 OK for: es-abstract@1.24.0 want: ^1.0.8
2651 silly placeDep ROOT typed-array-buffer@1.0.3 OK for: es-abstract@1.24.0 want: ^1.0.3
2652 silly placeDep ROOT typed-array-byte-length@1.0.3 OK for: es-abstract@1.24.0 want: ^1.0.3
2653 silly placeDep ROOT typed-array-byte-offset@1.0.4 OK for: es-abstract@1.24.0 want: ^1.0.4
2654 silly placeDep ROOT typed-array-length@1.0.7 OK for: es-abstract@1.24.0 want: ^1.0.7
2655 silly placeDep ROOT unbox-primitive@1.1.0 OK for: es-abstract@1.24.0 want: ^1.1.0
2656 silly placeDep ROOT which-typed-array@1.1.19 OK for: es-abstract@1.24.0 want: ^1.1.19
2657 silly fetch manifest possible-typed-array-names@^1.0.0
2658 silly fetch manifest is-date-object@^1.0.5
2659 silly fetch manifest is-symbol@^1.0.4
2660 silly fetch manifest functions-have-names@^1.2.3
2661 silly fetch manifest dunder-proto@^1.0.1
2662 silly fetch manifest dunder-proto@^1.0.0
2663 silly fetch manifest side-channel@^1.1.0
2664 silly fetch manifest set-function-name@^2.0.2
2665 silly fetch manifest isarray@^2.0.5
2666 silly fetch manifest for-each@^0.3.3
2667 silly fetch manifest reflect.getprototypeof@^1.0.9
2668 silly fetch manifest reflect.getprototypeof@^1.0.6
2669 silly fetch manifest has-bigints@^1.0.2
2670 silly fetch manifest which-boxed-primitive@^1.1.1
2671 silly fetch manifest for-each@^0.3.5
2672 http fetch GET 200 https://registry.npmjs.org/has-bigints 30ms (cache revalidated)
2673 http fetch GET 200 https://registry.npmjs.org/side-channel 41ms (cache revalidated)
2674 http fetch GET 200 https://registry.npmjs.org/is-date-object 45ms (cache revalidated)
2675 http fetch GET 200 https://registry.npmjs.org/is-symbol 45ms (cache revalidated)
2676 http fetch GET 200 https://registry.npmjs.org/functions-have-names 50ms (cache revalidated)
2677 http fetch GET 200 https://registry.npmjs.org/dunder-proto 56ms (cache revalidated)
2678 http fetch GET 200 https://registry.npmjs.org/possible-typed-array-names 60ms (cache revalidated)
2679 http fetch GET 200 https://registry.npmjs.org/for-each 57ms (cache revalidated)
2680 http fetch GET 200 https://registry.npmjs.org/dunder-proto 60ms (cache revalidated)
2681 http fetch GET 200 https://registry.npmjs.org/reflect.getprototypeof 58ms (cache revalidated)
2682 http fetch GET 200 https://registry.npmjs.org/isarray 60ms (cache revalidated)
2683 http fetch GET 200 https://registry.npmjs.org/which-boxed-primitive 57ms (cache revalidated)
2684 http fetch GET 200 https://registry.npmjs.org/reflect.getprototypeof 58ms (cache revalidated)
2685 http fetch GET 200 https://registry.npmjs.org/set-function-name 62ms (cache revalidated)
2686 http fetch GET 200 https://registry.npmjs.org/for-each 59ms (cache revalidated)
2687 timing idealTree:node_modules/es-abstract Completed in 117ms
2688 timing idealTree:node_modules/array-buffer-byte-length Completed in 0ms
2689 timing idealTree:node_modules/arraybuffer.prototype.slice Completed in 0ms
2690 silly placeDep ROOT possible-typed-array-names@1.1.0 OK for: available-typed-arrays@1.0.7 want: ^1.0.0
2691 timing idealTree:node_modules/available-typed-arrays Completed in 2ms
2692 timing idealTree:node_modules/data-view-buffer Completed in 0ms
2693 timing idealTree:node_modules/data-view-byte-length Completed in 0ms
2694 timing idealTree:node_modules/data-view-byte-offset Completed in 0ms
2695 timing idealTree:node_modules/es-define-property Completed in 0ms
2696 timing idealTree:node_modules/es-errors Completed in 0ms
2697 timing idealTree:node_modules/es-object-atoms Completed in 0ms
2698 silly placeDep ROOT has-tostringtag@1.0.2 OK for: es-set-tostringtag@2.1.0 want: ^1.0.2
2699 timing idealTree:node_modules/es-set-tostringtag Completed in 1ms
2700 timing idealTree:node_modules/es-shim-unscopables Completed in 0ms
2701 silly placeDep ROOT is-date-object@1.1.0 OK for: es-to-primitive@1.3.0 want: ^1.0.5
2702 silly placeDep ROOT is-symbol@1.1.1 OK for: es-to-primitive@1.3.0 want: ^1.0.4
2703 timing idealTree:node_modules/es-to-primitive Completed in 2ms
2704 silly placeDep node_modules/eslint-import-resolver-node debug@3.2.7 OK for: eslint-import-resolver-node@0.3.9 want: ^3.2.7
2705 timing idealTree:node_modules/eslint-import-resolver-node Completed in 1ms
2706 silly placeDep node_modules/eslint-module-utils debug@3.2.7 OK for: eslint-module-utils@2.12.1 want: ^3.2.7
2707 timing idealTree:node_modules/eslint-module-utils Completed in 1ms
2708 silly placeDep ROOT @typescript-eslint/experimental-utils@5.62.0 OK for: eslint-plugin-jest@25.7.0 want: ^5.0.0
2709 timing idealTree:node_modules/eslint-plugin-jest Completed in 1ms
2710 timing idealTree:node_modules/@typescript-eslint/experimental-utils Completed in 0ms
2711 silly placeDep node_modules/eslint-plugin-jsx-a11y aria-query@5.3.2 OK for: eslint-plugin-jsx-a11y@6.10.2 want: ^5.3.2
2712 silly placeDep ROOT ast-types-flow@0.0.8 OK for: eslint-plugin-jsx-a11y@6.10.2 want: ^0.0.8
2713 silly placeDep ROOT axe-core@4.10.3 OK for: eslint-plugin-jsx-a11y@6.10.2 want: ^4.10.0
2714 silly placeDep ROOT axobject-query@4.1.0 OK for: eslint-plugin-jsx-a11y@6.10.2 want: ^4.1.0
2715 silly placeDep ROOT damerau-levenshtein@1.0.8 OK for: eslint-plugin-jsx-a11y@6.10.2 want: ^1.0.8
2716 silly placeDep ROOT emoji-regex@9.2.2 OK for: eslint-plugin-jsx-a11y@6.10.2 want: ^9.2.2
2717 silly placeDep ROOT jsx-ast-utils@3.3.5 OK for: eslint-plugin-jsx-a11y@6.10.2 want: ^3.3.5
2718 silly placeDep ROOT language-tags@1.0.9 OK for: eslint-plugin-jsx-a11y@6.10.2 want: ^1.0.9
2719 silly placeDep ROOT string.prototype.includes@2.0.1 OK for: eslint-plugin-jsx-a11y@6.10.2 want: ^2.0.1
2720 silly fetch manifest language-subtag-registry@^0.3.20
2721 http fetch GET 200 https://registry.npmjs.org/language-subtag-registry 22ms (cache revalidated)
2722 timing idealTree:node_modules/eslint-plugin-jsx-a11y Completed in 32ms
2723 timing idealTree:node_modules/ast-types-flow Completed in 0ms
2724 timing idealTree:node_modules/axe-core Completed in 0ms
2725 timing idealTree:node_modules/axobject-query Completed in 0ms
2726 timing idealTree:node_modules/damerau-levenshtein Completed in 0ms
2727 timing idealTree:node_modules/emoji-regex Completed in 0ms
2728 silly placeDep ROOT array.prototype.findlast@1.2.5 OK for: eslint-plugin-react@7.37.5 want: ^1.2.5
2729 silly placeDep ROOT array.prototype.tosorted@1.1.4 OK for: eslint-plugin-react@7.37.5 want: ^1.1.4
2730 silly placeDep node_modules/eslint-plugin-react doctrine@2.1.0 OK for: eslint-plugin-react@7.37.5 want: ^2.1.0
2731 silly placeDep ROOT es-iterator-helpers@1.2.1 OK for: eslint-plugin-react@7.37.5 want: ^1.2.1
2732 silly placeDep ROOT estraverse@5.3.0 OK for: eslint-plugin-react@7.37.5 want: ^5.3.0
2733 silly placeDep ROOT object.entries@1.1.9 OK for: eslint-plugin-react@7.37.5 want: ^1.1.9
2734 silly placeDep ROOT prop-types@15.8.1 OK for: eslint-plugin-react@7.37.5 want: ^15.8.1
2735 silly placeDep node_modules/eslint-plugin-react resolve@2.0.0-next.5 OK for: eslint-plugin-react@7.37.5 want: ^2.0.0-next.5
2736 silly placeDep node_modules/eslint-plugin-react semver@6.3.1 OK for: eslint-plugin-react@7.37.5 want: ^6.3.1
2737 silly placeDep ROOT string.prototype.matchall@4.0.12 OK for: eslint-plugin-react@7.37.5 want: ^4.0.12
2738 silly placeDep ROOT string.prototype.repeat@1.0.0 OK for: eslint-plugin-react@7.37.5 want: ^1.0.0
2739 silly fetch manifest iterator.prototype@^1.1.4
2740 silly fetch manifest loose-envify@^1.4.0
2741 silly fetch manifest react-is@^16.13.1
2742 http fetch GET 200 https://registry.npmjs.org/iterator.prototype 48ms (cache revalidated)
2743 http fetch GET 200 https://registry.npmjs.org/loose-envify 54ms (cache revalidated)
2744 timing idealTree:node_modules/eslint-plugin-react Completed in 72ms
2745 timing idealTree:node_modules/array.prototype.findlast Completed in 0ms
2746 timing idealTree:node_modules/array.prototype.tosorted Completed in 0ms
2747 silly placeDep ROOT iterator.prototype@1.1.5 OK for: es-iterator-helpers@1.2.1 want: ^1.1.4
2748 timing idealTree:node_modules/es-iterator-helpers Completed in 4ms
2749 timing idealTree:node_modules/eslint-plugin-react-hooks Completed in 0ms
2750 timing idealTree:node_modules/eslint-plugin-testing-library Completed in 0ms
2751 silly placeDep ROOT esrecurse@4.3.0 OK for: eslint-scope@7.2.2 want: ^4.3.0
2752 timing idealTree:node_modules/eslint-scope Completed in 2ms
2753 timing idealTree:node_modules/eslint-visitor-keys Completed in 0ms
2754 silly placeDep ROOT @types/eslint@8.56.12 OK for: eslint-webpack-plugin@3.2.0 want: ^7.29.0 || ^8.4.1
2755 silly placeDep node_modules/eslint-webpack-plugin jest-worker@28.1.3 OK for: eslint-webpack-plugin@3.2.0 want: ^28.0.2
2756 silly placeDep ROOT normalize-path@3.0.0 OK for: eslint-webpack-plugin@3.2.0 want: ^3.0.0
2757 silly fetch manifest @types/estree@*
2758 timing idealTree:node_modules/eslint-webpack-plugin Completed in 4ms
2759 silly placeDep ROOT @types/estree@1.0.8 OK for: @types/eslint@8.56.12 want: *
2760 timing idealTree:node_modules/@types/eslint Completed in 1ms
2761 timing idealTree:node_modules/@types/estree Completed in 0ms
2762 silly placeDep ROOT acorn@8.15.0 OK for: espree@9.6.1 want: ^8.9.0
2763 silly placeDep ROOT acorn-jsx@5.3.2 OK for: espree@9.6.1 want: ^5.3.2
2764 timing idealTree:node_modules/espree Completed in 2ms
2765 timing idealTree:node_modules/acorn Completed in 0ms
2766 timing idealTree:node_modules/acorn-jsx Completed in 0ms
2767 timing idealTree:node_modules/esquery Completed in 0ms
2768 timing idealTree:node_modules/esrecurse Completed in 0ms
2769 timing idealTree:node_modules/estraverse Completed in 0ms
2770 timing idealTree:node_modules/esutils Completed in 0ms
2771 timing idealTree:node_modules/fast-deep-equal Completed in 0ms
2772 timing idealTree:node_modules/fast-json-stable-stringify Completed in 0ms
2773 silly placeDep ROOT reusify@1.1.0 OK for: fastq@1.19.1 want: ^1.0.4
2774 timing idealTree:node_modules/fastq Completed in 1ms
2775 silly placeDep ROOT flat-cache@3.2.0 OK for: file-entry-cache@6.0.1 want: ^3.0.4
2776 silly fetch manifest keyv@^4.5.3
2777 silly fetch manifest flatted@^3.2.9
2778 http fetch GET 200 https://registry.npmjs.org/keyv 26ms (cache revalidated)
2779 http fetch GET 200 https://registry.npmjs.org/flatted 30ms (cache revalidated)
2780 timing idealTree:node_modules/file-entry-cache Completed in 34ms
2781 silly placeDep node_modules/file-loader schema-utils@3.3.0 OK for: file-loader@6.2.0 want: ^3.0.0
2782 timing idealTree:node_modules/file-loader Completed in 4ms
2783 silly placeDep ROOT commondir@1.0.1 OK for: find-cache-dir@3.3.2 want: ^1.0.1
2784 silly placeDep ROOT pkg-dir@4.2.0 OK for: find-cache-dir@3.3.2 want: ^4.1.0
2785 timing idealTree:node_modules/find-cache-dir Completed in 5ms
2786 timing idealTree:node_modules/commondir Completed in 0ms
2787 silly placeDep ROOT locate-path@5.0.0 OK for: find-up@4.1.0 want: ^5.0.0
2788 silly placeDep ROOT path-exists@4.0.0 OK for: find-up@4.1.0 want: ^4.0.0
2789 silly fetch manifest p-locate@^4.1.0
2790 http fetch GET 200 https://registry.npmjs.org/p-locate 22ms (cache revalidated)
2791 timing idealTree:node_modules/find-up Completed in 25ms
2792 silly placeDep ROOT flatted@3.3.3 OK for: flat-cache@3.2.0 want: ^3.2.9
2793 silly placeDep ROOT keyv@4.5.4 OK for: flat-cache@3.2.0 want: ^4.5.3
2794 silly placeDep ROOT rimraf@3.0.2 OK for: flat-cache@3.2.0 want: ^3.0.2
2795 silly fetch manifest json-buffer@3.0.1
2796 silly fetch manifest glob@^7.1.3
2797 http fetch GET 200 https://registry.npmjs.org/json-buffer 799ms (cache revalidated)
2798 timing idealTree:node_modules/flat-cache Completed in 805ms
2799 timing idealTree:node_modules/flatted Completed in 0ms
2800 silly placeDep ROOT jsonfile@6.2.0 OK for: fs-extra@10.1.0 want: ^6.0.1
2801 silly placeDep ROOT universalify@2.0.1 OK for: fs-extra@10.1.0 want: ^2.0.0
2802 timing idealTree:node_modules/fs-extra Completed in 3ms
2803 timing idealTree:node_modules/fsevents Completed in 0ms
2804 timing idealTree:node_modules/function-bind Completed in 0ms
2805 silly placeDep ROOT functions-have-names@1.2.3 OK for: function.prototype.name@1.1.8 want: ^1.2.3
2806 timing idealTree:node_modules/function.prototype.name Completed in 1ms
2807 timing idealTree:node_modules/functions-have-names Completed in 0ms
2808 timing idealTree:node_modules/gensync Completed in 0ms
2809 timing idealTree:node_modules/get-intrinsic Completed in 0ms
2810 timing idealTree:node_modules/get-package-type Completed in 0ms
2811 silly placeDep ROOT dunder-proto@1.0.1 OK for: get-proto@1.0.1 want: ^1.0.1
2812 timing idealTree:node_modules/get-proto Completed in 2ms
2813 timing idealTree:node_modules/dunder-proto Completed in 0ms
2814 timing idealTree:node_modules/get-symbol-description Completed in 0ms
2815 timing idealTree:node_modules/glob-parent Completed in 0ms
2816 silly placeDep ROOT type-fest@0.20.2 OK for: globals@13.24.0 want: ^0.20.2
2817 timing idealTree:node_modules/globals Completed in 2ms
2818 timing idealTree:node_modules/globalthis Completed in 0ms
2819 silly placeDep ROOT array-union@2.1.0 OK for: globby@11.1.0 want: ^2.1.0
2820 silly placeDep ROOT dir-glob@3.0.1 OK for: globby@11.1.0 want: ^3.0.1
2821 silly placeDep ROOT fast-glob@3.3.3 OK for: globby@11.1.0 want: ^3.2.9
2822 silly placeDep ROOT merge2@1.4.1 OK for: globby@11.1.0 want: ^1.4.1
2823 silly fetch manifest glob-parent@^5.1.2
2824 timing idealTree:node_modules/globby Completed in 4ms
2825 timing idealTree:node_modules/array-union Completed in 0ms
2826 timing idealTree:node_modules/dir-glob Completed in 0ms
2827 silly placeDep node_modules/fast-glob glob-parent@5.1.2 OK for: fast-glob@3.3.3 want: ^5.1.2
2828 timing idealTree:node_modules/fast-glob Completed in 0ms
2829 timing idealTree:node_modules/gopd Completed in 0ms
2830 timing idealTree:node_modules/graphemer Completed in 0ms
2831 timing idealTree:node_modules/has-property-descriptors Completed in 0ms
2832 timing idealTree:node_modules/has-proto Completed in 0ms
2833 timing idealTree:node_modules/has-symbols Completed in 0ms
2834 timing idealTree:node_modules/has-tostringtag Completed in 0ms
2835 timing idealTree:node_modules/hasown Completed in 0ms
2836 timing idealTree:node_modules/hoopy Completed in 0ms
2837 timing idealTree:node_modules/html-entities Completed in 0ms
2838 silly placeDep ROOT @types/html-minifier-terser@6.1.0 OK for: html-webpack-plugin@5.6.4 want: ^6.0.0
2839 silly placeDep ROOT html-minifier-terser@6.1.0 OK for: html-webpack-plugin@5.6.4 want: ^6.0.2
2840 silly placeDep ROOT pretty-error@4.0.0 OK for: html-webpack-plugin@5.6.4 want: ^4.0.0
2841 silly fetch manifest camel-case@^4.1.2
2842 silly fetch manifest clean-css@^5.2.2
2843 silly fetch manifest commander@^8.3.0
2844 silly fetch manifest he@^1.2.0
2845 silly fetch manifest param-case@^3.0.4
2846 silly fetch manifest relateurl@^0.2.7
2847 silly fetch manifest terser@^5.10.0
2848 silly fetch manifest renderkid@^3.0.0
2849 http fetch GET 200 https://registry.npmjs.org/clean-css 33ms (cache revalidated)
2850 http fetch GET 200 https://registry.npmjs.org/he 33ms (cache revalidated)
2851 http fetch GET 200 https://registry.npmjs.org/relateurl 35ms (cache revalidated)
2852 http fetch GET 200 https://registry.npmjs.org/commander 40ms (cache revalidated)
2853 http fetch GET 200 https://registry.npmjs.org/param-case 42ms (cache revalidated)
2854 http fetch GET 200 https://registry.npmjs.org/renderkid 41ms (cache revalidated)
2855 http fetch GET 200 https://registry.npmjs.org/camel-case 47ms (cache revalidated)
2856 timing idealTree:node_modules/html-webpack-plugin Completed in 51ms
2857 timing idealTree:node_modules/@types/html-minifier-terser Completed in 0ms
2858 silly placeDep ROOT camel-case@4.1.2 OK for: html-minifier-terser@6.1.0 want: ^4.1.2
2859 silly placeDep ROOT clean-css@5.3.3 OK for: html-minifier-terser@6.1.0 want: ^5.2.2
2860 silly placeDep ROOT commander@8.3.0 OK for: html-minifier-terser@6.1.0 want: ^8.3.0
2861 silly placeDep ROOT he@1.2.0 OK for: html-minifier-terser@6.1.0 want: ^1.2.0
2862 silly placeDep ROOT param-case@3.0.4 OK for: html-minifier-terser@6.1.0 want: ^3.0.4
2863 silly placeDep ROOT relateurl@0.2.7 OK for: html-minifier-terser@6.1.0 want: ^0.2.7
2864 silly placeDep ROOT terser@5.44.0 OK for: html-minifier-terser@6.1.0 want: ^5.10.0
2865 silly fetch manifest pascal-case@^3.1.2
2866 silly fetch manifest source-map@~0.6.0
2867 silly fetch manifest dot-case@^3.0.4
2868 silly fetch manifest @jridgewell/source-map@^0.3.3
2869 silly fetch manifest commander@^2.20.0
2870 silly fetch manifest source-map-support@~0.5.20
2871 http fetch GET 200 https://registry.npmjs.org/source-map-support 26ms (cache revalidated)
2872 http fetch GET 200 https://registry.npmjs.org/dot-case 32ms (cache revalidated)
2873 http fetch GET 200 https://registry.npmjs.org/pascal-case 34ms (cache revalidated)
2874 http fetch GET 200 https://registry.npmjs.org/@jridgewell%2fsource-map 241ms (cache revalidated)
2875 timing idealTree:node_modules/html-minifier-terser Completed in 252ms
2876 silly placeDep ROOT pascal-case@3.1.2 OK for: camel-case@4.1.2 want: ^3.1.2
2877 silly fetch manifest no-case@^3.0.4
2878 http fetch GET 200 https://registry.npmjs.org/no-case 27ms (cache revalidated)
2879 timing idealTree:node_modules/camel-case Completed in 30ms
2880 silly placeDep node_modules/clean-css source-map@0.6.1 OK for: clean-css@5.3.3 want: ~0.6.0
2881 timing idealTree:node_modules/clean-css Completed in 2ms
2882 timing idealTree:node_modules/commander Completed in 0ms
2883 timing idealTree:node_modules/he Completed in 0ms
2884 timing idealTree:node_modules/icss-utils Completed in 0ms
2885 silly placeDep ROOT harmony-reflect@1.6.2 OK for: identity-obj-proxy@3.0.0 want: ^1.4.6
2886 timing idealTree:node_modules/identity-obj-proxy Completed in 1ms
2887 timing idealTree:node_modules/harmony-reflect Completed in 0ms
2888 timing idealTree:node_modules/ignore Completed in 0ms
2889 silly placeDep ROOT parent-module@1.0.1 OK for: import-fresh@3.3.1 want: ^1.0.0
2890 silly placeDep node_modules/import-fresh resolve-from@4.0.0 OK for: import-fresh@3.3.1 want: ^4.0.0
2891 silly fetch manifest callsites@^3.0.0
2892 http fetch GET 200 https://registry.npmjs.org/callsites 23ms (cache revalidated)
2893 timing idealTree:node_modules/import-fresh Completed in 25ms
2894 timing idealTree:node_modules/imurmurhash Completed in 0ms
2895 silly placeDep ROOT side-channel@1.1.0 OK for: internal-slot@1.1.0 want: ^1.1.0
2896 silly fetch manifest side-channel-list@^1.0.0
2897 silly fetch manifest side-channel-map@^1.0.1
2898 silly fetch manifest side-channel-weakmap@^1.0.2
2899 http fetch GET 200 https://registry.npmjs.org/side-channel-map 28ms (cache revalidated)
2900 http fetch GET 200 https://registry.npmjs.org/side-channel-list 30ms (cache revalidated)
2901 http fetch GET 200 https://registry.npmjs.org/side-channel-weakmap 29ms (cache revalidated)
2902 timing idealTree:node_modules/internal-slot Completed in 34ms
2903 timing idealTree:node_modules/is-array-buffer Completed in 0ms
2904 timing idealTree:node_modules/is-callable Completed in 0ms
2905 timing idealTree:node_modules/is-core-module Completed in 0ms
2906 timing idealTree:node_modules/is-data-view Completed in 0ms
2907 timing idealTree:node_modules/is-date-object Completed in 0ms
2908 silly placeDep ROOT is-extglob@2.1.1 OK for: is-glob@4.0.3 want: ^2.1.1
2909 timing idealTree:node_modules/is-glob Completed in 2ms
2910 timing idealTree:node_modules/is-extglob Completed in 0ms
2911 timing idealTree:node_modules/is-negative-zero Completed in 0ms
2912 timing idealTree:node_modules/is-path-inside Completed in 0ms
2913 timing idealTree:node_modules/is-regex Completed in 0ms
2914 timing idealTree:node_modules/is-set Completed in 0ms
2915 timing idealTree:node_modules/is-shared-array-buffer Completed in 0ms
2916 timing idealTree:node_modules/is-string Completed in 0ms
2917 timing idealTree:node_modules/is-symbol Completed in 0ms
2918 timing idealTree:node_modules/is-typed-array Completed in 0ms
2919 timing idealTree:node_modules/is-weakref Completed in 0ms
2920 silly placeDep ROOT istanbul-lib-coverage@3.2.2 OK for: istanbul-lib-instrument@5.2.1 want: ^3.2.0
2921 silly placeDep node_modules/istanbul-lib-instrument semver@6.3.1 OK for: istanbul-lib-instrument@5.2.1 want: ^6.3.0
2922 timing idealTree:node_modules/istanbul-lib-instrument Completed in 1ms
2923 timing idealTree:node_modules/istanbul-lib-coverage Completed in 0ms
2924 silly placeDep ROOT set-function-name@2.0.2 OK for: iterator.prototype@1.1.5 want: ^2.0.2
2925 timing idealTree:node_modules/iterator.prototype Completed in 2ms
2926 silly placeDep ROOT @jest/core@27.5.1 OK for: jest@27.5.1 want: ^27.5.1
2927 silly placeDep ROOT import-local@3.2.0 OK for: jest@27.5.1 want: ^3.0.2
2928 silly placeDep ROOT jest-cli@27.5.1 OK for: jest@27.5.1 want: ^27.5.1
2929 silly fetch manifest exit@^0.1.2
2930 silly fetch manifest emittery@^0.8.1
2931 silly fetch manifest jest-config@^27.5.1
2932 silly fetch manifest jest-runner@^27.5.1
2933 silly fetch manifest ansi-escapes@^4.2.1
2934 silly fetch manifest jest-runtime@^27.5.1
2935 silly fetch manifest jest-watcher@^27.5.1
2936 silly fetch manifest @jest/console@^27.5.1
2937 silly fetch manifest jest-snapshot@^27.5.1
2938 silly fetch manifest @jest/reporters@^27.5.1
2939 silly fetch manifest @jest/test-result@^27.5.1
2940 silly fetch manifest jest-message-util@^27.5.1
2941 silly fetch manifest jest-changed-files@^27.5.1
2942 silly fetch manifest jest-resolve-dependencies@^27.5.1
2943 silly fetch manifest resolve-cwd@^3.0.0
2944 silly fetch manifest yargs@^16.2.0
2945 http fetch GET 200 https://registry.npmjs.org/jest-runtime 51ms (cache revalidated)
2946 http fetch GET 200 https://registry.npmjs.org/jest-config 60ms (cache revalidated)
2947 http fetch GET 200 https://registry.npmjs.org/jest-runner 63ms (cache revalidated)
2948 http fetch GET 200 https://registry.npmjs.org/emittery 70ms (cache revalidated)
2949 http fetch GET 200 https://registry.npmjs.org/jest-snapshot 77ms (cache revalidated)
2950 http fetch GET 200 https://registry.npmjs.org/jest-message-util 83ms (cache revalidated)
2951 http fetch GET 200 https://registry.npmjs.org/jest-changed-files 86ms (cache revalidated)
2952 http fetch GET 200 https://registry.npmjs.org/yargs 87ms (cache revalidated)
2953 http fetch GET 200 https://registry.npmjs.org/resolve-cwd 93ms (cache revalidated)
2954 http fetch GET 200 https://registry.npmjs.org/jest-resolve-dependencies 94ms (cache revalidated)
2955 http fetch GET 200 https://registry.npmjs.org/exit 104ms (cache revalidated)
2956 http fetch GET 200 https://registry.npmjs.org/@jest%2freporters 100ms (cache revalidated)
2957 http fetch GET 200 https://registry.npmjs.org/@jest%2ftest-result 238ms (cache revalidated)
2958 http fetch GET 200 https://registry.npmjs.org/@jest%2fconsole 254ms (cache revalidated)
2959 timing idealTree:node_modules/jest Completed in 264ms
2960 silly fetch manifest ts-node@>=9.0.0
2961 http fetch GET 200 https://registry.npmjs.org/ts-node 38ms (cache revalidated)
2962 silly fetch manifest @swc/core@>=1.2.50
2963 http fetch GET 200 https://registry.npmjs.org/@swc%2fcore 51ms (cache revalidated)
2964 silly fetch manifest @swc/helpers@>=0.5.17
2965 silly fetch manifest @swc/wasm@>=1.2.50
2966 http fetch GET 200 https://registry.npmjs.org/@swc%2fwasm 224ms (cache revalidated)
2967 silly fetch manifest typescript@>=2.7
2968 silly placeDep ROOT @jest/console@27.5.1 OK for: @jest/core@27.5.1 want: ^27.5.1
2969 silly placeDep ROOT @jest/reporters@27.5.1 OK for: @jest/core@27.5.1 want: ^27.5.1
2970 silly placeDep ROOT @jest/test-result@27.5.1 OK for: @jest/core@27.5.1 want: ^27.5.1
2971 silly placeDep ROOT ansi-escapes@4.3.2 OK for: @jest/core@27.5.1 want: ^4.2.1
2972 silly placeDep ROOT emittery@0.8.1 OK for: @jest/core@27.5.1 want: ^0.8.1
2973 silly placeDep ROOT exit@0.1.2 OK for: @jest/core@27.5.1 want: ^0.1.2
2974 silly placeDep ROOT jest-changed-files@27.5.1 OK for: @jest/core@27.5.1 want: ^27.5.1
2975 silly placeDep ROOT jest-config@27.5.1 OK for: @jest/core@27.5.1 want: ^27.5.1
2976 silly placeDep ROOT jest-message-util@27.5.1 OK for: @jest/core@27.5.1 want: ^27.5.1
2977 silly placeDep ROOT jest-resolve-dependencies@27.5.1 OK for: @jest/core@27.5.1 want: ^27.5.1
2978 silly placeDep ROOT jest-runner@27.5.1 OK for: @jest/core@27.5.1 want: ^27.5.1
2979 silly placeDep ROOT jest-runtime@27.5.1 OK for: @jest/core@27.5.1 want: ^27.5.1
2980 silly placeDep ROOT jest-snapshot@27.5.1 OK for: @jest/core@27.5.1 want: ^27.5.1
2981 silly placeDep ROOT jest-validate@27.5.1 OK for: @jest/core@27.5.1 want: ^27.5.1
2982 silly placeDep ROOT jest-watcher@27.5.1 OK for: @jest/core@27.5.1 want: ^27.5.1
2983 silly fetch manifest glob@^7.1.2
2984 silly fetch manifest source-map@^0.6.0
2985 silly fetch manifest string-length@^4.0.1
2986 silly fetch manifest terminal-link@^2.0.0
2987 silly fetch manifest v8-to-istanbul@^8.1.0
2988 silly fetch manifest istanbul-reports@^3.1.3
2989 silly fetch manifest @bcoe/v8-coverage@^0.2.3
2990 silly fetch manifest collect-v8-coverage@^1.0.0
2991 silly fetch manifest istanbul-lib-report@^3.0.0
2992 silly fetch manifest istanbul-lib-source-maps@^4.0.0
2993 silly fetch manifest type-fest@^0.21.3
2994 silly fetch manifest execa@^5.0.0
2995 silly fetch manifest throat@^6.0.1
2996 silly fetch manifest glob@^7.1.1
2997 silly fetch manifest jest-circus@^27.5.1
2998 silly fetch manifest jest-get-type@^27.5.1
2999 silly fetch manifest jest-jasmine2@^27.5.1
3000 silly fetch manifest @jest/test-sequencer@^27.5.1
3001 silly fetch manifest jest-environment-node@^27.5.1
3002 silly fetch manifest jest-environment-jsdom@^27.5.1
3003 silly fetch manifest stack-utils@^2.0.3
3004 silly fetch manifest @types/stack-utils@^2.0.0
3005 silly fetch manifest jest-docblock@^27.5.1
3006 silly fetch manifest @jest/environment@^27.5.1
3007 silly fetch manifest jest-leak-detector@^27.5.1
3008 silly fetch manifest source-map-support@^0.5.6
3009 silly fetch manifest jest-mock@^27.5.1
3010 silly fetch manifest strip-bom@^4.0.0
3011 silly fetch manifest @jest/globals@^27.5.1
3012 silly fetch manifest @jest/source-map@^27.5.1
3013 silly fetch manifest cjs-module-lexer@^1.0.0
3014 silly fetch manifest @jest/fake-timers@^27.5.1
3015 silly fetch manifest expect@^27.5.1
3016 silly fetch manifest jest-diff@^27.5.1
3017 silly fetch manifest @types/prettier@^2.1.5
3018 silly fetch manifest jest-matcher-utils@^27.5.1
3019 silly fetch manifest leven@^3.1.0
3020 http fetch GET 200 https://registry.npmjs.org/v8-to-istanbul 92ms (cache revalidated)
3021 http fetch GET 200 https://registry.npmjs.org/istanbul-lib-source-maps 84ms (cache revalidated)
3022 http fetch GET 200 https://registry.npmjs.org/jest-get-type 89ms (cache revalidated)
3023 http fetch GET 200 https://registry.npmjs.org/throat 94ms (cache revalidated)
3024 http fetch GET 200 https://registry.npmjs.org/stack-utils 98ms (cache revalidated)
3025 http fetch GET 200 https://registry.npmjs.org/jest-jasmine2 104ms (cache revalidated)
3026 http fetch GET 200 https://registry.npmjs.org/jest-circus 111ms (cache revalidated)
3027 http fetch GET 200 https://registry.npmjs.org/jest-environment-node 116ms (cache revalidated)
3028 http fetch GET 200 https://registry.npmjs.org/jest-docblock 131ms (cache revalidated)
3029 http fetch GET 200 https://registry.npmjs.org/jest-mock 131ms (cache revalidated)
3030 http fetch GET 200 https://registry.npmjs.org/@types%2fstack-utils 138ms (cache revalidated)
3031 http fetch GET 200 https://registry.npmjs.org/istanbul-reports 153ms (cache revalidated)
3032 http fetch GET 200 https://registry.npmjs.org/jest-leak-detector 152ms (cache revalidated)
3033 http fetch GET 200 https://registry.npmjs.org/leven 150ms (cache revalidated)
3034 http fetch GET 200 https://registry.npmjs.org/cjs-module-lexer 155ms (cache revalidated)
3035 http fetch GET 200 https://registry.npmjs.org/execa 165ms (cache revalidated)
3036 http fetch GET 200 https://registry.npmjs.org/expect 158ms (cache revalidated)
3037 http fetch GET 200 https://registry.npmjs.org/collect-v8-coverage 174ms (cache revalidated)
3038 http fetch GET 200 https://registry.npmjs.org/@jest%2fsource-map 164ms (cache revalidated)
3039 http fetch GET 200 https://registry.npmjs.org/jest-matcher-utils 163ms (cache revalidated)
3040 http fetch GET 200 https://registry.npmjs.org/istanbul-lib-report 182ms (cache revalidated)
3041 http fetch GET 200 https://registry.npmjs.org/jest-diff 171ms (cache revalidated)
3042 http fetch GET 200 https://registry.npmjs.org/terminal-link 198ms (cache revalidated)
3043 http fetch GET 200 https://registry.npmjs.org/@types%2fprettier 175ms (cache revalidated)
3044 http fetch GET 200 https://registry.npmjs.org/@jest%2fenvironment 257ms (cache revalidated)
3045 http fetch GET 200 https://registry.npmjs.org/@jest%2ffake-timers 269ms (cache revalidated)
3046 http fetch GET 200 https://registry.npmjs.org/@bcoe%2fv8-coverage 316ms (cache revalidated)
3047 http fetch GET 200 https://registry.npmjs.org/@jest%2fglobals 299ms (cache revalidated)
3048 http fetch GET 200 https://registry.npmjs.org/jest-environment-jsdom 819ms (cache revalidated)
3049 http fetch GET 200 https://registry.npmjs.org/@jest%2ftest-sequencer 1038ms (cache revalidated)
3050 timing idealTree:node_modules/@jest/core Completed in 1421ms
3051 timing idealTree:node_modules/@jest/console Completed in 0ms
3052 silly placeDep ROOT @bcoe/v8-coverage@0.2.3 OK for: @jest/reporters@27.5.1 want: ^0.2.3
3053 silly placeDep ROOT collect-v8-coverage@1.0.2 OK for: @jest/reporters@27.5.1 want: ^1.0.0
3054 silly placeDep ROOT glob@7.2.3 OK for: @jest/reporters@27.5.1 want: ^7.1.2
3055 silly placeDep ROOT istanbul-lib-report@3.0.1 OK for: @jest/reporters@27.5.1 want: ^3.0.0
3056 silly placeDep ROOT istanbul-lib-source-maps@4.0.1 OK for: @jest/reporters@27.5.1 want: ^4.0.0
3057 silly placeDep ROOT istanbul-reports@3.2.0 OK for: @jest/reporters@27.5.1 want: ^3.1.3
3058 silly placeDep node_modules/@jest/reporters source-map@0.6.1 OK for: @jest/reporters@27.5.1 want: ^0.6.0
3059 silly placeDep ROOT string-length@4.0.2 OK for: @jest/reporters@27.5.1 want: ^4.0.1
3060 silly placeDep ROOT terminal-link@2.1.1 OK for: @jest/reporters@27.5.1 want: ^2.0.0
3061 silly placeDep ROOT v8-to-istanbul@8.1.1 OK for: @jest/reporters@27.5.1 want: ^8.1.0
3062 silly fetch manifest once@^1.3.0
3063 silly fetch manifest inflight@^1.0.4
3064 silly fetch manifest inherits@2
3065 silly fetch manifest fs.realpath@^1.0.0
3066 silly fetch manifest path-is-absolute@^1.0.0
3067 silly fetch manifest make-dir@^4.0.0
3068 silly fetch manifest html-escaper@^2.0.0
3069 silly fetch manifest char-regex@^1.0.2
3070 silly fetch manifest supports-hyperlinks@^2.0.0
3071 silly fetch manifest convert-source-map@^1.6.0
3072 http fetch GET 200 https://registry.npmjs.org/path-is-absolute 38ms (cache revalidated)
3073 http fetch GET 200 https://registry.npmjs.org/inherits 39ms (cache revalidated)
3074 http fetch GET 200 https://registry.npmjs.org/fs.realpath 40ms (cache revalidated)
3075 http fetch GET 200 https://registry.npmjs.org/html-escaper 38ms (cache revalidated)
3076 http fetch GET 200 https://registry.npmjs.org/inflight 43ms (cache revalidated)
3077 http fetch GET 200 https://registry.npmjs.org/once 45ms (cache revalidated)
3078 http fetch GET 200 https://registry.npmjs.org/char-regex 42ms (cache revalidated)
3079 http fetch GET 200 https://registry.npmjs.org/supports-hyperlinks 42ms (cache revalidated)
3080 timing idealTree:node_modules/@jest/reporters Completed in 59ms
3081 timing idealTree:node_modules/@bcoe/v8-coverage Completed in 0ms
3082 timing idealTree:node_modules/@jest/test-result Completed in 0ms
3083 silly placeDep node_modules/ansi-escapes type-fest@0.21.3 OK for: ansi-escapes@4.3.2 want: ^0.21.3
3084 timing idealTree:node_modules/ansi-escapes Completed in 2ms
3085 timing idealTree:node_modules/collect-v8-coverage Completed in 0ms
3086 timing idealTree:node_modules/emittery Completed in 0ms
3087 timing idealTree:node_modules/exit Completed in 0ms
3088 silly placeDep ROOT fs.realpath@1.0.0 OK for: glob@7.2.3 want: ^1.0.0
3089 silly placeDep ROOT inflight@1.0.6 OK for: glob@7.2.3 want: ^1.0.4
3090 silly placeDep ROOT inherits@2.0.4 OK for: glob@7.2.3 want: 2
3091 silly placeDep ROOT once@1.4.0 OK for: glob@7.2.3 want: ^1.3.0
3092 silly placeDep ROOT path-is-absolute@1.0.1 OK for: glob@7.2.3 want: ^1.0.0
3093 silly fetch manifest wrappy@1
3094 http fetch GET 200 https://registry.npmjs.org/wrappy 20ms (cache revalidated)
3095 timing idealTree:node_modules/glob Completed in 26ms
3096 timing idealTree:node_modules/fs.realpath Completed in 0ms
3097 silly placeDep ROOT resolve-cwd@3.0.0 OK for: import-local@3.2.0 want: ^3.0.0
3098 timing idealTree:node_modules/import-local Completed in 2ms
3099 silly placeDep ROOT wrappy@1.0.2 OK for: inflight@1.0.6 want: 1
3100 timing idealTree:node_modules/inflight Completed in 1ms
3101 timing idealTree:node_modules/inherits Completed in 0ms
3102 silly placeDep node_modules/istanbul-lib-report make-dir@4.0.0 OK for: istanbul-lib-report@3.0.1 want: ^4.0.0
3103 timing idealTree:node_modules/istanbul-lib-report Completed in 1ms
3104 silly placeDep node_modules/istanbul-lib-source-maps source-map@0.6.1 OK for: istanbul-lib-source-maps@4.0.1 want: ^0.6.1
3105 timing idealTree:node_modules/istanbul-lib-source-maps Completed in 0ms
3106 silly placeDep ROOT html-escaper@2.0.2 OK for: istanbul-reports@3.2.0 want: ^2.0.0
3107 timing idealTree:node_modules/istanbul-reports Completed in 1ms
3108 timing idealTree:node_modules/html-escaper Completed in 0ms
3109 silly placeDep ROOT execa@5.1.1 OK for: jest-changed-files@27.5.1 want: ^5.0.0
3110 silly placeDep ROOT throat@6.0.2 OK for: jest-changed-files@27.5.1 want: ^6.0.1
3111 silly fetch manifest onetime@^5.1.2
3112 silly fetch manifest is-stream@^2.0.0
3113 silly fetch manifest get-stream@^6.0.0
3114 silly fetch manifest signal-exit@^3.0.3
3115 silly fetch manifest npm-run-path@^4.0.1
3116 silly fetch manifest human-signals@^2.1.0
3117 silly fetch manifest strip-final-newline@^2.0.0
3118 http fetch GET 200 https://registry.npmjs.org/onetime 36ms (cache revalidated)
3119 http fetch GET 200 https://registry.npmjs.org/is-stream 38ms (cache revalidated)
3120 http fetch GET 200 https://registry.npmjs.org/get-stream 41ms (cache revalidated)
3121 http fetch GET 200 https://registry.npmjs.org/strip-final-newline 41ms (cache revalidated)
3122 http fetch GET 200 https://registry.npmjs.org/human-signals 41ms (cache revalidated)
3123 http fetch GET 200 https://registry.npmjs.org/npm-run-path 43ms (cache revalidated)
3124 timing idealTree:node_modules/jest-changed-files Completed in 48ms
3125 silly placeDep ROOT get-stream@6.0.1 OK for: execa@5.1.1 want: ^6.0.0
3126 silly placeDep ROOT human-signals@2.1.0 OK for: execa@5.1.1 want: ^2.1.0
3127 silly placeDep ROOT is-stream@2.0.1 OK for: execa@5.1.1 want: ^2.0.0
3128 silly placeDep ROOT merge-stream@2.0.0 OK for: execa@5.1.1 want: ^2.0.0
3129 silly placeDep ROOT npm-run-path@4.0.1 OK for: execa@5.1.1 want: ^4.0.1
3130 silly placeDep ROOT onetime@5.1.2 OK for: execa@5.1.1 want: ^5.1.2
3131 silly placeDep ROOT signal-exit@3.0.7 OK for: execa@5.1.1 want: ^3.0.3
3132 silly placeDep ROOT strip-final-newline@2.0.0 OK for: execa@5.1.1 want: ^2.0.0
3133 silly fetch manifest mimic-fn@^2.1.0
3134 http fetch GET 200 https://registry.npmjs.org/mimic-fn 22ms (cache revalidated)
3135 timing idealTree:node_modules/execa Completed in 32ms
3136 timing idealTree:node_modules/get-stream Completed in 0ms
3137 timing idealTree:node_modules/human-signals Completed in 0ms
3138 timing idealTree:node_modules/is-stream Completed in 0ms
3139 silly placeDep ROOT yargs@16.2.0 OK for: jest-cli@27.5.1 want: ^16.2.0
3140 silly fetch manifest y18n@^5.0.5
3141 silly fetch manifest cliui@^7.0.2
3142 silly fetch manifest escalade@^3.1.1
3143 silly fetch manifest string-width@^4.2.0
3144 silly fetch manifest yargs-parser@^20.2.2
3145 silly fetch manifest get-caller-file@^2.0.5
3146 silly fetch manifest require-directory@^2.1.1
3147 http fetch GET 200 https://registry.npmjs.org/y18n 28ms (cache revalidated)
3148 http fetch GET 200 https://registry.npmjs.org/cliui 32ms (cache revalidated)
3149 http fetch GET 200 https://registry.npmjs.org/string-width 34ms (cache revalidated)
3150 http fetch GET 200 https://registry.npmjs.org/yargs-parser 37ms (cache revalidated)
3151 http fetch GET 200 https://registry.npmjs.org/get-caller-file 39ms (cache revalidated)
3152 http fetch GET 200 https://registry.npmjs.org/require-directory 39ms (cache revalidated)
3153 timing idealTree:node_modules/jest-cli Completed in 45ms
3154 silly placeDep ROOT @jest/test-sequencer@27.5.1 OK for: jest-config@27.5.1 want: ^27.5.1
3155 silly placeDep ROOT ci-info@3.9.0 OK for: jest-config@27.5.1 want: ^3.2.0
3156 silly placeDep ROOT jest-circus@27.5.1 OK for: jest-config@27.5.1 want: ^27.5.1
3157 silly placeDep ROOT jest-environment-jsdom@27.5.1 OK for: jest-config@27.5.1 want: ^27.5.1
3158 silly placeDep ROOT jest-environment-node@27.5.1 OK for: jest-config@27.5.1 want: ^27.5.1
3159 silly placeDep ROOT jest-get-type@27.5.1 OK for: jest-config@27.5.1 want: ^27.5.1
3160 silly placeDep ROOT jest-jasmine2@27.5.1 OK for: jest-config@27.5.1 want: ^27.5.1
3161 silly fetch manifest co@^4.6.0
3162 silly fetch manifest dedent@^0.7.0
3163 silly fetch manifest jest-each@^27.5.1
3164 silly fetch manifest is-generator-fn@^2.0.0
3165 silly fetch manifest jsdom@^16.6.0
3166 http fetch GET 200 https://registry.npmjs.org/dedent 28ms (cache revalidated)
3167 http fetch GET 200 https://registry.npmjs.org/jest-each 32ms (cache revalidated)
3168 http fetch GET 200 https://registry.npmjs.org/jsdom 36ms (cache revalidated)
3169 http fetch GET 200 https://registry.npmjs.org/co 51ms (cache revalidated)
3170 http fetch GET 200 https://registry.npmjs.org/is-generator-fn 70ms (cache revalidated)
3171 timing idealTree:node_modules/jest-config Completed in 85ms
3172 timing idealTree:node_modules/@jest/test-sequencer Completed in 0ms
3173 timing idealTree:node_modules/ci-info Completed in 0ms
3174 silly placeDep ROOT @jest/environment@27.5.1 OK for: jest-circus@27.5.1 want: ^27.5.1
3175 silly placeDep ROOT co@4.6.0 OK for: jest-circus@27.5.1 want: ^4.6.0
3176 silly placeDep ROOT dedent@0.7.0 OK for: jest-circus@27.5.1 want: ^0.7.0
3177 silly placeDep ROOT expect@27.5.1 OK for: jest-circus@27.5.1 want: ^27.5.1
3178 silly placeDep ROOT is-generator-fn@2.1.0 OK for: jest-circus@27.5.1 want: ^2.0.0
3179 silly placeDep ROOT jest-each@27.5.1 OK for: jest-circus@27.5.1 want: ^27.5.1
3180 silly placeDep ROOT jest-matcher-utils@27.5.1 OK for: jest-circus@27.5.1 want: ^27.5.1
3181 silly placeDep ROOT stack-utils@2.0.6 OK for: jest-circus@27.5.1 want: ^2.0.3
3182 silly fetch manifest escape-string-regexp@^2.0.0
3183 timing idealTree:node_modules/jest-circus Completed in 10ms
3184 silly placeDep ROOT @jest/fake-timers@27.5.1 OK for: @jest/environment@27.5.1 want: ^27.5.1
3185 silly placeDep ROOT jest-mock@27.5.1 OK for: @jest/environment@27.5.1 want: ^27.5.1
3186 silly fetch manifest @sinonjs/fake-timers@^8.0.1
3187 http fetch GET 200 https://registry.npmjs.org/@sinonjs%2ffake-timers 214ms (cache revalidated)
3188 timing idealTree:node_modules/@jest/environment Completed in 219ms
3189 silly placeDep ROOT @sinonjs/fake-timers@8.1.0 OK for: @jest/fake-timers@27.5.1 want: ^8.0.1
3190 silly fetch manifest @sinonjs/commons@^1.7.0
3191 http fetch GET 200 https://registry.npmjs.org/@sinonjs%2fcommons 227ms (cache revalidated)
3192 timing idealTree:node_modules/@jest/fake-timers Completed in 232ms
3193 silly placeDep ROOT @sinonjs/commons@1.8.6 OK for: @sinonjs/fake-timers@8.1.0 want: ^1.7.0
3194 silly fetch manifest type-detect@4.0.8
3195 http fetch GET 200 https://registry.npmjs.org/type-detect 22ms (cache revalidated)
3196 timing idealTree:node_modules/@sinonjs/fake-timers Completed in 25ms
3197 silly placeDep ROOT type-detect@4.0.8 OK for: @sinonjs/commons@1.8.6 want: 4.0.8
3198 timing idealTree:node_modules/@sinonjs/commons Completed in 2ms
3199 timing idealTree:node_modules/co Completed in 0ms
3200 timing idealTree:node_modules/dedent Completed in 0ms
3201 timing idealTree:node_modules/expect Completed in 0ms
3202 timing idealTree:node_modules/is-generator-fn Completed in 0ms
3203 timing idealTree:node_modules/jest-each Completed in 0ms
3204 silly fetch manifest canvas@^2.5.0
3205 http fetch GET 200 https://registry.npmjs.org/canvas 20ms (cache revalidated)
3206 silly placeDep ROOT jsdom@16.7.0 OK for: jest-environment-jsdom@27.5.1 want: ^16.6.0
3207 silly fetch manifest ws@^7.4.6
3208 silly fetch manifest cssom@^0.4.4
3209 silly fetch manifest saxes@^5.0.1
3210 silly fetch manifest nwsapi@^2.2.0
3211 silly fetch manifest parse5@6.0.1
3212 silly fetch manifest cssstyle@^2.3.0
3213 silly fetch manifest data-urls@^2.0.0
3214 silly fetch manifest escodegen@^2.0.0
3215 silly fetch manifest form-data@^3.0.0
3216 silly fetch manifest decimal.js@^10.2.1
3217 silly fetch manifest whatwg-url@^8.5.0
3218 silly fetch manifest symbol-tree@^3.2.4
3219 silly fetch manifest w3c-hr-time@^1.0.2
3220 silly fetch manifest domexception@^2.0.1
3221 silly fetch manifest tough-cookie@^4.0.0
3222 silly fetch manifest acorn-globals@^6.0.0
3223 silly fetch manifest whatwg-encoding@^1.0.5
3224 silly fetch manifest whatwg-mimetype@^2.3.0
3225 silly fetch manifest http-proxy-agent@^4.0.1
3226 silly fetch manifest https-proxy-agent@^5.0.0
3227 silly fetch manifest w3c-xmlserializer@^2.0.0
3228 silly fetch manifest webidl-conversions@^6.1.0
3229 silly fetch manifest xml-name-validator@^3.0.0
3230 silly fetch manifest html-encoding-sniffer@^2.0.1
3231 silly fetch manifest is-potential-custom-element-name@^1.0.1
3232 http fetch GET 200 https://registry.npmjs.org/cssom 70ms (cache revalidated)
3233 http fetch GET 200 https://registry.npmjs.org/saxes 70ms (cache revalidated)
3234 http fetch GET 200 https://registry.npmjs.org/escodegen 69ms (cache revalidated)
3235 http fetch GET 200 https://registry.npmjs.org/nwsapi 72ms (cache revalidated)
3236 http fetch GET 200 https://registry.npmjs.org/data-urls 71ms (cache revalidated)
3237 http fetch GET 200 https://registry.npmjs.org/domexception 64ms (cache revalidated)
3238 http fetch GET 200 https://registry.npmjs.org/w3c-hr-time 67ms (cache revalidated)
3239 http fetch GET 200 https://registry.npmjs.org/symbol-tree 68ms (cache revalidated)
3240 http fetch GET 200 https://registry.npmjs.org/acorn-globals 67ms (cache revalidated)
3241 http fetch GET 200 https://registry.npmjs.org/decimal.js 77ms (cache revalidated)
3242 http fetch GET 200 https://registry.npmjs.org/whatwg-encoding 67ms (cache revalidated)
3243 http fetch GET 200 https://registry.npmjs.org/form-data 80ms (cache revalidated)
3244 http fetch GET 200 https://registry.npmjs.org/tough-cookie 71ms (cache revalidated)
3245 http fetch GET 200 https://registry.npmjs.org/cssstyle 85ms (cache revalidated)
3246 http fetch GET 200 https://registry.npmjs.org/whatwg-url 84ms (cache revalidated)
3247 http fetch GET 200 https://registry.npmjs.org/whatwg-mimetype 135ms (cache revalidated)
3248 http fetch GET 200 https://registry.npmjs.org/https-proxy-agent 136ms (cache revalidated)
3249 http fetch GET 200 https://registry.npmjs.org/parse5 155ms (cache revalidated)
3250 http fetch GET 200 https://registry.npmjs.org/http-proxy-agent 142ms (cache revalidated)
3251 http fetch GET 200 https://registry.npmjs.org/w3c-xmlserializer 150ms (cache revalidated)
3252 http fetch GET 200 https://registry.npmjs.org/xml-name-validator 159ms (cache revalidated)
3253 http fetch GET 200 https://registry.npmjs.org/is-potential-custom-element-name 159ms (cache revalidated)
3254 http fetch GET 200 https://registry.npmjs.org/html-encoding-sniffer 167ms (cache revalidated)
3255 http fetch GET 200 https://registry.npmjs.org/webidl-conversions 168ms (cache revalidated)
3256 timing idealTree:node_modules/jest-environment-jsdom Completed in 214ms
3257 timing idealTree:node_modules/jest-environment-node Completed in 0ms
3258 timing idealTree:node_modules/jest-get-type Completed in 1ms
3259 silly placeDep ROOT @types/graceful-fs@4.1.9 OK for: jest-haste-map@27.5.1 want: ^4.1.2
3260 silly placeDep ROOT anymatch@3.1.3 OK for: jest-haste-map@27.5.1 want: ^3.0.3
3261 silly placeDep ROOT fb-watchman@2.0.2 OK for: jest-haste-map@27.5.1 want: ^2.0.0
3262 silly placeDep ROOT jest-serializer@27.5.1 OK for: jest-haste-map@27.5.1 want: ^27.5.1
3263 silly placeDep ROOT walker@1.0.8 OK for: jest-haste-map@27.5.1 want: ^1.0.7
3264 silly fetch manifest picomatch@^2.0.4
3265 silly fetch manifest bser@2.1.1
3266 silly fetch manifest makeerror@1.0.12
3267 http fetch GET 200 https://registry.npmjs.org/bser 123ms (cache revalidated)
3268 http fetch GET 200 https://registry.npmjs.org/makeerror 123ms (cache revalidated)
3269 timing idealTree:node_modules/jest-haste-map Completed in 153ms
3270 timing idealTree:node_modules/@types/graceful-fs Completed in 0ms
3271 silly placeDep ROOT picomatch@2.3.1 OK for: anymatch@3.1.3 want: ^2.0.4
3272 timing idealTree:node_modules/anymatch Completed in 7ms
3273 silly placeDep ROOT bser@2.1.1 OK for: fb-watchman@2.0.2 want: 2.1.1
3274 silly fetch manifest node-int64@^0.4.0
3275 http fetch GET 200 https://registry.npmjs.org/node-int64 23ms (cache revalidated)
3276 timing idealTree:node_modules/fb-watchman Completed in 27ms
3277 silly placeDep ROOT node-int64@0.4.0 OK for: bser@2.1.1 want: ^0.4.0
3278 timing idealTree:node_modules/bser Completed in 3ms
3279 silly placeDep ROOT @jest/source-map@27.5.1 OK for: jest-jasmine2@27.5.1 want: ^27.5.1
3280 timing idealTree:node_modules/jest-jasmine2 Completed in 2ms
3281 silly placeDep ROOT callsites@3.1.0 OK for: @jest/source-map@27.5.1 want: ^3.0.0
3282 silly placeDep node_modules/@jest/source-map source-map@0.6.1 OK for: @jest/source-map@27.5.1 want: ^0.6.0
3283 timing idealTree:node_modules/@jest/source-map Completed in 7ms
3284 timing idealTree:node_modules/callsites Completed in 0ms
3285 silly placeDep ROOT jest-diff@27.5.1 OK for: jest-matcher-utils@27.5.1 want: ^27.5.1
3286 silly fetch manifest diff-sequences@^27.5.1
3287 http fetch GET 200 https://registry.npmjs.org/diff-sequences 24ms (cache revalidated)
3288 timing idealTree:node_modules/jest-matcher-utils Completed in 27ms
3289 silly placeDep ROOT diff-sequences@27.5.1 OK for: jest-diff@27.5.1 want: ^27.5.1
3290 timing idealTree:node_modules/jest-diff Completed in 2ms
3291 timing idealTree:node_modules/diff-sequences Completed in 0ms
3292 silly placeDep ROOT @types/stack-utils@2.0.3 OK for: jest-message-util@27.5.1 want: ^2.0.0
3293 timing idealTree:node_modules/jest-message-util Completed in 1ms
3294 timing idealTree:node_modules/@types/stack-utils Completed in 0ms
3295 timing idealTree:node_modules/jest-mock Completed in 0ms
3296 timing idealTree:node_modules/jest-regex-util Completed in 0ms
3297 silly fetch manifest jest-resolve@*
3298 silly placeDep ROOT jest-pnp-resolver@1.2.3 OK for: jest-resolve@27.5.1 want: ^1.2.2
3299 silly placeDep ROOT resolve.exports@1.1.1 OK for: jest-resolve@27.5.1 want: ^1.1.0
3300 timing idealTree:node_modules/jest-resolve Completed in 5ms
3301 timing idealTree:node_modules/jest-pnp-resolver Completed in 0ms
3302 timing idealTree:node_modules/jest-resolve-dependencies Completed in 0ms
3303 silly placeDep ROOT jest-docblock@27.5.1 OK for: jest-runner@27.5.1 want: ^27.5.1
3304 silly placeDep ROOT jest-leak-detector@27.5.1 OK for: jest-runner@27.5.1 want: ^27.5.1
3305 silly placeDep ROOT source-map-support@0.5.21 OK for: jest-runner@27.5.1 want: ^0.5.6
3306 silly fetch manifest detect-newline@^3.0.0
3307 silly fetch manifest buffer-from@^1.0.0
3308 http fetch GET 200 https://registry.npmjs.org/detect-newline 28ms (cache revalidated)
3309 http fetch GET 200 https://registry.npmjs.org/buffer-from 33ms (cache revalidated)
3310 timing idealTree:node_modules/jest-runner Completed in 40ms
3311 silly placeDep ROOT detect-newline@3.1.0 OK for: jest-docblock@27.5.1 want: ^3.0.0
3312 timing idealTree:node_modules/jest-docblock Completed in 2ms
3313 timing idealTree:node_modules/detect-newline Completed in 0ms
3314 timing idealTree:node_modules/jest-leak-detector Completed in 0ms
3315 silly placeDep ROOT @jest/globals@27.5.1 OK for: jest-runtime@27.5.1 want: ^27.5.1
3316 silly placeDep ROOT cjs-module-lexer@1.4.3 OK for: jest-runtime@27.5.1 want: ^1.0.0
3317 silly placeDep ROOT strip-bom@4.0.0 OK for: jest-runtime@27.5.1 want: ^4.0.0
3318 timing idealTree:node_modules/jest-runtime Completed in 3ms
3319 timing idealTree:node_modules/@jest/globals Completed in 0ms
3320 timing idealTree:node_modules/cjs-module-lexer Completed in 0ms
3321 timing idealTree:node_modules/jest-serializer Completed in 0ms
3322 silly placeDep ROOT @types/prettier@2.7.3 OK for: jest-snapshot@27.5.1 want: ^2.1.5
3323 timing idealTree:node_modules/jest-snapshot Completed in 2ms
3324 timing idealTree:node_modules/@types/prettier Completed in 0ms
3325 timing idealTree:node_modules/jest-util Completed in 0ms
3326 silly placeDep ROOT leven@3.1.0 OK for: jest-validate@27.5.1 want: ^3.1.0
3327 timing idealTree:node_modules/jest-validate Completed in 1ms
3328 silly placeDep node_modules/jest-watch-typeahead jest-regex-util@28.0.2 OK for: jest-watch-typeahead@1.1.0 want: ^28.0.0
3329 silly placeDep node_modules/jest-watch-typeahead jest-watcher@28.1.3 OK for: jest-watch-typeahead@1.1.0 want: ^28.0.0
3330 silly placeDep node_modules/jest-watch-typeahead slash@4.0.0 OK for: jest-watch-typeahead@1.1.0 want: ^4.0.0
3331 silly placeDep node_modules/jest-watch-typeahead string-length@5.0.1 OK for: jest-watch-typeahead@1.1.0 want: ^5.0.1
3332 silly placeDep node_modules/jest-watch-typeahead strip-ansi@7.1.2 OK for: jest-watch-typeahead@1.1.0 want: ^7.0.1
3333 silly fetch manifest emittery@^0.10.2
3334 silly fetch manifest jest-util@^28.1.3
3335 silly fetch manifest @jest/types@^28.1.3
3336 silly fetch manifest @jest/test-result@^28.1.3
3337 silly fetch manifest char-regex@^2.0.0
3338 silly fetch manifest ansi-regex@^6.0.1
3339 timing idealTree:node_modules/jest-watch-typeahead Completed in 9ms
3340 timing idealTree:node_modules/jest-watcher Completed in 0ms
3341 silly placeDep node_modules/jest-worker supports-color@8.1.1 OK for: jest-worker@27.5.1 want: ^8.0.0
3342 timing idealTree:node_modules/jest-worker Completed in 1ms
3343 silly placeDep ROOT argparse@1.0.10 OK for: js-yaml@3.14.1 want: ^1.0.7
3344 silly placeDep ROOT esprima@4.0.1 OK for: js-yaml@3.14.1 want: ^4.0.0
3345 silly fetch manifest sprintf-js@~1.0.2
3346 http fetch GET 200 https://registry.npmjs.org/sprintf-js 27ms (cache revalidated)
3347 timing idealTree:node_modules/js-yaml Completed in 32ms
3348 silly placeDep ROOT sprintf-js@1.0.3 OK for: argparse@1.0.10 want: ~1.0.2
3349 timing idealTree:node_modules/argparse Completed in 1ms
3350 timing idealTree:node_modules/esprima Completed in 0ms
3351 silly fetch manifest bufferutil@^4.0.1
3352 http fetch GET 200 https://registry.npmjs.org/bufferutil 25ms (cache revalidated)
3353 silly fetch manifest utf-8-validate@^5.0.2
3354 http fetch GET 200 https://registry.npmjs.org/utf-8-validate 20ms (cache revalidated)
3355 silly placeDep ROOT abab@2.0.6 OK for: jsdom@16.7.0 want: ^2.0.5
3356 silly placeDep ROOT acorn-globals@6.0.0 OK for: jsdom@16.7.0 want: ^6.0.0
3357 silly placeDep ROOT cssom@0.4.4 OK for: jsdom@16.7.0 want: ^0.4.4
3358 silly placeDep ROOT cssstyle@2.3.0 OK for: jsdom@16.7.0 want: ^2.3.0
3359 silly placeDep ROOT data-urls@2.0.0 OK for: jsdom@16.7.0 want: ^2.0.0
3360 silly placeDep ROOT decimal.js@10.6.0 OK for: jsdom@16.7.0 want: ^10.2.1
3361 silly placeDep ROOT domexception@2.0.1 OK for: jsdom@16.7.0 want: ^2.0.1
3362 silly placeDep ROOT escodegen@2.1.0 OK for: jsdom@16.7.0 want: ^2.0.0
3363 silly placeDep ROOT form-data@3.0.4 OK for: jsdom@16.7.0 want: ^3.0.0
3364 silly placeDep ROOT html-encoding-sniffer@2.0.1 OK for: jsdom@16.7.0 want: ^2.0.1
3365 silly placeDep ROOT http-proxy-agent@4.0.1 OK for: jsdom@16.7.0 want: ^4.0.1
3366 silly placeDep ROOT https-proxy-agent@5.0.1 OK for: jsdom@16.7.0 want: ^5.0.0
3367 silly placeDep ROOT is-potential-custom-element-name@1.0.1 OK for: jsdom@16.7.0 want: ^1.0.1
3368 silly placeDep ROOT nwsapi@2.2.22 OK for: jsdom@16.7.0 want: ^2.2.0
3369 silly placeDep ROOT parse5@6.0.1 OK for: jsdom@16.7.0 want: 6.0.1
3370 silly placeDep ROOT saxes@5.0.1 OK for: jsdom@16.7.0 want: ^5.0.1
3371 silly placeDep ROOT symbol-tree@3.2.4 OK for: jsdom@16.7.0 want: ^3.2.4
3372 silly placeDep ROOT tough-cookie@4.1.4 OK for: jsdom@16.7.0 want: ^4.0.0
3373 silly placeDep ROOT w3c-hr-time@1.0.2 OK for: jsdom@16.7.0 want: ^1.0.2
3374 silly placeDep ROOT w3c-xmlserializer@2.0.0 OK for: jsdom@16.7.0 want: ^2.0.0
3375 silly placeDep ROOT webidl-conversions@6.1.0 OK for: jsdom@16.7.0 want: ^6.1.0
3376 silly placeDep ROOT whatwg-encoding@1.0.5 OK for: jsdom@16.7.0 want: ^1.0.5
3377 silly placeDep ROOT whatwg-mimetype@2.3.0 OK for: jsdom@16.7.0 want: ^2.3.0
3378 silly placeDep ROOT whatwg-url@8.7.0 OK for: jsdom@16.7.0 want: ^8.5.0
3379 silly placeDep ROOT ws@7.5.10 OK for: jsdom@16.7.0 want: ^7.4.6
3380 silly placeDep ROOT xml-name-validator@3.0.0 OK for: jsdom@16.7.0 want: ^3.0.0
3381 silly fetch manifest acorn@^7.1.1
3382 silly fetch manifest acorn-walk@^7.1.1
3383 silly fetch manifest cssom@~0.3.6
3384 silly fetch manifest webidl-conversions@^5.0.0
3385 silly fetch manifest source-map@~0.6.1
3386 silly fetch manifest asynckit@^0.4.0
3387 silly fetch manifest mime-types@^2.1.35
3388 silly fetch manifest combined-stream@^1.0.8
3389 silly fetch manifest @tootallnate/once@1
3390 silly fetch manifest agent-base@6
3391 silly fetch manifest xmlchars@^2.2.0
3392 silly fetch manifest psl@^1.1.33
3393 silly fetch manifest punycode@^2.1.1
3394 silly fetch manifest url-parse@^1.5.3
3395 silly fetch manifest universalify@^0.2.0
3396 silly fetch manifest browser-process-hrtime@^1.0.0
3397 silly fetch manifest iconv-lite@0.4.24
3398 silly fetch manifest tr46@^2.1.0
3399 http fetch GET 200 https://registry.npmjs.org/asynckit 41ms (cache revalidated)
3400 http fetch GET 200 https://registry.npmjs.org/acorn-walk 45ms (cache revalidated)
3401 http fetch GET 200 https://registry.npmjs.org/agent-base 43ms (cache revalidated)
3402 http fetch GET 200 https://registry.npmjs.org/browser-process-hrtime 44ms (cache revalidated)
3403 http fetch GET 200 https://registry.npmjs.org/url-parse 45ms (cache revalidated)
3404 http fetch GET 200 https://registry.npmjs.org/psl 49ms (cache revalidated)
3405 http fetch GET 200 https://registry.npmjs.org/combined-stream 53ms (cache revalidated)
3406 http fetch GET 200 https://registry.npmjs.org/tr46 49ms (cache revalidated)
3407 http fetch GET 200 https://registry.npmjs.org/xmlchars 54ms (cache revalidated)
3408 http fetch GET 200 https://registry.npmjs.org/@tootallnate%2fonce 61ms (cache revalidated)
3409 timing idealTree:node_modules/jsdom Completed in 142ms
3410 timing idealTree:node_modules/abab Completed in 0ms
3411 silly placeDep node_modules/acorn-globals acorn@7.4.1 OK for: acorn-globals@6.0.0 want: ^7.1.1
3412 silly placeDep ROOT acorn-walk@7.2.0 OK for: acorn-globals@6.0.0 want: ^7.1.1
3413 timing idealTree:node_modules/acorn-globals Completed in 5ms
3414 timing idealTree:node_modules/acorn-walk Completed in 0ms
3415 timing idealTree:node_modules/cssom Completed in 0ms
3416 silly placeDep node_modules/cssstyle cssom@0.3.8 OK for: cssstyle@2.3.0 want: ~0.3.6
3417 timing idealTree:node_modules/cssstyle Completed in 1ms
3418 timing idealTree:node_modules/data-urls Completed in 0ms
3419 timing idealTree:node_modules/decimal.js Completed in 0ms
3420 silly placeDep node_modules/domexception webidl-conversions@5.0.0 OK for: domexception@2.0.1 want: ^5.0.0
3421 timing idealTree:node_modules/domexception Completed in 1ms
3422 silly placeDep node_modules/escodegen source-map@0.6.1 OK for: escodegen@2.1.0 want: ~0.6.1
3423 timing idealTree:node_modules/escodegen Completed in 2ms
3424 silly placeDep ROOT asynckit@0.4.0 OK for: form-data@3.0.4 want: ^0.4.0
3425 silly placeDep ROOT combined-stream@1.0.8 OK for: form-data@3.0.4 want: ^1.0.8
3426 silly placeDep ROOT mime-types@2.1.35 OK for: form-data@3.0.4 want: ^2.1.35
3427 silly fetch manifest delayed-stream@~1.0.0
3428 silly fetch manifest mime-db@1.52.0
3429 http fetch GET 200 https://registry.npmjs.org/delayed-stream 31ms (cache revalidated)
3430 http fetch GET 200 https://registry.npmjs.org/mime-db 30ms (cache revalidated)
3431 timing idealTree:node_modules/form-data Completed in 36ms
3432 timing idealTree:node_modules/asynckit Completed in 0ms
3433 silly placeDep ROOT delayed-stream@1.0.0 OK for: combined-stream@1.0.8 want: ~1.0.0
3434 timing idealTree:node_modules/combined-stream Completed in 1ms
3435 timing idealTree:node_modules/delayed-stream Completed in 0ms
3436 timing idealTree:node_modules/html-encoding-sniffer Completed in 0ms
3437 silly placeDep ROOT @tootallnate/once@1.1.2 OK for: http-proxy-agent@4.0.1 want: 1
3438 silly placeDep ROOT agent-base@6.0.2 OK for: http-proxy-agent@4.0.1 want: 6
3439 timing idealTree:node_modules/http-proxy-agent Completed in 3ms
3440 timing idealTree:node_modules/@tootallnate/once Completed in 0ms
3441 timing idealTree:node_modules/agent-base Completed in 0ms
3442 timing idealTree:node_modules/https-proxy-agent Completed in 0ms
3443 timing idealTree:node_modules/is-potential-custom-element-name Completed in 0ms
3444 timing idealTree:node_modules/jsesc Completed in 0ms
3445 timing idealTree:node_modules/json-schema-traverse Completed in 0ms
3446 timing idealTree:node_modules/json-stable-stringify-without-jsonify Completed in 0ms
3447 timing idealTree:node_modules/json5 Completed in 0ms
3448 timing idealTree:node_modules/jsonfile Completed in 0ms
3449 silly placeDep node_modules/jsonpath esprima@1.2.2 OK for: jsonpath@1.1.1 want: 1.2.2
3450 silly placeDep ROOT static-eval@2.0.2 OK for: jsonpath@1.1.1 want: 2.0.2
3451 silly placeDep ROOT underscore@1.12.1 OK for: jsonpath@1.1.1 want: 1.12.1
3452 silly fetch manifest escodegen@^1.8.1
3453 timing idealTree:node_modules/jsonpath Completed in 4ms
3454 timing idealTree:node_modules/jsx-ast-utils Completed in 0ms
3455 silly placeDep ROOT json-buffer@3.0.1 OK for: keyv@4.5.4 want: 3.0.1
3456 timing idealTree:node_modules/keyv Completed in 1ms
3457 timing idealTree:node_modules/json-buffer Completed in 0ms
3458 silly placeDep ROOT language-subtag-registry@0.3.23 OK for: language-tags@1.0.9 want: ^0.3.20
3459 timing idealTree:node_modules/language-tags Completed in 1ms
3460 timing idealTree:node_modules/language-subtag-registry Completed in 0ms
3461 timing idealTree:node_modules/leven Completed in 0ms
3462 silly placeDep ROOT prelude-ls@1.2.1 OK for: levn@0.4.1 want: ^1.2.1
3463 silly placeDep ROOT type-check@0.4.0 OK for: levn@0.4.1 want: ~0.4.0
3464 timing idealTree:node_modules/levn Completed in 2ms
3465 timing idealTree:node_modules/lilconfig Completed in 0ms
3466 silly placeDep ROOT big.js@5.2.2 OK for: loader-utils@2.0.4 want: ^5.2.2
3467 silly placeDep ROOT emojis-list@3.0.0 OK for: loader-utils@2.0.4 want: ^3.0.0
3468 timing idealTree:node_modules/loader-utils Completed in 4ms
3469 timing idealTree:node_modules/big.js Completed in 0ms
3470 timing idealTree:node_modules/emojis-list Completed in 0ms
3471 silly placeDep ROOT p-locate@4.1.0 OK for: locate-path@5.0.0 want: ^4.1.0
3472 silly fetch manifest p-limit@^2.2.0
3473 http fetch GET 200 https://registry.npmjs.org/p-limit 24ms (cache revalidated)
3474 timing idealTree:node_modules/locate-path Completed in 27ms
3475 timing idealTree:node_modules/lodash Completed in 0ms
3476 timing idealTree:node_modules/lodash.debounce Completed in 0ms
3477 timing idealTree:node_modules/lodash.merge Completed in 0ms
3478 silly placeDep ROOT yallist@3.1.1 OK for: lru-cache@5.1.1 want: ^3.0.2
3479 timing idealTree:node_modules/lru-cache Completed in 3ms
3480 silly placeDep node_modules/make-dir semver@6.3.1 OK for: make-dir@3.1.0 want: ^6.0.0
3481 timing idealTree:node_modules/make-dir Completed in 1ms
3482 timing idealTree:node_modules/math-intrinsics Completed in 0ms
3483 timing idealTree:node_modules/merge-stream Completed in 0ms
3484 timing idealTree:node_modules/merge2 Completed in 0ms
3485 silly placeDep ROOT braces@3.0.3 OK for: micromatch@4.0.8 want: ^3.0.3
3486 silly fetch manifest fill-range@^7.1.1
3487 http fetch GET 200 https://registry.npmjs.org/fill-range 27ms (cache revalidated)
3488 timing idealTree:node_modules/micromatch Completed in 29ms
3489 silly placeDep ROOT fill-range@7.1.1 OK for: braces@3.0.3 want: ^7.1.1
3490 silly fetch manifest to-regex-range@^5.0.1
3491 http fetch GET 200 https://registry.npmjs.org/to-regex-range 34ms (cache revalidated)
3492 timing idealTree:node_modules/braces Completed in 38ms
3493 silly placeDep ROOT to-regex-range@5.0.1 OK for: fill-range@7.1.1 want: ^5.0.1
3494 silly fetch manifest is-number@^7.0.0
3495 http fetch GET 200 https://registry.npmjs.org/is-number 25ms (cache revalidated)
3496 timing idealTree:node_modules/fill-range Completed in 27ms
3497 silly placeDep ROOT mime-db@1.52.0 OK for: mime-types@2.1.35 want: 1.52.0
3498 timing idealTree:node_modules/mime-types Completed in 2ms
3499 timing idealTree:node_modules/mime-db Completed in 0ms
3500 timing idealTree:node_modules/mini-css-extract-plugin Completed in 0ms
3501 silly placeDep ROOT brace-expansion@1.1.12 OK for: minimatch@3.1.2 want: ^1.1.7
3502 silly fetch manifest balanced-match@^1.0.0
3503 silly fetch manifest concat-map@0.0.1
3504 http fetch GET 200 https://registry.npmjs.org/balanced-match 27ms (cache revalidated)
3505 http fetch GET 200 https://registry.npmjs.org/concat-map 28ms (cache revalidated)
3506 timing idealTree:node_modules/minimatch Completed in 32ms
3507 silly placeDep ROOT balanced-match@1.0.2 OK for: brace-expansion@1.1.12 want: ^1.0.0
3508 silly placeDep ROOT concat-map@0.0.1 OK for: brace-expansion@1.1.12 want: 0.0.1
3509 timing idealTree:node_modules/brace-expansion Completed in 2ms
3510 timing idealTree:node_modules/balanced-match Completed in 0ms
3511 timing idealTree:node_modules/concat-map Completed in 0ms
3512 timing idealTree:node_modules/ms Completed in 0ms
3513 timing idealTree:node_modules/natural-compare Completed in 0ms
3514 timing idealTree:node_modules/natural-compare-lite Completed in 0ms
3515 timing idealTree:node_modules/node-int64 Completed in 0ms
3516 timing idealTree:node_modules/normalize-path Completed in 0ms
3517 timing idealTree:node_modules/npm-run-path Completed in 0ms
3518 timing idealTree:node_modules/nwsapi Completed in 0ms
3519 timing idealTree:node_modules/object-inspect Completed in 0ms
3520 timing idealTree:node_modules/object-keys Completed in 0ms
3521 timing idealTree:node_modules/object.assign Completed in 0ms
3522 timing idealTree:node_modules/object.entries Completed in 0ms
3523 timing idealTree:node_modules/object.fromentries Completed in 0ms
3524 timing idealTree:node_modules/object.groupby Completed in 0ms
3525 timing idealTree:node_modules/object.values Completed in 0ms
3526 timing idealTree:node_modules/once Completed in 0ms
3527 silly placeDep ROOT mimic-fn@2.1.0 OK for: onetime@5.1.2 want: ^2.1.0
3528 timing idealTree:node_modules/onetime Completed in 1ms
3529 timing idealTree:node_modules/mimic-fn Completed in 0ms
3530 silly placeDep ROOT deep-is@0.1.4 OK for: optionator@0.9.4 want: ^0.1.3
3531 silly placeDep ROOT fast-levenshtein@2.0.6 OK for: optionator@0.9.4 want: ^2.0.6
3532 silly placeDep ROOT word-wrap@1.2.5 OK for: optionator@0.9.4 want: ^1.2.5
3533 timing idealTree:node_modules/optionator Completed in 5ms
3534 timing idealTree:node_modules/deep-is Completed in 0ms
3535 timing idealTree:node_modules/fast-levenshtein Completed in 0ms
3536 timing idealTree:node_modules/own-keys Completed in 0ms
3537 silly placeDep ROOT p-limit@2.3.0 OK for: p-locate@4.1.0 want: ^2.2.0
3538 silly fetch manifest p-try@^2.0.0
3539 http fetch GET 200 https://registry.npmjs.org/p-try 23ms (cache revalidated)
3540 timing idealTree:node_modules/p-locate Completed in 25ms
3541 silly placeDep ROOT p-try@2.2.0 OK for: p-limit@2.3.0 want: ^2.0.0
3542 timing idealTree:node_modules/p-limit Completed in 2ms
3543 timing idealTree:node_modules/p-try Completed in 0ms
3544 silly placeDep ROOT dot-case@3.0.4 OK for: param-case@3.0.4 want: ^3.0.4
3545 timing idealTree:node_modules/param-case Completed in 1ms
3546 silly placeDep ROOT no-case@3.0.4 OK for: dot-case@3.0.4 want: ^3.0.4
3547 silly fetch manifest lower-case@^2.0.2
3548 http fetch GET 200 https://registry.npmjs.org/lower-case 22ms (cache revalidated)
3549 timing idealTree:node_modules/dot-case Completed in 25ms
3550 silly placeDep ROOT lower-case@2.0.2 OK for: no-case@3.0.4 want: ^2.0.2
3551 timing idealTree:node_modules/no-case Completed in 1ms
3552 timing idealTree:node_modules/lower-case Completed in 0ms
3553 timing idealTree:node_modules/parent-module Completed in 0ms
3554 silly placeDep ROOT error-ex@1.3.2 OK for: parse-json@5.2.0 want: ^1.3.1
3555 silly placeDep ROOT json-parse-even-better-errors@2.3.1 OK for: parse-json@5.2.0 want: ^2.3.0
3556 silly placeDep ROOT lines-and-columns@1.2.4 OK for: parse-json@5.2.0 want: ^1.1.6
3557 silly fetch manifest is-arrayish@^0.2.1
3558 http fetch GET 200 https://registry.npmjs.org/is-arrayish 20ms (cache revalidated)
3559 timing idealTree:node_modules/parse-json Completed in 24ms
3560 silly placeDep ROOT is-arrayish@0.2.1 OK for: error-ex@1.3.2 want: ^0.2.1
3561 timing idealTree:node_modules/error-ex Completed in 1ms
3562 timing idealTree:node_modules/is-arrayish Completed in 0ms
3563 timing idealTree:node_modules/json-parse-even-better-errors Completed in 0ms
3564 timing idealTree:node_modules/lines-and-columns Completed in 0ms
3565 timing idealTree:node_modules/parse5 Completed in 0ms
3566 timing idealTree:node_modules/pascal-case Completed in 0ms
3567 timing idealTree:node_modules/path-exists Completed in 0ms
3568 timing idealTree:node_modules/path-is-absolute Completed in 0ms
3569 timing idealTree:node_modules/path-key Completed in 0ms
3570 timing idealTree:node_modules/path-type Completed in 0ms
3571 timing idealTree:node_modules/picomatch Completed in 0ms
3572 timing idealTree:node_modules/pirates Completed in 0ms
3573 timing idealTree:node_modules/pkg-dir Completed in 0ms
3574 timing idealTree:node_modules/possible-typed-array-names Completed in 0ms
3575 silly placeDep ROOT postcss-selector-parser@6.1.2 OK for: postcss-calc@8.2.4 want: ^6.0.9
3576 silly fetch manifest cssesc@^3.0.0
3577 silly fetch manifest util-deprecate@^1.0.2
3578 http fetch GET 200 https://registry.npmjs.org/util-deprecate 27ms (cache revalidated)
3579 http fetch GET 200 https://registry.npmjs.org/cssesc 30ms (cache revalidated)
3580 timing idealTree:node_modules/postcss-calc Completed in 35ms
3581 silly placeDep ROOT caniuse-api@3.0.0 OK for: postcss-colormin@5.3.1 want: ^3.0.0
3582 silly placeDep ROOT colord@2.9.3 OK for: postcss-colormin@5.3.1 want: ^2.9.1
3583 silly fetch manifest lodash.uniq@^4.5.0
3584 silly fetch manifest lodash.memoize@^4.1.2
3585 http fetch GET 200 https://registry.npmjs.org/lodash.uniq 27ms (cache revalidated)
3586 http fetch GET 200 https://registry.npmjs.org/lodash.memoize 27ms (cache revalidated)
3587 timing idealTree:node_modules/postcss-colormin Completed in 31ms
3588 silly placeDep ROOT lodash.memoize@4.1.2 OK for: caniuse-api@3.0.0 want: ^4.1.2
3589 silly placeDep ROOT lodash.uniq@4.5.0 OK for: caniuse-api@3.0.0 want: ^4.5.0
3590 timing idealTree:node_modules/caniuse-api Completed in 2ms
3591 timing idealTree:node_modules/colord Completed in 0ms
3592 timing idealTree:node_modules/lodash.memoize Completed in 0ms
3593 timing idealTree:node_modules/lodash.uniq Completed in 0ms
3594 timing idealTree:node_modules/postcss-convert-values Completed in 0ms
3595 timing idealTree:node_modules/postcss-discard-comments Completed in 0ms
3596 timing idealTree:node_modules/postcss-discard-duplicates Completed in 0ms
3597 timing idealTree:node_modules/postcss-discard-empty Completed in 0ms
3598 timing idealTree:node_modules/postcss-discard-overridden Completed in 0ms
3599 timing idealTree:node_modules/postcss-flexbugs-fixes Completed in 0ms
3600 silly placeDep ROOT klona@2.0.6 OK for: postcss-loader@6.2.1 want: ^2.0.5
3601 timing idealTree:node_modules/postcss-loader Completed in 1ms
3602 timing idealTree:node_modules/klona Completed in 0ms
3603 silly placeDep ROOT stylehacks@5.1.1 OK for: postcss-merge-longhand@5.1.7 want: ^5.1.1
3604 timing idealTree:node_modules/postcss-merge-longhand Completed in 2ms
3605 timing idealTree:node_modules/postcss-merge-rules Completed in 0ms
3606 timing idealTree:node_modules/postcss-minify-font-values Completed in 0ms
3607 timing idealTree:node_modules/postcss-minify-gradients Completed in 0ms
3608 timing idealTree:node_modules/postcss-minify-params Completed in 0ms
3609 timing idealTree:node_modules/postcss-minify-selectors Completed in 0ms
3610 timing idealTree:node_modules/postcss-modules-extract-imports Completed in 0ms
3611 silly placeDep node_modules/postcss-modules-local-by-default postcss-selector-parser@7.1.0 OK for: postcss-modules-local-by-default@4.2.0 want: ^7.0.0
3612 timing idealTree:node_modules/postcss-modules-local-by-default Completed in 1ms
3613 silly placeDep node_modules/postcss-modules-scope postcss-selector-parser@7.1.0 OK for: postcss-modules-scope@3.2.1 want: ^7.0.0
3614 timing idealTree:node_modules/postcss-modules-scope Completed in 1ms
3615 timing idealTree:node_modules/postcss-modules-values Completed in 0ms
3616 silly fetch manifest browserslist@>= 4
3617 silly fetch manifest postcss@>= 8
3618 silly placeDep ROOT @csstools/normalize.css@12.1.1 OK for: postcss-normalize@10.0.1 want: *
3619 silly placeDep ROOT postcss-browser-comments@4.0.0 OK for: postcss-normalize@10.0.1 want: ^4
3620 silly placeDep ROOT sanitize.css@13.0.0 OK for: postcss-normalize@10.0.1 want: *
3621 timing idealTree:node_modules/postcss-normalize Completed in 6ms
3622 timing idealTree:node_modules/@csstools/normalize.css Completed in 0ms
3623 timing idealTree:node_modules/postcss-browser-comments Completed in 0ms
3624 timing idealTree:node_modules/postcss-normalize-charset Completed in 0ms
3625 timing idealTree:node_modules/postcss-normalize-display-values Completed in 0ms
3626 timing idealTree:node_modules/postcss-normalize-positions Completed in 0ms
3627 timing idealTree:node_modules/postcss-normalize-repeat-style Completed in 0ms
3628 timing idealTree:node_modules/postcss-normalize-string Completed in 0ms
3629 timing idealTree:node_modules/postcss-normalize-timing-functions Completed in 0ms
3630 timing idealTree:node_modules/postcss-normalize-unicode Completed in 0ms
3631 silly placeDep ROOT normalize-url@6.1.0 OK for: postcss-normalize-url@5.1.0 want: ^6.0.1
3632 timing idealTree:node_modules/postcss-normalize-url Completed in 2ms
3633 timing idealTree:node_modules/normalize-url Completed in 0ms
3634 timing idealTree:node_modules/postcss-normalize-whitespace Completed in 0ms
3635 timing idealTree:node_modules/postcss-ordered-values Completed in 0ms
3636 silly fetch manifest postcss@^8.2
3637 silly placeDep ROOT @csstools/postcss-cascade-layers@1.1.1 OK for: postcss-preset-env@7.8.3 want: ^1.1.1
3638 silly placeDep ROOT @csstools/postcss-color-function@1.1.1 OK for: postcss-preset-env@7.8.3 want: ^1.1.1
3639 silly placeDep ROOT @csstools/postcss-font-format-keywords@1.0.1 OK for: postcss-preset-env@7.8.3 want: ^1.0.1
3640 silly placeDep ROOT @csstools/postcss-hwb-function@1.0.2 OK for: postcss-preset-env@7.8.3 want: ^1.0.2
3641 silly placeDep ROOT @csstools/postcss-ic-unit@1.0.1 OK for: postcss-preset-env@7.8.3 want: ^1.0.1
3642 silly placeDep ROOT @csstools/postcss-is-pseudo-class@2.0.7 OK for: postcss-preset-env@7.8.3 want: ^2.0.7
3643 silly placeDep ROOT @csstools/postcss-nested-calc@1.0.0 OK for: postcss-preset-env@7.8.3 want: ^1.0.0
3644 silly placeDep ROOT @csstools/postcss-normalize-display-values@1.0.1 OK for: postcss-preset-env@7.8.3 want: ^1.0.1
3645 silly placeDep ROOT @csstools/postcss-oklab-function@1.1.1 OK for: postcss-preset-env@7.8.3 want: ^1.1.1
3646 silly placeDep ROOT @csstools/postcss-progressive-custom-properties@1.3.0 OK for: postcss-preset-env@7.8.3 want: ^1.3.0
3647 silly placeDep ROOT @csstools/postcss-stepped-value-functions@1.0.1 OK for: postcss-preset-env@7.8.3 want: ^1.0.1
3648 silly placeDep ROOT @csstools/postcss-text-decoration-shorthand@1.0.0 OK for: postcss-preset-env@7.8.3 want: ^1.0.0
3649 silly placeDep ROOT @csstools/postcss-trigonometric-functions@1.0.2 OK for: postcss-preset-env@7.8.3 want: ^1.0.2
3650 silly placeDep ROOT @csstools/postcss-unset-value@1.0.2 OK for: postcss-preset-env@7.8.3 want: ^1.0.2
3651 silly placeDep ROOT css-blank-pseudo@3.0.3 OK for: postcss-preset-env@7.8.3 want: ^3.0.3
3652 silly placeDep ROOT css-has-pseudo@3.0.4 OK for: postcss-preset-env@7.8.3 want: ^3.0.4
3653 silly placeDep ROOT css-prefers-color-scheme@6.0.3 OK for: postcss-preset-env@7.8.3 want: ^6.0.3
3654 silly placeDep ROOT cssdb@7.11.2 OK for: postcss-preset-env@7.8.3 want: ^7.1.0
3655 silly placeDep ROOT postcss-attribute-case-insensitive@5.0.2 OK for: postcss-preset-env@7.8.3 want: ^5.0.2
3656 silly placeDep ROOT postcss-clamp@4.1.0 OK for: postcss-preset-env@7.8.3 want: ^4.1.0
3657 silly placeDep ROOT postcss-color-functional-notation@4.2.4 OK for: postcss-preset-env@7.8.3 want: ^4.2.4
3658 silly placeDep ROOT postcss-color-hex-alpha@8.0.4 OK for: postcss-preset-env@7.8.3 want: ^8.0.4
3659 silly placeDep ROOT postcss-color-rebeccapurple@7.1.1 OK for: postcss-preset-env@7.8.3 want: ^7.1.1
3660 silly placeDep ROOT postcss-custom-media@8.0.2 OK for: postcss-preset-env@7.8.3 want: ^8.0.2
3661 silly placeDep ROOT postcss-custom-properties@12.1.11 OK for: postcss-preset-env@7.8.3 want: ^12.1.10
3662 silly placeDep ROOT postcss-custom-selectors@6.0.3 OK for: postcss-preset-env@7.8.3 want: ^6.0.3
3663 silly placeDep ROOT postcss-dir-pseudo-class@6.0.5 OK for: postcss-preset-env@7.8.3 want: ^6.0.5
3664 silly placeDep ROOT postcss-double-position-gradients@3.1.2 OK for: postcss-preset-env@7.8.3 want: ^3.1.2
3665 silly placeDep ROOT postcss-env-function@4.0.6 OK for: postcss-preset-env@7.8.3 want: ^4.0.6
3666 silly placeDep ROOT postcss-focus-visible@6.0.4 OK for: postcss-preset-env@7.8.3 want: ^6.0.4
3667 silly placeDep ROOT postcss-focus-within@5.0.4 OK for: postcss-preset-env@7.8.3 want: ^5.0.4
3668 silly placeDep ROOT postcss-font-variant@5.0.0 OK for: postcss-preset-env@7.8.3 want: ^5.0.0
3669 silly placeDep ROOT postcss-gap-properties@3.0.5 OK for: postcss-preset-env@7.8.3 want: ^3.0.5
3670 silly placeDep ROOT postcss-image-set-function@4.0.7 OK for: postcss-preset-env@7.8.3 want: ^4.0.7
3671 silly placeDep ROOT postcss-initial@4.0.1 OK for: postcss-preset-env@7.8.3 want: ^4.0.1
3672 silly placeDep ROOT postcss-lab-function@4.2.1 OK for: postcss-preset-env@7.8.3 want: ^4.2.1
3673 silly placeDep ROOT postcss-logical@5.0.4 OK for: postcss-preset-env@7.8.3 want: ^5.0.4
3674 silly placeDep ROOT postcss-media-minmax@5.0.0 OK for: postcss-preset-env@7.8.3 want: ^5.0.0
3675 silly placeDep ROOT postcss-nesting@10.2.0 OK for: postcss-preset-env@7.8.3 want: ^10.2.0
3676 silly placeDep ROOT postcss-opacity-percentage@1.1.3 OK for: postcss-preset-env@7.8.3 want: ^1.1.2
3677 silly placeDep ROOT postcss-overflow-shorthand@3.0.4 OK for: postcss-preset-env@7.8.3 want: ^3.0.4
3678 silly placeDep ROOT postcss-page-break@3.0.4 OK for: postcss-preset-env@7.8.3 want: ^3.0.4
3679 silly placeDep ROOT postcss-place@7.0.5 OK for: postcss-preset-env@7.8.3 want: ^7.0.5
3680 silly placeDep ROOT postcss-pseudo-class-any-link@7.1.6 OK for: postcss-preset-env@7.8.3 want: ^7.1.6
3681 silly placeDep ROOT postcss-replace-overflow-wrap@4.0.0 OK for: postcss-preset-env@7.8.3 want: ^4.0.0
3682 silly placeDep ROOT postcss-selector-not@6.0.1 OK for: postcss-preset-env@7.8.3 want: ^6.0.1
3683 silly fetch manifest @csstools/selector-specificity@^2.0.2
3684 silly fetch manifest @csstools/selector-specificity@^2.0.0
3685 http fetch GET 200 https://registry.npmjs.org/@csstools%2fselector-specificity 217ms (cache revalidated)
3686 http fetch GET 200 https://registry.npmjs.org/@csstools%2fselector-specificity 230ms (cache revalidated)
3687 timing idealTree:node_modules/postcss-preset-env Completed in 318ms
3688 silly fetch manifest postcss-selector-parser@^6.0.10
3689 silly placeDep ROOT @csstools/selector-specificity@2.2.0 OK for: @csstools/postcss-cascade-layers@1.1.1 want: ^2.0.2
3690 timing idealTree:node_modules/@csstools/postcss-cascade-layers Completed in 3ms
3691 timing idealTree:node_modules/@csstools/postcss-color-function Completed in 0ms
3692 timing idealTree:node_modules/@csstools/postcss-font-format-keywords Completed in 0ms
3693 timing idealTree:node_modules/@csstools/postcss-hwb-function Completed in 0ms
3694 timing idealTree:node_modules/@csstools/postcss-ic-unit Completed in 0ms
3695 timing idealTree:node_modules/@csstools/postcss-is-pseudo-class Completed in 0ms
3696 timing idealTree:node_modules/@csstools/postcss-nested-calc Completed in 0ms
3697 timing idealTree:node_modules/@csstools/postcss-normalize-display-values Completed in 0ms
3698 timing idealTree:node_modules/@csstools/postcss-oklab-function Completed in 0ms
3699 timing idealTree:node_modules/@csstools/postcss-progressive-custom-properties Completed in 0ms
3700 timing idealTree:node_modules/@csstools/postcss-stepped-value-functions Completed in 0ms
3701 timing idealTree:node_modules/@csstools/postcss-text-decoration-shorthand Completed in 0ms
3702 timing idealTree:node_modules/@csstools/postcss-trigonometric-functions Completed in 0ms
3703 timing idealTree:node_modules/@csstools/postcss-unset-value Completed in 0ms
3704 timing idealTree:node_modules/@csstools/selector-specificity Completed in 0ms
3705 timing idealTree:node_modules/css-blank-pseudo Completed in 0ms
3706 timing idealTree:node_modules/css-has-pseudo Completed in 0ms
3707 timing idealTree:node_modules/css-prefers-color-scheme Completed in 0ms
3708 timing idealTree:node_modules/cssdb Completed in 0ms
3709 timing idealTree:node_modules/postcss-attribute-case-insensitive Completed in 0ms
3710 timing idealTree:node_modules/postcss-clamp Completed in 0ms
3711 timing idealTree:node_modules/postcss-color-functional-notation Completed in 0ms
3712 timing idealTree:node_modules/postcss-color-hex-alpha Completed in 0ms
3713 timing idealTree:node_modules/postcss-color-rebeccapurple Completed in 0ms
3714 timing idealTree:node_modules/postcss-custom-media Completed in 0ms
3715 timing idealTree:node_modules/postcss-custom-properties Completed in 0ms
3716 timing idealTree:node_modules/postcss-custom-selectors Completed in 0ms
3717 timing idealTree:node_modules/postcss-dir-pseudo-class Completed in 0ms
3718 timing idealTree:node_modules/postcss-double-position-gradients Completed in 0ms
3719 timing idealTree:node_modules/postcss-env-function Completed in 0ms
3720 timing idealTree:node_modules/postcss-focus-visible Completed in 0ms
3721 timing idealTree:node_modules/postcss-focus-within Completed in 0ms
3722 timing idealTree:node_modules/postcss-font-variant Completed in 0ms
3723 timing idealTree:node_modules/postcss-gap-properties Completed in 0ms
3724 timing idealTree:node_modules/postcss-image-set-function Completed in 0ms
3725 timing idealTree:node_modules/postcss-initial Completed in 0ms
3726 timing idealTree:node_modules/postcss-lab-function Completed in 0ms
3727 timing idealTree:node_modules/postcss-logical Completed in 0ms
3728 timing idealTree:node_modules/postcss-media-minmax Completed in 0ms
3729 timing idealTree:node_modules/postcss-nesting Completed in 0ms
3730 timing idealTree:node_modules/postcss-opacity-percentage Completed in 0ms
3731 timing idealTree:node_modules/postcss-overflow-shorthand Completed in 0ms
3732 timing idealTree:node_modules/postcss-page-break Completed in 0ms
3733 timing idealTree:node_modules/postcss-place Completed in 0ms
3734 timing idealTree:node_modules/postcss-pseudo-class-any-link Completed in 0ms
3735 timing idealTree:node_modules/postcss-reduce-initial Completed in 0ms
3736 timing idealTree:node_modules/postcss-reduce-transforms Completed in 0ms
3737 timing idealTree:node_modules/postcss-replace-overflow-wrap Completed in 0ms
3738 timing idealTree:node_modules/postcss-selector-not Completed in 0ms
3739 silly placeDep ROOT cssesc@3.0.0 OK for: postcss-selector-parser@6.1.2 want: ^3.0.0
3740 silly placeDep ROOT util-deprecate@1.0.2 OK for: postcss-selector-parser@6.1.2 want: ^1.0.2
3741 timing idealTree:node_modules/postcss-selector-parser Completed in 4ms
3742 timing idealTree:node_modules/cssesc Completed in 0ms
3743 silly placeDep node_modules/postcss-svgo svgo@2.8.0 OK for: postcss-svgo@5.1.0 want: ^2.7.0
3744 silly fetch manifest csso@^4.2.0
3745 silly fetch manifest css-tree@^1.1.3
3746 silly fetch manifest commander@^7.2.0
3747 silly fetch manifest css-select@^4.1.3
3748 silly fetch manifest @trysound/sax@0.2.0
3749 http fetch GET 200 https://registry.npmjs.org/@trysound%2fsax 231ms (cache revalidated)
3750 timing idealTree:node_modules/postcss-svgo Completed in 235ms
3751 timing idealTree:node_modules/postcss-unique-selectors Completed in 0ms
3752 timing idealTree:node_modules/prelude-ls Completed in 0ms
3753 silly placeDep ROOT renderkid@3.0.0 OK for: pretty-error@4.0.0 want: ^3.0.0
3754 silly fetch manifest dom-converter@^0.2.0
3755 silly fetch manifest htmlparser2@^6.1.0
3756 http fetch GET 200 https://registry.npmjs.org/dom-converter 23ms (cache revalidated)
3757 http fetch GET 200 https://registry.npmjs.org/htmlparser2 28ms (cache revalidated)
3758 timing idealTree:node_modules/pretty-error Completed in 32ms
3759 silly placeDep ROOT kleur@3.0.3 OK for: prompts@2.4.2 want: ^3.0.3
3760 silly placeDep ROOT sisteransi@1.0.5 OK for: prompts@2.4.2 want: ^1.0.5
3761 timing idealTree:node_modules/prompts Completed in 3ms
3762 timing idealTree:node_modules/kleur Completed in 0ms
3763 silly placeDep ROOT loose-envify@1.4.0 OK for: prop-types@15.8.1 want: ^1.4.0
3764 silly placeDep ROOT object-assign@4.1.1 OK for: prop-types@15.8.1 want: ^4.1.1
3765 silly placeDep node_modules/prop-types react-is@16.13.1 OK for: prop-types@15.8.1 want: ^16.13.1
3766 timing idealTree:node_modules/prop-types Completed in 3ms
3767 timing idealTree:node_modules/loose-envify Completed in 0ms
3768 timing idealTree:node_modules/object-assign Completed in 0ms
3769 silly placeDep ROOT core-js@3.45.1 OK for: react-app-polyfill@3.0.0 want: ^3.19.2
3770 silly placeDep ROOT promise@8.3.0 OK for: react-app-polyfill@3.0.0 want: ^8.1.0
3771 silly placeDep ROOT raf@3.4.1 OK for: react-app-polyfill@3.0.0 want: ^3.4.1
3772 silly placeDep ROOT regenerator-runtime@0.13.11 OK for: react-app-polyfill@3.0.0 want: ^0.13.9
3773 silly placeDep ROOT whatwg-fetch@3.6.20 OK for: react-app-polyfill@3.0.0 want: ^3.6.2
3774 silly fetch manifest asap@~2.0.6
3775 silly fetch manifest performance-now@^2.1.0
3776 http fetch GET 200 https://registry.npmjs.org/performance-now 28ms (cache revalidated)
3777 http fetch GET 200 https://registry.npmjs.org/asap 31ms (cache revalidated)
3778 timing idealTree:node_modules/react-app-polyfill Completed in 38ms
3779 timing idealTree:node_modules/core-js Completed in 0ms
3780 silly placeDep ROOT asap@2.0.6 OK for: promise@8.3.0 want: ~2.0.6
3781 timing idealTree:node_modules/promise Completed in 2ms
3782 timing idealTree:node_modules/asap Completed in 0ms
3783 silly placeDep ROOT performance-now@2.1.0 OK for: raf@3.4.1 want: ^2.1.0
3784 timing idealTree:node_modules/raf Completed in 1ms
3785 timing idealTree:node_modules/performance-now Completed in 0ms
3786 silly fetch manifest eslint@>= 6
3787 silly fetch manifest typescript@>= 2.7
3788 silly fetch manifest vue-template-compiler@*
3789 http fetch GET 200 https://registry.npmjs.org/vue-template-compiler 27ms (cache revalidated)
3790 silly fetch manifest webpack@>= 4
3791 silly placeDep ROOT address@1.2.2 OK for: react-dev-utils@12.0.1 want: ^1.1.2
3792 silly placeDep ROOT detect-port-alt@1.1.6 OK for: react-dev-utils@12.0.1 want: ^1.1.6
3793 silly placeDep ROOT filesize@8.0.7 OK for: react-dev-utils@12.0.1 want: ^8.0.6
3794 silly placeDep node_modules/react-dev-utils find-up@5.0.0 OK for: react-dev-utils@12.0.1 want: ^5.0.0
3795 silly placeDep ROOT fork-ts-checker-webpack-plugin@6.5.3 OK for: react-dev-utils@12.0.1 want: ^6.5.0
3796 silly placeDep ROOT global-modules@2.0.0 OK for: react-dev-utils@12.0.1 want: ^2.0.0
3797 silly placeDep ROOT gzip-size@6.0.0 OK for: react-dev-utils@12.0.1 want: ^6.0.0
3798 silly placeDep ROOT immer@9.0.21 OK for: react-dev-utils@12.0.1 want: ^9.0.7
3799 silly placeDep ROOT is-root@2.1.0 OK for: react-dev-utils@12.0.1 want: ^2.1.0
3800 silly placeDep node_modules/react-dev-utils loader-utils@3.3.1 OK for: react-dev-utils@12.0.1 want: ^3.2.0
3801 silly placeDep ROOT open@8.4.2 OK for: react-dev-utils@12.0.1 want: ^8.4.0
3802 silly placeDep ROOT pkg-up@3.1.0 OK for: react-dev-utils@12.0.1 want: ^3.1.0
3803 silly placeDep ROOT react-error-overlay@6.1.0 OK for: react-dev-utils@12.0.1 want: ^6.0.11
3804 silly placeDep ROOT recursive-readdir@2.2.3 OK for: react-dev-utils@12.0.1 want: ^2.2.2
3805 silly placeDep ROOT shell-quote@1.8.3 OK for: react-dev-utils@12.0.1 want: ^1.7.3
3806 silly fetch manifest debug@^2.6.0
3807 silly fetch manifest memfs@^3.1.2
3808 silly fetch manifest tapable@^1.0.0
3809 silly fetch manifest chokidar@^3.4.2
3810 silly fetch manifest fs-extra@^9.0.0
3811 silly fetch manifest cosmiconfig@^6.0.0
3812 silly fetch manifest schema-utils@2.7.0
3813 silly fetch manifest global-prefix@^3.0.0
3814 silly fetch manifest duplexer@^0.1.2
3815 silly fetch manifest is-wsl@^2.2.0
3816 silly fetch manifest is-docker@^2.1.1
3817 silly fetch manifest define-lazy-prop@^2.0.0
3818 silly fetch manifest find-up@^3.0.0
3819 http fetch GET 200 https://registry.npmjs.org/memfs 42ms (cache revalidated)
3820 http fetch GET 200 https://registry.npmjs.org/global-prefix 45ms (cache revalidated)
3821 http fetch GET 200 https://registry.npmjs.org/duplexer 47ms (cache revalidated)
3822 http fetch GET 200 https://registry.npmjs.org/define-lazy-prop 47ms (cache revalidated)
3823 http fetch GET 200 https://registry.npmjs.org/is-docker 48ms (cache revalidated)
3824 http fetch GET 200 https://registry.npmjs.org/is-wsl 49ms (cache revalidated)
3825 timing idealTree:node_modules/react-dev-utils Completed in 104ms
3826 timing idealTree:node_modules/address Completed in 0ms
3827 silly placeDep node_modules/detect-port-alt debug@2.6.9 OK for: detect-port-alt@1.1.6 want: ^2.6.0
3828 silly fetch manifest ms@2.0.0
3829 timing idealTree:node_modules/detect-port-alt Completed in 3ms
3830 timing idealTree:node_modules/filesize Completed in 0ms
3831 silly placeDep ROOT chokidar@3.6.0 OK for: fork-ts-checker-webpack-plugin@6.5.3 want: ^3.4.2
3832 silly placeDep node_modules/fork-ts-checker-webpack-plugin cosmiconfig@6.0.0 OK for: fork-ts-checker-webpack-plugin@6.5.3 want: ^6.0.0
3833 silly placeDep node_modules/fork-ts-checker-webpack-plugin fs-extra@9.1.0 OK for: fork-ts-checker-webpack-plugin@6.5.3 want: ^9.0.0
3834 silly placeDep ROOT memfs@3.5.3 OK for: fork-ts-checker-webpack-plugin@6.5.3 want: ^3.1.2
3835 silly placeDep node_modules/fork-ts-checker-webpack-plugin schema-utils@2.7.0 OK for: fork-ts-checker-webpack-plugin@6.5.3 want: 2.7.0
3836 silly placeDep node_modules/fork-ts-checker-webpack-plugin tapable@1.1.3 OK for: fork-ts-checker-webpack-plugin@6.5.3 want: ^1.0.0
3837 silly fetch manifest readdirp@~3.6.0
3838 silly fetch manifest glob-parent@~5.1.2
3839 silly fetch manifest is-binary-path@~2.1.0
3840 silly fetch manifest at-least-node@^1.0.0
3841 silly fetch manifest fs-monkey@^1.0.4
3842 silly fetch manifest ajv-keywords@^3.4.1
3843 http fetch GET 200 https://registry.npmjs.org/readdirp 27ms (cache revalidated)
3844 http fetch GET 200 https://registry.npmjs.org/at-least-node 32ms (cache revalidated)
3845 http fetch GET 200 https://registry.npmjs.org/is-binary-path 34ms (cache revalidated)
3846 http fetch GET 200 https://registry.npmjs.org/fs-monkey 35ms (cache revalidated)
3847 timing idealTree:node_modules/fork-ts-checker-webpack-plugin Completed in 46ms
3848 silly placeDep node_modules/chokidar glob-parent@5.1.2 OK for: chokidar@3.6.0 want: ~5.1.2
3849 silly placeDep ROOT is-binary-path@2.1.0 OK for: chokidar@3.6.0 want: ~2.1.0
3850 silly placeDep ROOT readdirp@3.6.0 OK for: chokidar@3.6.0 want: ~3.6.0
3851 silly fetch manifest binary-extensions@^2.0.0
3852 http fetch GET 200 https://registry.npmjs.org/binary-extensions 34ms (cache revalidated)
3853 timing idealTree:node_modules/chokidar Completed in 40ms
3854 silly placeDep ROOT global-prefix@3.0.0 OK for: global-modules@2.0.0 want: ^3.0.0
3855 silly fetch manifest ini@^1.3.5
3856 silly fetch manifest which@^1.3.1
3857 silly fetch manifest kind-of@^6.0.2
3858 http fetch GET 200 https://registry.npmjs.org/kind-of 24ms (cache revalidated)
3859 http fetch GET 200 https://registry.npmjs.org/ini 26ms (cache revalidated)
3860 timing idealTree:node_modules/global-modules Completed in 29ms
3861 silly placeDep ROOT ini@1.3.8 OK for: global-prefix@3.0.0 want: ^1.3.5
3862 silly placeDep ROOT kind-of@6.0.3 OK for: global-prefix@3.0.0 want: ^6.0.2
3863 silly placeDep node_modules/global-prefix which@1.3.1 OK for: global-prefix@3.0.0 want: ^1.3.1
3864 timing idealTree:node_modules/global-prefix Completed in 4ms
3865 silly placeDep ROOT duplexer@0.1.2 OK for: gzip-size@6.0.0 want: ^0.1.2
3866 timing idealTree:node_modules/gzip-size Completed in 3ms
3867 timing idealTree:node_modules/duplexer Completed in 0ms
3868 timing idealTree:node_modules/immer Completed in 0ms
3869 timing idealTree:node_modules/ini Completed in 0ms
3870 silly placeDep ROOT binary-extensions@2.3.0 OK for: is-binary-path@2.1.0 want: ^2.0.0
3871 timing idealTree:node_modules/is-binary-path Completed in 2ms
3872 timing idealTree:node_modules/binary-extensions Completed in 0ms
3873 timing idealTree:node_modules/is-root Completed in 0ms
3874 timing idealTree:node_modules/kind-of Completed in 0ms
3875 silly placeDep ROOT fs-monkey@1.1.0 OK for: memfs@3.5.3 want: ^1.0.4
3876 timing idealTree:node_modules/memfs Completed in 1ms
3877 timing idealTree:node_modules/fs-monkey Completed in 0ms
3878 silly placeDep ROOT define-lazy-prop@2.0.0 OK for: open@8.4.2 want: ^2.0.0
3879 silly placeDep ROOT is-docker@2.2.1 OK for: open@8.4.2 want: ^2.1.1
3880 silly placeDep ROOT is-wsl@2.2.0 OK for: open@8.4.2 want: ^2.2.0
3881 timing idealTree:node_modules/open Completed in 3ms
3882 timing idealTree:node_modules/define-lazy-prop Completed in 0ms
3883 timing idealTree:node_modules/is-docker Completed in 0ms
3884 timing idealTree:node_modules/is-wsl Completed in 0ms
3885 silly placeDep node_modules/pkg-up find-up@3.0.0 OK for: pkg-up@3.1.0 want: ^3.0.0
3886 silly fetch manifest locate-path@^3.0.0
3887 timing idealTree:node_modules/pkg-up Completed in 0ms
3888 timing idealTree:node_modules/react-error-overlay Completed in 0ms
3889 timing idealTree:node_modules/react-refresh Completed in 0ms
3890 timing idealTree:node_modules/readdirp Completed in 0ms
3891 timing idealTree:node_modules/recursive-readdir Completed in 0ms
3892 silly placeDep ROOT indent-string@4.0.0 OK for: redent@3.0.0 want: ^4.0.0
3893 silly placeDep ROOT strip-indent@3.0.0 OK for: redent@3.0.0 want: ^3.0.0
3894 silly fetch manifest min-indent@^1.0.0
3895 http fetch GET 200 https://registry.npmjs.org/min-indent 32ms (cache revalidated)
3896 timing idealTree:node_modules/redent Completed in 35ms
3897 timing idealTree:node_modules/indent-string Completed in 0ms
3898 timing idealTree:node_modules/regenerator-runtime Completed in 0ms
3899 timing idealTree:node_modules/regexp.prototype.flags Completed in 0ms
3900 silly placeDep ROOT regenerate@1.4.2 OK for: regexpu-core@6.3.1 want: ^1.4.2
3901 silly placeDep ROOT regenerate-unicode-properties@10.2.2 OK for: regexpu-core@6.3.1 want: ^10.2.2
3902 silly placeDep ROOT regjsgen@0.8.0 OK for: regexpu-core@6.3.1 want: ^0.8.0
3903 silly placeDep ROOT regjsparser@0.12.0 OK for: regexpu-core@6.3.1 want: ^0.12.0
3904 silly placeDep ROOT unicode-match-property-ecmascript@2.0.0 OK for: regexpu-core@6.3.1 want: ^2.0.0
3905 silly placeDep ROOT unicode-match-property-value-ecmascript@2.2.1 OK for: regexpu-core@6.3.1 want: ^2.2.1
3906 silly fetch manifest jsesc@~3.0.2
3907 silly fetch manifest unicode-canonical-property-names-ecmascript@^2.0.0
3908 silly fetch manifest unicode-property-aliases-ecmascript@^2.0.0
3909 http fetch GET 200 https://registry.npmjs.org/unicode-property-aliases-ecmascript 26ms (cache revalidated)
3910 http fetch GET 200 https://registry.npmjs.org/unicode-canonical-property-names-ecmascript 38ms (cache revalidated)
3911 timing idealTree:node_modules/regexpu-core Completed in 47ms
3912 timing idealTree:node_modules/regenerate Completed in 0ms
3913 timing idealTree:node_modules/regenerate-unicode-properties Completed in 0ms
3914 timing idealTree:node_modules/regjsgen Completed in 0ms
3915 silly placeDep node_modules/regjsparser jsesc@3.0.2 OK for: regjsparser@0.12.0 want: ~3.0.2
3916 timing idealTree:node_modules/regjsparser Completed in 2ms
3917 timing idealTree:node_modules/relateurl Completed in 0ms
3918 silly placeDep ROOT css-select@4.3.0 OK for: renderkid@3.0.0 want: ^4.1.3
3919 silly placeDep ROOT dom-converter@0.2.0 OK for: renderkid@3.0.0 want: ^0.2.0
3920 silly placeDep ROOT htmlparser2@6.1.0 OK for: renderkid@3.0.0 want: ^6.1.0
3921 silly fetch manifest boolbase@^1.0.0
3922 silly fetch manifest css-what@^6.0.1
3923 silly fetch manifest domutils@^2.8.0
3924 silly fetch manifest nth-check@^2.0.1
3925 silly fetch manifest domhandler@^4.3.1
3926 silly fetch manifest utila@~0.4
3927 silly fetch manifest domutils@^2.5.2
3928 silly fetch manifest entities@^2.0.0
3929 silly fetch manifest domhandler@^4.0.0
3930 silly fetch manifest domelementtype@^2.0.1
3931 http fetch GET 200 https://registry.npmjs.org/nth-check 28ms (cache hit)
3932 http fetch GET 200 https://registry.npmjs.org/css-what 42ms (cache revalidated)
3933 http fetch GET 200 https://registry.npmjs.org/domhandler 42ms (cache revalidated)
3934 http fetch GET 200 https://registry.npmjs.org/domutils 44ms (cache revalidated)
3935 http fetch GET 200 https://registry.npmjs.org/entities 44ms (cache revalidated)
3936 http fetch GET 200 https://registry.npmjs.org/utila 50ms (cache revalidated)
3937 http fetch GET 200 https://registry.npmjs.org/boolbase 53ms (cache revalidated)
3938 http fetch GET 200 https://registry.npmjs.org/domhandler 51ms (cache revalidated)
3939 http fetch GET 200 https://registry.npmjs.org/domelementtype 52ms (cache revalidated)
3940 http fetch GET 200 https://registry.npmjs.org/domutils 56ms (cache revalidated)
3941 timing idealTree:node_modules/renderkid Completed in 66ms
3942 silly placeDep ROOT boolbase@1.0.0 OK for: css-select@4.3.0 want: ^1.0.0
3943 silly placeDep ROOT css-what@6.2.2 OK for: css-select@4.3.0 want: ^6.0.1
3944 silly placeDep ROOT domhandler@4.3.1 OK for: css-select@4.3.0 want: ^4.3.1
3945 silly placeDep ROOT domutils@2.8.0 OK for: css-select@4.3.0 want: ^2.8.0
3946 silly placeDep ROOT nth-check@2.1.1 OK for: css-select@4.3.0 want: ^2.0.1
3947 silly fetch manifest domelementtype@^2.2.0
3948 silly fetch manifest dom-serializer@^1.0.1
3949 http fetch GET 200 https://registry.npmjs.org/dom-serializer 28ms (cache revalidated)
3950 timing idealTree:node_modules/css-select Completed in 36ms
3951 timing idealTree:node_modules/boolbase Completed in 0ms
3952 timing idealTree:node_modules/css-what Completed in 0ms
3953 silly placeDep ROOT utila@0.4.0 OK for: dom-converter@0.2.0 want: ~0.4
3954 timing idealTree:node_modules/dom-converter Completed in 1ms
3955 silly placeDep ROOT domelementtype@2.3.0 OK for: domhandler@4.3.1 want: ^2.2.0
3956 timing idealTree:node_modules/domhandler Completed in 3ms
3957 timing idealTree:node_modules/domelementtype Completed in 0ms
3958 silly placeDep ROOT dom-serializer@1.4.1 OK for: domutils@2.8.0 want: ^1.0.1
3959 timing idealTree:node_modules/domutils Completed in 1ms
3960 silly placeDep ROOT entities@2.2.0 OK for: dom-serializer@1.4.1 want: ^2.0.0
3961 timing idealTree:node_modules/dom-serializer Completed in 1ms
3962 timing idealTree:node_modules/entities Completed in 0ms
3963 timing idealTree:node_modules/htmlparser2 Completed in 0ms
3964 timing idealTree:node_modules/nth-check Completed in 0ms
3965 silly placeDep ROOT path-parse@1.0.7 OK for: resolve@1.22.10 want: ^1.0.7
3966 silly placeDep ROOT supports-preserve-symlinks-flag@1.0.0 OK for: resolve@1.22.10 want: ^1.0.0
3967 timing idealTree:node_modules/resolve Completed in 3ms
3968 timing idealTree:node_modules/path-parse Completed in 0ms
3969 timing idealTree:node_modules/resolve-cwd Completed in 0ms
3970 timing idealTree:node_modules/resolve-from Completed in 0ms
3971 silly placeDep ROOT adjust-sourcemap-loader@4.0.0 OK for: resolve-url-loader@4.0.0 want: ^4.0.0
3972 silly placeDep node_modules/resolve-url-loader convert-source-map@1.9.0 OK for: resolve-url-loader@4.0.0 want: ^1.7.0
3973 silly placeDep node_modules/resolve-url-loader postcss@7.0.39 OK for: resolve-url-loader@4.0.0 want: ^7.0.35
3974 silly placeDep node_modules/resolve-url-loader source-map@0.6.1 OK for: resolve-url-loader@4.0.0 want: 0.6.1
3975 silly fetch manifest regex-parser@^2.2.11
3976 silly fetch manifest picocolors@^0.2.1
3977 http fetch GET 200 https://registry.npmjs.org/regex-parser 33ms (cache revalidated)
3978 timing idealTree:node_modules/resolve-url-loader Completed in 40ms
3979 silly placeDep ROOT regex-parser@2.3.1 OK for: adjust-sourcemap-loader@4.0.0 want: ^2.2.11
3980 timing idealTree:node_modules/adjust-sourcemap-loader Completed in 3ms
3981 timing idealTree:node_modules/regex-parser Completed in 0ms
3982 timing idealTree:node_modules/resolve.exports Completed in 0ms
3983 timing idealTree:node_modules/reusify Completed in 0ms
3984 timing idealTree:node_modules/rimraf Completed in 0ms
3985 silly placeDep ROOT queue-microtask@1.2.3 OK for: run-parallel@1.2.0 want: ^1.2.2
3986 timing idealTree:node_modules/run-parallel Completed in 1ms
3987 timing idealTree:node_modules/queue-microtask Completed in 0ms
3988 silly placeDep ROOT isarray@2.0.5 OK for: safe-array-concat@1.1.3 want: ^2.0.5
3989 timing idealTree:node_modules/safe-array-concat Completed in 2ms
3990 timing idealTree:node_modules/isarray Completed in 0ms
3991 timing idealTree:node_modules/safe-push-apply Completed in 0ms
3992 timing idealTree:node_modules/safe-regex-test Completed in 0ms
3993 timing idealTree:node_modules/sanitize.css Completed in 1ms
3994 silly placeDep ROOT neo-async@2.6.2 OK for: sass-loader@12.6.0 want: ^2.6.2
3995 timing idealTree:node_modules/sass-loader Completed in 1ms
3996 timing idealTree:node_modules/neo-async Completed in 0ms
3997 silly placeDep ROOT xmlchars@2.2.0 OK for: saxes@5.0.1 want: ^2.2.0
3998 timing idealTree:node_modules/saxes Completed in 1ms
3999 timing idealTree:node_modules/scheduler Completed in 0ms
4000 silly placeDep node_modules/schema-utils ajv@8.17.1 OK for: schema-utils@4.3.2 want: ^8.9.0
4001 silly placeDep ROOT ajv-formats@2.1.1 OK for: schema-utils@4.3.2 want: ^2.1.1
4002 silly placeDep node_modules/schema-utils ajv-keywords@5.1.0 OK for: schema-utils@4.3.2 want: ^5.1.0
4003 silly fetch manifest fast-uri@^3.0.1
4004 silly fetch manifest require-from-string@^2.0.2
4005 silly fetch manifest json-schema-traverse@^1.0.0
4006 silly fetch manifest ajv@^8.0.0
4007 http fetch GET 200 https://registry.npmjs.org/fast-uri 25ms (cache revalidated)
4008 http fetch GET 200 https://registry.npmjs.org/require-from-string 25ms (cache revalidated)
4009 timing idealTree:node_modules/schema-utils Completed in 32ms
4010 silly placeDep node_modules/ajv-formats ajv@8.17.1 OK for: ajv-formats@2.1.1 want: ^8.0.0
4011 timing idealTree:node_modules/ajv-formats Completed in 2ms
4012 timing idealTree:node_modules/semver Completed in 0ms
4013 silly placeDep ROOT randombytes@2.1.0 OK for: serialize-javascript@6.0.2 want: ^2.1.0
4014 silly fetch manifest safe-buffer@^5.1.0
4015 http fetch GET 200 https://registry.npmjs.org/safe-buffer 20ms (cache revalidated)
4016 timing idealTree:node_modules/serialize-javascript Completed in 22ms
4017 silly placeDep ROOT safe-buffer@5.2.1 OK for: randombytes@2.1.0 want: ^5.1.0
4018 timing idealTree:node_modules/randombytes Completed in 1ms
4019 timing idealTree:node_modules/safe-buffer Completed in 0ms
4020 timing idealTree:node_modules/set-cookie-parser Completed in 0ms
4021 timing idealTree:node_modules/set-function-length Completed in 1ms
4022 timing idealTree:node_modules/set-function-name Completed in 0ms
4023 timing idealTree:node_modules/set-proto Completed in 0ms
4024 silly placeDep ROOT shebang-regex@3.0.0 OK for: shebang-command@2.0.0 want: ^3.0.0
4025 timing idealTree:node_modules/shebang-command Completed in 3ms
4026 timing idealTree:node_modules/shebang-regex Completed in 0ms
4027 timing idealTree:node_modules/shell-quote Completed in 0ms
4028 silly placeDep ROOT side-channel-list@1.0.0 OK for: side-channel@1.1.0 want: ^1.0.0
4029 silly placeDep ROOT side-channel-map@1.0.1 OK for: side-channel@1.1.0 want: ^1.0.1
4030 silly placeDep ROOT side-channel-weakmap@1.0.2 OK for: side-channel@1.1.0 want: ^1.0.2
4031 timing idealTree:node_modules/side-channel Completed in 6ms
4032 timing idealTree:node_modules/side-channel-list Completed in 0ms
4033 timing idealTree:node_modules/side-channel-map Completed in 0ms
4034 timing idealTree:node_modules/side-channel-weakmap Completed in 0ms
4035 timing idealTree:node_modules/signal-exit Completed in 0ms
4036 timing idealTree:node_modules/sisteransi Completed in 0ms
4037 timing idealTree:node_modules/slash Completed in 0ms
4038 timing idealTree:node_modules/source-map Completed in 0ms
4039 timing idealTree:node_modules/source-map-js Completed in 0ms
4040 silly placeDep ROOT iconv-lite@0.6.3 OK for: source-map-loader@3.0.2 want: ^0.6.3
4041 silly fetch manifest safer-buffer@>= 2.1.2 < 3.0.0
4042 http fetch GET 200 https://registry.npmjs.org/safer-buffer 29ms (cache revalidated)
4043 timing idealTree:node_modules/source-map-loader Completed in 32ms
4044 silly placeDep ROOT safer-buffer@2.1.2 OK for: iconv-lite@0.6.3 want: >= 2.1.2 < 3.0.0
4045 timing idealTree:node_modules/iconv-lite Completed in 2ms
4046 timing idealTree:node_modules/safer-buffer Completed in 0ms
4047 silly placeDep ROOT buffer-from@1.1.2 OK for: source-map-support@0.5.21 want: ^1.0.0
4048 silly placeDep node_modules/source-map-support source-map@0.6.1 OK for: source-map-support@0.5.21 want: ^0.6.0
4049 timing idealTree:node_modules/source-map-support Completed in 3ms
4050 timing idealTree:node_modules/buffer-from Completed in 0ms
4051 timing idealTree:node_modules/sprintf-js Completed in 0ms
4052 silly placeDep node_modules/stack-utils escape-string-regexp@2.0.0 OK for: stack-utils@2.0.6 want: ^2.0.0
4053 timing idealTree:node_modules/stack-utils Completed in 1ms
4054 timing idealTree:node_modules/stackframe Completed in 0ms
4055 silly placeDep node_modules/static-eval escodegen@1.14.3 OK for: static-eval@2.0.2 want: ^1.8.1
4056 silly fetch manifest estraverse@^4.2.0
4057 silly fetch manifest optionator@^0.8.1
4058 timing idealTree:node_modules/static-eval Completed in 2ms
4059 timing idealTree:node_modules/stop-iteration-iterator Completed in 0ms
4060 silly placeDep ROOT char-regex@1.0.2 OK for: string-length@4.0.2 want: ^1.0.2
4061 timing idealTree:node_modules/string-length Completed in 2ms
4062 timing idealTree:node_modules/char-regex Completed in 0ms
4063 timing idealTree:node_modules/string-natural-compare Completed in 0ms
4064 timing idealTree:node_modules/string.prototype.includes Completed in 0ms
4065 timing idealTree:node_modules/string.prototype.matchall Completed in 0ms
4066 timing idealTree:node_modules/string.prototype.repeat Completed in 0ms
4067 timing idealTree:node_modules/string.prototype.trim Completed in 0ms
4068 timing idealTree:node_modules/string.prototype.trimend Completed in 0ms
4069 timing idealTree:node_modules/string.prototype.trimstart Completed in 0ms
4070 timing idealTree:node_modules/strip-ansi Completed in 0ms
4071 timing idealTree:node_modules/strip-bom Completed in 0ms
4072 timing idealTree:node_modules/strip-final-newline Completed in 0ms
4073 silly placeDep ROOT min-indent@1.0.1 OK for: strip-indent@3.0.0 want: ^1.0.0
4074 timing idealTree:node_modules/strip-indent Completed in 1ms
4075 timing idealTree:node_modules/min-indent Completed in 0ms
4076 timing idealTree:node_modules/strip-json-comments Completed in 0ms
4077 timing idealTree:node_modules/style-loader Completed in 0ms
4078 timing idealTree:node_modules/stylehacks Completed in 0ms
4079 silly placeDep ROOT has-flag@4.0.0 OK for: supports-color@7.2.0 want: ^4.0.0
4080 timing idealTree:node_modules/supports-color Completed in 1ms
4081 timing idealTree:node_modules/has-flag Completed in 0ms
4082 timing idealTree:node_modules/supports-preserve-symlinks-flag Completed in 0ms
4083 timing idealTree:node_modules/svg-parser Completed in 0ms
4084 silly placeDep node_modules/svgo chalk@2.4.2 OK for: svgo@1.3.2 want: ^2.4.1
4085 silly placeDep ROOT coa@2.0.2 OK for: svgo@1.3.2 want: ^2.0.2
4086 silly placeDep node_modules/svgo css-select@2.1.0 OK for: svgo@1.3.2 want: ^2.0.0
4087 silly placeDep ROOT css-select-base-adapter@0.1.1 OK for: svgo@1.3.2 want: ^0.1.1
4088 silly placeDep ROOT css-tree@1.0.0-alpha.37 OK for: svgo@1.3.2 want: 1.0.0-alpha.37
4089 silly placeDep ROOT csso@4.2.0 OK for: svgo@1.3.2 want: ^4.0.2
4090 silly placeDep ROOT mkdirp@0.5.6 OK for: svgo@1.3.2 want: ~0.5.1
4091 silly placeDep ROOT sax@1.2.4 OK for: svgo@1.3.2 want: ~1.2.4
4092 silly placeDep ROOT stable@0.1.8 OK for: svgo@1.3.2 want: ^0.1.8
4093 silly placeDep ROOT unquote@1.1.1 OK for: svgo@1.3.2 want: ~1.1.1
4094 silly placeDep ROOT util.promisify@1.0.1 OK for: svgo@1.3.2 want: ~1.0.0
4095 silly fetch manifest ansi-styles@^3.2.1
4096 silly fetch manifest supports-color@^5.3.0
4097 silly fetch manifest escape-string-regexp@^1.0.5
4098 silly fetch manifest @types/q@^1.5.1
4099 silly fetch manifest q@^1.1.2
4100 silly fetch manifest css-what@^3.2.1
4101 silly fetch manifest domutils@^1.7.0
4102 silly fetch manifest nth-check@^1.0.2
4103 silly fetch manifest mdn-data@2.0.4
4104 silly fetch manifest css-tree@^1.1.2
4105 silly fetch manifest object.getownpropertydescriptors@^2.1.0
4106 http fetch GET 200 https://registry.npmjs.org/object.getownpropertydescriptors 44ms (cache revalidated)
4107 http fetch GET 200 https://registry.npmjs.org/q 48ms (cache revalidated)
4108 http fetch GET 200 https://registry.npmjs.org/mdn-data 50ms (cache revalidated)
4109 http fetch GET 200 https://registry.npmjs.org/@types%2fq 59ms (cache revalidated)
4110 timing idealTree:node_modules/svgo Completed in 75ms
4111 silly placeDep ROOT @types/q@1.5.8 OK for: coa@2.0.2 want: ^1.5.1
4112 silly placeDep node_modules/coa chalk@2.4.2 OK for: coa@2.0.2 want: ^2.4.1
4113 silly placeDep ROOT q@1.5.1 OK for: coa@2.0.2 want: ^1.1.2
4114 timing idealTree:node_modules/coa Completed in 5ms
4115 timing idealTree:node_modules/@types/q Completed in 0ms
4116 timing idealTree:node_modules/css-select-base-adapter Completed in 0ms
4117 silly placeDep ROOT mdn-data@2.0.4 OK for: css-tree@1.0.0-alpha.37 want: 2.0.4
4118 silly placeDep node_modules/css-tree source-map@0.6.1 OK for: css-tree@1.0.0-alpha.37 want: ^0.6.1
4119 timing idealTree:node_modules/css-tree Completed in 2ms
4120 silly placeDep node_modules/csso css-tree@1.1.3 OK for: csso@4.2.0 want: ^1.1.2
4121 silly fetch manifest mdn-data@2.0.14
4122 timing idealTree:node_modules/csso Completed in 1ms
4123 timing idealTree:node_modules/mdn-data Completed in 0ms
4124 silly placeDep ROOT minimist@1.2.8 OK for: mkdirp@0.5.6 want: ^1.2.6
4125 timing idealTree:node_modules/mkdirp Completed in 2ms
4126 timing idealTree:node_modules/minimist Completed in 0ms
4127 timing idealTree:node_modules/q Completed in 0ms
4128 timing idealTree:node_modules/sax Completed in 0ms
4129 timing idealTree:node_modules/stable Completed in 0ms
4130 timing idealTree:node_modules/symbol-tree Completed in 0ms
4131 silly fetch manifest postcss@^8.4.47
4132 silly placeDep ROOT arg@5.0.2 OK for: tailwindcss@3.4.17 want: ^5.0.2
4133 silly placeDep ROOT didyoumean@1.2.2 OK for: tailwindcss@3.4.17 want: ^1.2.2
4134 silly placeDep ROOT dlv@1.1.3 OK for: tailwindcss@3.4.17 want: ^1.1.3
4135 silly placeDep node_modules/tailwindcss jiti@1.21.7 OK for: tailwindcss@3.4.17 want: ^1.21.6
4136 silly placeDep node_modules/tailwindcss lilconfig@3.1.3 OK for: tailwindcss@3.4.17 want: ^3.1.3
4137 silly placeDep ROOT object-hash@3.0.0 OK for: tailwindcss@3.4.17 want: ^3.0.0
4138 silly placeDep ROOT postcss-import@15.1.0 OK for: tailwindcss@3.4.17 want: ^15.1.0
4139 silly placeDep ROOT postcss-js@4.0.1 OK for: tailwindcss@3.4.17 want: ^4.0.1
4140 silly placeDep ROOT postcss-load-config@4.0.2 OK for: tailwindcss@3.4.17 want: ^4.0.2
4141 silly placeDep ROOT postcss-nested@6.2.0 OK for: tailwindcss@3.4.17 want: ^6.2.0
4142 silly placeDep ROOT sucrase@3.35.0 OK for: tailwindcss@3.4.17 want: ^3.35.0
4143 silly fetch manifest read-cache@^1.0.0
4144 silly fetch manifest camelcase-css@^2.0.1
4145 silly fetch manifest yaml@^2.3.4
4146 silly fetch manifest lilconfig@^3.0.0
4147 silly fetch manifest commander@^4.0.0
4148 silly fetch manifest glob@^10.3.10
4149 silly fetch manifest mz@^2.7.0
4150 silly fetch manifest ts-interface-checker@^0.1.9
4151 http fetch GET 200 https://registry.npmjs.org/read-cache 33ms (cache revalidated)
4152 http fetch GET 200 https://registry.npmjs.org/camelcase-css 35ms (cache revalidated)
4153 http fetch GET 200 https://registry.npmjs.org/ts-interface-checker 34ms (cache revalidated)
4154 http fetch GET 200 https://registry.npmjs.org/mz 37ms (cache revalidated)
4155 timing idealTree:node_modules/tailwindcss Completed in 69ms
4156 timing idealTree:node_modules/arg Completed in 0ms
4157 timing idealTree:node_modules/didyoumean Completed in 0ms
4158 timing idealTree:node_modules/dlv Completed in 0ms
4159 timing idealTree:node_modules/object-hash Completed in 0ms
4160 silly placeDep ROOT read-cache@1.0.0 OK for: postcss-import@15.1.0 want: ^1.0.0
4161 silly fetch manifest pify@^2.3.0
4162 http fetch GET 200 https://registry.npmjs.org/pify 22ms (cache revalidated)
4163 timing idealTree:node_modules/postcss-import Completed in 24ms
4164 silly placeDep ROOT camelcase-css@2.0.1 OK for: postcss-js@4.0.1 want: ^2.0.1
4165 timing idealTree:node_modules/postcss-js Completed in 4ms
4166 timing idealTree:node_modules/camelcase-css Completed in 0ms
4167 silly placeDep node_modules/postcss-load-config lilconfig@3.1.3 OK for: postcss-load-config@4.0.2 want: ^3.0.0
4168 silly placeDep node_modules/postcss-load-config yaml@2.8.1 OK for: postcss-load-config@4.0.2 want: ^2.3.4
4169 timing idealTree:node_modules/postcss-load-config Completed in 2ms
4170 timing idealTree:node_modules/postcss-nested Completed in 0ms
4171 silly placeDep ROOT pify@2.3.0 OK for: read-cache@1.0.0 want: ^2.3.0
4172 timing idealTree:node_modules/read-cache Completed in 1ms
4173 timing idealTree:node_modules/pify Completed in 0ms
4174 silly placeDep node_modules/sucrase commander@4.1.1 OK for: sucrase@3.35.0 want: ^4.0.0
4175 silly placeDep node_modules/sucrase glob@10.4.5 OK for: sucrase@3.35.0 want: ^10.3.10
4176 silly placeDep ROOT mz@2.7.0 OK for: sucrase@3.35.0 want: ^2.7.0
4177 silly placeDep ROOT ts-interface-checker@0.1.13 OK for: sucrase@3.35.0 want: ^0.1.9
4178 silly fetch manifest jackspeak@^3.1.2
4179 silly fetch manifest minimatch@^9.0.4
4180 silly fetch manifest path-scurry@^1.11.1
4181 silly fetch manifest foreground-child@^3.1.0
4182 silly fetch manifest package-json-from-dist@^1.0.0
4183 silly fetch manifest any-promise@^1.0.0
4184 silly fetch manifest thenify-all@^1.0.0
4185 http fetch GET 200 https://registry.npmjs.org/path-scurry 26ms (cache revalidated)
4186 http fetch GET 200 https://registry.npmjs.org/package-json-from-dist 30ms (cache revalidated)
4187 http fetch GET 200 https://registry.npmjs.org/thenify-all 31ms (cache revalidated)
4188 http fetch GET 200 https://registry.npmjs.org/any-promise 32ms (cache revalidated)
4189 http fetch GET 200 https://registry.npmjs.org/foreground-child 35ms (cache revalidated)
4190 http fetch GET 200 https://registry.npmjs.org/jackspeak 38ms (cache revalidated)
4191 timing idealTree:node_modules/sucrase Completed in 45ms
4192 silly placeDep ROOT any-promise@1.3.0 OK for: mz@2.7.0 want: ^1.0.0
4193 silly placeDep ROOT thenify-all@1.6.0 OK for: mz@2.7.0 want: ^1.0.0
4194 silly fetch manifest thenify@>= 3.1.0 < 4
4195 http fetch GET 200 https://registry.npmjs.org/thenify 21ms (cache revalidated)
4196 timing idealTree:node_modules/mz Completed in 26ms
4197 timing idealTree:node_modules/any-promise Completed in 1ms
4198 timing idealTree:node_modules/tapable Completed in 0ms
4199 silly placeDep ROOT @isaacs/fs-minipass@4.0.1 OK for: tar@7.4.3 want: ^4.0.0
4200 silly placeDep ROOT chownr@3.0.0 OK for: tar@7.4.3 want: ^3.0.0
4201 silly placeDep ROOT minipass@7.1.2 OK for: tar@7.4.3 want: ^7.1.2
4202 silly placeDep ROOT minizlib@3.0.2 OK for: tar@7.4.3 want: ^3.0.1
4203 silly placeDep node_modules/tar mkdirp@3.0.1 OK for: tar@7.4.3 want: ^3.0.1
4204 silly placeDep node_modules/tar yallist@5.0.0 OK for: tar@7.4.3 want: ^5.0.0
4205 timing idealTree:node_modules/tar Completed in 10ms
4206 timing idealTree:node_modules/@isaacs/fs-minipass Completed in 0ms
4207 timing idealTree:node_modules/chownr Completed in 0ms
4208 timing idealTree:node_modules/minipass Completed in 0ms
4209 timing idealTree:node_modules/minizlib Completed in 0ms
4210 silly placeDep ROOT supports-hyperlinks@2.3.0 OK for: terminal-link@2.1.1 want: ^2.0.0
4211 timing idealTree:node_modules/terminal-link Completed in 1ms
4212 timing idealTree:node_modules/supports-hyperlinks Completed in 0ms
4213 silly placeDep ROOT @jridgewell/source-map@0.3.11 OK for: terser@5.44.0 want: ^0.3.3
4214 silly placeDep node_modules/terser commander@2.20.3 OK for: terser@5.44.0 want: ^2.20.0
4215 timing idealTree:node_modules/terser Completed in 4ms
4216 timing idealTree:node_modules/@jridgewell/source-map Completed in 0ms
4217 timing idealTree:node_modules/terser-webpack-plugin Completed in 0ms
4218 timing idealTree:node_modules/test-exclude Completed in 0ms
4219 timing idealTree:node_modules/text-table Completed in 0ms
4220 silly placeDep ROOT thenify@3.3.1 OK for: thenify-all@1.6.0 want: >= 3.1.0 < 4
4221 timing idealTree:node_modules/thenify-all Completed in 1ms
4222 timing idealTree:node_modules/thenify Completed in 0ms
4223 timing idealTree:node_modules/throat Completed in 0ms
4224 silly placeDep ROOT is-number@7.0.0 OK for: to-regex-range@5.0.1 want: ^7.0.0
4225 timing idealTree:node_modules/to-regex-range Completed in 1ms
4226 timing idealTree:node_modules/is-number Completed in 0ms
4227 silly placeDep ROOT psl@1.15.0 OK for: tough-cookie@4.1.4 want: ^1.1.33
4228 silly placeDep ROOT punycode@2.3.1 OK for: tough-cookie@4.1.4 want: ^2.1.1
4229 silly placeDep node_modules/tough-cookie universalify@0.2.0 OK for: tough-cookie@4.1.4 want: ^0.2.0
4230 silly placeDep ROOT url-parse@1.5.10 OK for: tough-cookie@4.1.4 want: ^1.5.3
4231 silly fetch manifest querystringify@^2.1.1
4232 silly fetch manifest requires-port@^1.0.0
4233 http fetch GET 200 https://registry.npmjs.org/requires-port 25ms (cache revalidated)
4234 http fetch GET 200 https://registry.npmjs.org/querystringify 28ms (cache revalidated)
4235 timing idealTree:node_modules/tough-cookie Completed in 33ms
4236 timing idealTree:node_modules/psl Completed in 0ms
4237 timing idealTree:node_modules/punycode Completed in 0ms
4238 timing idealTree:node_modules/tryer Completed in 0ms
4239 timing idealTree:node_modules/ts-interface-checker Completed in 0ms
4240 silly placeDep ROOT @types/json5@0.0.29 OK for: tsconfig-paths@3.15.0 want: ^0.0.29
4241 silly placeDep node_modules/tsconfig-paths json5@1.0.2 OK for: tsconfig-paths@3.15.0 want: ^1.0.2
4242 silly placeDep node_modules/tsconfig-paths strip-bom@3.0.0 OK for: tsconfig-paths@3.15.0 want: ^3.0.0
4243 timing idealTree:node_modules/tsconfig-paths Completed in 4ms
4244 timing idealTree:node_modules/@types/json5 Completed in 0ms
4245 timing idealTree:node_modules/tslib Completed in 0ms
4246 silly placeDep node_modules/tsutils tslib@1.14.1 OK for: tsutils@3.21.0 want: ^1.8.1
4247 timing idealTree:node_modules/tsutils Completed in 1ms
4248 timing idealTree:node_modules/type-check Completed in 0ms
4249 timing idealTree:node_modules/type-detect Completed in 0ms
4250 timing idealTree:node_modules/type-fest Completed in 0ms
4251 timing idealTree:node_modules/typed-array-buffer Completed in 0ms
4252 silly placeDep ROOT for-each@0.3.5 OK for: typed-array-byte-length@1.0.3 want: ^0.3.3
4253 timing idealTree:node_modules/typed-array-byte-length Completed in 3ms
4254 timing idealTree:node_modules/for-each Completed in 0ms
4255 silly placeDep ROOT reflect.getprototypeof@1.0.10 OK for: typed-array-byte-offset@1.0.4 want: ^1.0.9
4256 silly fetch manifest which-builtin-type@^1.2.1
4257 http fetch GET 200 https://registry.npmjs.org/which-builtin-type 31ms (cache revalidated)
4258 timing idealTree:node_modules/typed-array-byte-offset Completed in 34ms
4259 silly placeDep ROOT which-builtin-type@1.2.1 OK for: reflect.getprototypeof@1.0.10 want: ^1.2.1
4260 silly fetch manifest is-async-function@^2.0.0
4261 silly fetch manifest is-finalizationregistry@^1.1.0
4262 silly fetch manifest is-generator-function@^1.0.10
4263 silly fetch manifest which-boxed-primitive@^1.1.0
4264 silly fetch manifest which-collection@^1.0.2
4265 http fetch GET 200 https://registry.npmjs.org/which-collection 31ms (cache revalidated)
4266 http fetch GET 200 https://registry.npmjs.org/is-generator-function 31ms (cache revalidated)
4267 http fetch GET 200 https://registry.npmjs.org/is-finalizationregistry 36ms (cache revalidated)
4268 http fetch GET 200 https://registry.npmjs.org/is-async-function 766ms (cache revalidated)
4269 timing idealTree:node_modules/reflect.getprototypeof Completed in 771ms
4270 timing idealTree:node_modules/typed-array-length Completed in 0ms
4271 timing idealTree:node_modules/typescript Completed in 0ms
4272 silly placeDep ROOT has-bigints@1.1.0 OK for: unbox-primitive@1.1.0 want: ^1.0.2
4273 silly placeDep ROOT which-boxed-primitive@1.1.1 OK for: unbox-primitive@1.1.0 want: ^1.1.1
4274 silly fetch manifest is-bigint@^1.1.0
4275 silly fetch manifest is-boolean-object@^1.2.1
4276 silly fetch manifest is-number-object@^1.1.1
4277 http fetch GET 200 https://registry.npmjs.org/is-bigint 26ms (cache revalidated)
4278 http fetch GET 200 https://registry.npmjs.org/is-number-object 25ms (cache revalidated)
4279 http fetch GET 200 https://registry.npmjs.org/is-boolean-object 30ms (cache revalidated)
4280 timing idealTree:node_modules/unbox-primitive Completed in 35ms
4281 timing idealTree:node_modules/has-bigints Completed in 0ms
4282 timing idealTree:node_modules/underscore Completed in 0ms
4283 timing idealTree:node_modules/undici-types Completed in 0ms
4284 silly placeDep ROOT unicode-canonical-property-names-ecmascript@2.0.1 OK for: unicode-match-property-ecmascript@2.0.0 want: ^2.0.0
4285 silly placeDep ROOT unicode-property-aliases-ecmascript@2.1.0 OK for: unicode-match-property-ecmascript@2.0.0 want: ^2.0.0
4286 timing idealTree:node_modules/unicode-match-property-ecmascript Completed in 4ms
4287 timing idealTree:node_modules/unicode-canonical-property-names-ecmascript Completed in 0ms
4288 timing idealTree:node_modules/unicode-match-property-value-ecmascript Completed in 0ms
4289 timing idealTree:node_modules/unicode-property-aliases-ecmascript Completed in 0ms
4290 timing idealTree:node_modules/universalify Completed in 0ms
4291 timing idealTree:node_modules/unquote Completed in 0ms
4292 silly placeDep ROOT escalade@3.2.0 OK for: update-browserslist-db@1.1.3 want: ^3.2.0
4293 timing idealTree:node_modules/update-browserslist-db Completed in 2ms
4294 timing idealTree:node_modules/escalade Completed in 0ms
4295 timing idealTree:node_modules/uri-js Completed in 0ms
4296 silly placeDep ROOT querystringify@2.2.0 OK for: url-parse@1.5.10 want: ^2.1.1
4297 silly placeDep ROOT requires-port@1.0.0 OK for: url-parse@1.5.10 want: ^1.0.0
4298 timing idealTree:node_modules/url-parse Completed in 3ms
4299 timing idealTree:node_modules/querystringify Completed in 0ms
4300 timing idealTree:node_modules/requires-port Completed in 0ms
4301 timing idealTree:node_modules/util-deprecate Completed in 0ms
4302 silly placeDep ROOT object.getownpropertydescriptors@2.1.8 OK for: util.promisify@1.0.1 want: ^2.1.0
4303 silly fetch manifest array.prototype.reduce@^1.0.6
4304 http fetch GET 200 https://registry.npmjs.org/array.prototype.reduce 37ms (cache revalidated)
4305 timing idealTree:node_modules/util.promisify Completed in 39ms
4306 silly placeDep ROOT array.prototype.reduce@1.0.8 OK for: object.getownpropertydescriptors@2.1.8 want: ^1.0.6
4307 silly fetch manifest es-array-method-boxes-properly@^1.0.0
4308 http fetch GET 200 https://registry.npmjs.org/es-array-method-boxes-properly 28ms (cache revalidated)
4309 timing idealTree:node_modules/object.getownpropertydescriptors Completed in 31ms
4310 silly placeDep ROOT es-array-method-boxes-properly@1.0.0 OK for: array.prototype.reduce@1.0.8 want: ^1.0.0
4311 timing idealTree:node_modules/array.prototype.reduce Completed in 3ms
4312 timing idealTree:node_modules/es-array-method-boxes-properly Completed in 2ms
4313 timing idealTree:node_modules/utila Completed in 0ms
4314 silly placeDep node_modules/v8-to-istanbul convert-source-map@1.9.0 OK for: v8-to-istanbul@8.1.1 want: ^1.6.0
4315 timing idealTree:node_modules/v8-to-istanbul Completed in 4ms
4316 silly placeDep ROOT browser-process-hrtime@1.0.0 OK for: w3c-hr-time@1.0.2 want: ^1.0.0
4317 timing idealTree:node_modules/w3c-hr-time Completed in 2ms
4318 timing idealTree:node_modules/browser-process-hrtime Completed in 0ms
4319 timing idealTree:node_modules/w3c-xmlserializer Completed in 0ms
4320 silly placeDep ROOT makeerror@1.0.12 OK for: walker@1.0.8 want: 1.0.12
4321 silly fetch manifest tmpl@1.0.5
4322 http fetch GET 200 https://registry.npmjs.org/tmpl 31ms (cache revalidated)
4323 timing idealTree:node_modules/walker Completed in 36ms
4324 silly placeDep ROOT tmpl@1.0.5 OK for: makeerror@1.0.12 want: 1.0.5
4325 timing idealTree:node_modules/makeerror Completed in 3ms
4326 timing idealTree:node_modules/tmpl Completed in 0ms
4327 timing idealTree:node_modules/web-vitals Completed in 0ms
4328 timing idealTree:node_modules/webidl-conversions Completed in 0ms
4329 silly placeDep ROOT @types/eslint-scope@3.7.7 OK for: webpack@5.101.3 want: ^3.7.7
4330 silly placeDep ROOT @webassemblyjs/ast@1.14.1 OK for: webpack@5.101.3 want: ^1.14.1
4331 silly placeDep ROOT @webassemblyjs/wasm-edit@1.14.1 OK for: webpack@5.101.3 want: ^1.14.1
4332 silly placeDep ROOT @webassemblyjs/wasm-parser@1.14.1 OK for: webpack@5.101.3 want: ^1.14.1
4333 silly placeDep ROOT acorn-import-phases@1.0.4 OK for: webpack@5.101.3 want: ^1.0.3
4334 silly placeDep ROOT chrome-trace-event@1.0.4 OK for: webpack@5.101.3 want: ^1.0.2
4335 silly placeDep ROOT es-module-lexer@1.7.0 OK for: webpack@5.101.3 want: ^1.2.1
4336 silly placeDep node_modules/webpack eslint-scope@5.1.1 OK for: webpack@5.101.3 want: 5.1.1
4337 silly placeDep ROOT events@3.3.0 OK for: webpack@5.101.3 want: ^3.2.0
4338 silly placeDep ROOT glob-to-regexp@0.4.1 OK for: webpack@5.101.3 want: ^0.4.1
4339 silly placeDep ROOT loader-runner@4.3.0 OK for: webpack@5.101.3 want: ^4.2.0
4340 silly placeDep ROOT watchpack@2.4.4 OK for: webpack@5.101.3 want: ^2.4.1
4341 silly placeDep ROOT webpack-sources@3.3.3 OK for: webpack@5.101.3 want: ^3.3.3
4342 silly fetch manifest @webassemblyjs/helper-numbers@1.13.2
4343 silly fetch manifest @webassemblyjs/helper-wasm-bytecode@1.13.2
4344 silly fetch manifest @webassemblyjs/helper-buffer@1.14.1
4345 silly fetch manifest @webassemblyjs/helper-wasm-section@1.14.1
4346 silly fetch manifest @webassemblyjs/wasm-gen@1.14.1
4347 silly fetch manifest @webassemblyjs/wasm-opt@1.14.1
4348 silly fetch manifest @webassemblyjs/wast-printer@1.14.1
4349 silly fetch manifest @webassemblyjs/helper-api-error@1.13.2
4350 silly fetch manifest @webassemblyjs/ieee754@1.13.2
4351 silly fetch manifest @webassemblyjs/leb128@1.13.2
4352 silly fetch manifest @webassemblyjs/utf8@1.13.2
4353 http fetch GET 200 https://registry.npmjs.org/@webassemblyjs%2fhelper-wasm-section 48ms (cache revalidated)
4354 http fetch GET 200 https://registry.npmjs.org/@webassemblyjs%2fhelper-wasm-bytecode 50ms (cache revalidated)
4355 http fetch GET 200 https://registry.npmjs.org/@webassemblyjs%2fhelper-api-error 49ms (cache revalidated)
4356 http fetch GET 200 https://registry.npmjs.org/@webassemblyjs%2fleb128 50ms (cache revalidated)
4357 http fetch GET 200 https://registry.npmjs.org/@webassemblyjs%2fwasm-opt 51ms (cache revalidated)
4358 http fetch GET 200 https://registry.npmjs.org/@webassemblyjs%2futf8 66ms (cache revalidated)
4359 http fetch GET 200 https://registry.npmjs.org/@webassemblyjs%2fwast-printer 68ms (cache revalidated)
4360 http fetch GET 200 https://registry.npmjs.org/@webassemblyjs%2fhelper-buffer 72ms (cache revalidated)
4361 http fetch GET 200 https://registry.npmjs.org/@webassemblyjs%2fwasm-gen 76ms (cache revalidated)
4362 http fetch GET 200 https://registry.npmjs.org/@webassemblyjs%2fieee754 76ms (cache revalidated)
4363 http fetch GET 200 https://registry.npmjs.org/@webassemblyjs%2fhelper-numbers 802ms (cache revalidated)
4364 timing idealTree:node_modules/webpack Completed in 831ms
4365 timing idealTree:node_modules/@types/eslint-scope Completed in 0ms
4366 silly placeDep ROOT @webassemblyjs/helper-numbers@1.13.2 OK for: @webassemblyjs/ast@1.14.1 want: 1.13.2
4367 silly placeDep ROOT @webassemblyjs/helper-wasm-bytecode@1.13.2 OK for: @webassemblyjs/ast@1.14.1 want: 1.13.2
4368 silly fetch manifest @xtuc/long@4.2.2
4369 silly fetch manifest @webassemblyjs/floating-point-hex-parser@1.13.2
4370 http fetch GET 200 https://registry.npmjs.org/@webassemblyjs%2ffloating-point-hex-parser 42ms (cache revalidated)
4371 http fetch GET 200 https://registry.npmjs.org/@xtuc%2flong 60ms (cache revalidated)
4372 timing idealTree:node_modules/@webassemblyjs/ast Completed in 66ms
4373 silly placeDep ROOT @webassemblyjs/floating-point-hex-parser@1.13.2 OK for: @webassemblyjs/helper-numbers@1.13.2 want: 1.13.2
4374 silly placeDep ROOT @webassemblyjs/helper-api-error@1.13.2 OK for: @webassemblyjs/helper-numbers@1.13.2 want: 1.13.2
4375 silly placeDep ROOT @xtuc/long@4.2.2 OK for: @webassemblyjs/helper-numbers@1.13.2 want: 4.2.2
4376 timing idealTree:node_modules/@webassemblyjs/helper-numbers Completed in 5ms
4377 timing idealTree:node_modules/@webassemblyjs/floating-point-hex-parser Completed in 0ms
4378 timing idealTree:node_modules/@webassemblyjs/helper-api-error Completed in 0ms
4379 timing idealTree:node_modules/@webassemblyjs/helper-wasm-bytecode Completed in 0ms
4380 silly placeDep ROOT @webassemblyjs/helper-buffer@1.14.1 OK for: @webassemblyjs/wasm-edit@1.14.1 want: 1.14.1
4381 silly placeDep ROOT @webassemblyjs/helper-wasm-section@1.14.1 OK for: @webassemblyjs/wasm-edit@1.14.1 want: 1.14.1
4382 silly placeDep ROOT @webassemblyjs/wasm-gen@1.14.1 OK for: @webassemblyjs/wasm-edit@1.14.1 want: 1.14.1
4383 silly placeDep ROOT @webassemblyjs/wasm-opt@1.14.1 OK for: @webassemblyjs/wasm-edit@1.14.1 want: 1.14.1
4384 silly placeDep ROOT @webassemblyjs/wast-printer@1.14.1 OK for: @webassemblyjs/wasm-edit@1.14.1 want: 1.14.1
4385 timing idealTree:node_modules/@webassemblyjs/wasm-edit Completed in 6ms
4386 timing idealTree:node_modules/@webassemblyjs/helper-buffer Completed in 0ms
4387 timing idealTree:node_modules/@webassemblyjs/helper-wasm-section Completed in 0ms
4388 silly placeDep ROOT @webassemblyjs/ieee754@1.13.2 OK for: @webassemblyjs/wasm-gen@1.14.1 want: 1.13.2
4389 silly placeDep ROOT @webassemblyjs/leb128@1.13.2 OK for: @webassemblyjs/wasm-gen@1.14.1 want: 1.13.2
4390 silly placeDep ROOT @webassemblyjs/utf8@1.13.2 OK for: @webassemblyjs/wasm-gen@1.14.1 want: 1.13.2
4391 silly fetch manifest @xtuc/ieee754@^1.2.0
4392 http fetch GET 200 https://registry.npmjs.org/@xtuc%2fieee754 44ms (cache revalidated)
4393 timing idealTree:node_modules/@webassemblyjs/wasm-gen Completed in 47ms
4394 silly placeDep ROOT @xtuc/ieee754@1.2.0 OK for: @webassemblyjs/ieee754@1.13.2 want: ^1.2.0
4395 timing idealTree:node_modules/@webassemblyjs/ieee754 Completed in 2ms
4396 timing idealTree:node_modules/@webassemblyjs/leb128 Completed in 0ms
4397 timing idealTree:node_modules/@webassemblyjs/utf8 Completed in 0ms
4398 timing idealTree:node_modules/@webassemblyjs/wasm-opt Completed in 0ms
4399 timing idealTree:node_modules/@webassemblyjs/wasm-parser Completed in 0ms
4400 timing idealTree:node_modules/@webassemblyjs/wast-printer Completed in 0ms
4401 timing idealTree:node_modules/@xtuc/ieee754 Completed in 0ms
4402 timing idealTree:node_modules/@xtuc/long Completed in 0ms
4403 timing idealTree:node_modules/acorn-import-phases Completed in 0ms
4404 timing idealTree:node_modules/chrome-trace-event Completed in 0ms
4405 timing idealTree:node_modules/es-module-lexer Completed in 0ms
4406 timing idealTree:node_modules/events Completed in 0ms
4407 timing idealTree:node_modules/glob-to-regexp Completed in 0ms
4408 timing idealTree:node_modules/loader-runner Completed in 0ms
4409 timing idealTree:node_modules/watchpack Completed in 0ms
4410 silly fetch manifest utf-8-validate@>=5.0.2
4411 silly fetch manifest webpack@^4.37.0 || ^5.0.0
4412 silly placeDep ROOT @types/bonjour@3.5.13 OK for: webpack-dev-server@4.15.2 want: ^3.5.9
4413 silly placeDep ROOT @types/connect-history-api-fallback@1.5.4 OK for: webpack-dev-server@4.15.2 want: ^1.3.5
4414 silly placeDep ROOT @types/express@4.17.23 OK for: webpack-dev-server@4.15.2 want: ^4.17.13
4415 silly placeDep ROOT @types/serve-index@1.9.4 OK for: webpack-dev-server@4.15.2 want: ^1.9.1
4416 silly placeDep ROOT @types/serve-static@1.15.8 OK for: webpack-dev-server@4.15.2 want: ^1.13.10
4417 silly placeDep ROOT @types/sockjs@0.3.36 OK for: webpack-dev-server@4.15.2 want: ^0.3.33
4418 silly placeDep ROOT @types/ws@8.18.1 OK for: webpack-dev-server@4.15.2 want: ^8.5.5
4419 silly placeDep ROOT ansi-html-community@0.0.8 OK for: webpack-dev-server@4.15.2 want: ^0.0.8
4420 silly placeDep ROOT bonjour-service@1.3.0 OK for: webpack-dev-server@4.15.2 want: ^1.0.11
4421 silly placeDep ROOT colorette@2.0.20 OK for: webpack-dev-server@4.15.2 want: ^2.0.10
4422 silly placeDep ROOT compression@1.8.1 OK for: webpack-dev-server@4.15.2 want: ^1.7.4
4423 silly placeDep ROOT connect-history-api-fallback@2.0.0 OK for: webpack-dev-server@4.15.2 want: ^2.0.0
4424 silly placeDep ROOT default-gateway@6.0.3 OK for: webpack-dev-server@4.15.2 want: ^6.0.3
4425 silly placeDep ROOT express@4.21.2 OK for: webpack-dev-server@4.15.2 want: ^4.17.3
4426 silly placeDep ROOT http-proxy-middleware@2.0.9 OK for: webpack-dev-server@4.15.2 want: ^2.0.3
4427 silly placeDep ROOT ipaddr.js@2.2.0 OK for: webpack-dev-server@4.15.2 want: ^2.0.1
4428 silly placeDep ROOT launch-editor@2.11.1 OK for: webpack-dev-server@4.15.2 want: ^2.6.0
4429 silly placeDep ROOT p-retry@4.6.2 OK for: webpack-dev-server@4.15.2 want: ^4.5.0
4430 silly placeDep ROOT selfsigned@2.4.1 OK for: webpack-dev-server@4.15.2 want: ^2.1.1
4431 silly placeDep ROOT serve-index@1.9.1 OK for: webpack-dev-server@4.15.2 want: ^1.9.1
4432 silly placeDep ROOT sockjs@0.3.24 OK for: webpack-dev-server@4.15.2 want: ^0.3.24
4433 silly placeDep ROOT spdy@4.0.2 OK for: webpack-dev-server@4.15.2 want: ^4.0.2
4434 silly placeDep ROOT webpack-dev-middleware@5.3.4 OK for: webpack-dev-server@4.15.2 want: ^5.3.4
4435 silly placeDep node_modules/webpack-dev-server ws@8.18.3 OK for: webpack-dev-server@4.15.2 want: ^8.13.0
4436 silly fetch manifest @types/express-serve-static-core@*
4437 silly fetch manifest @types/qs@*
4438 silly fetch manifest @types/body-parser@*
4439 silly fetch manifest @types/express-serve-static-core@^4.17.33
4440 silly fetch manifest @types/send@*
4441 silly fetch manifest @types/http-errors@*
4442 silly fetch manifest multicast-dns@^7.2.5
4443 silly fetch manifest bytes@3.1.2
4444 silly fetch manifest compressible@~2.0.18
4445 silly fetch manifest debug@2.6.9
4446 silly fetch manifest negotiator@~0.6.4
4447 silly fetch manifest on-headers@~1.1.0
4448 silly fetch manifest vary@~1.1.2
4449 silly fetch manifest qs@6.13.0
4450 silly fetch manifest depd@2.0.0
4451 silly fetch manifest etag@~1.8.1
4452 silly fetch manifest send@0.19.0
4453 silly fetch manifest fresh@0.5.2
4454 silly fetch manifest cookie@0.7.1
4455 silly fetch manifest accepts@~1.3.8
4456 silly fetch manifest methods@~1.1.2
4457 silly fetch manifest type-is@~1.6.18
4458 silly fetch manifest parseurl@~1.3.3
4459 silly fetch manifest statuses@2.0.1
4460 silly fetch manifest encodeurl@~2.0.0
4461 silly fetch manifest proxy-addr@~2.0.7
4462 silly fetch manifest body-parser@1.20.3
4463 silly fetch manifest escape-html@~1.0.3
4464 silly fetch manifest http-errors@2.0.0
4465 silly fetch manifest on-finished@2.4.1
4466 silly fetch manifest utils-merge@1.0.1
4467 silly fetch manifest content-type@~1.0.4
4468 silly fetch manifest finalhandler@1.3.1
4469 silly fetch manifest range-parser@~1.2.1
4470 silly fetch manifest serve-static@1.16.2
4471 silly fetch manifest array-flatten@1.1.1
4472 silly fetch manifest path-to-regexp@0.1.12
4473 silly fetch manifest setprototypeof@1.2.0
4474 silly fetch manifest cookie-signature@1.0.6
4475 silly fetch manifest merge-descriptors@1.0.3
4476 silly fetch manifest content-disposition@0.5.4
4477 silly fetch manifest http-proxy@^1.18.1
4478 silly fetch manifest is-plain-obj@^3.0.0
4479 silly fetch manifest @types/http-proxy@^1.17.8
4480 silly fetch manifest retry@^0.13.1
4481 silly fetch manifest @types/retry@0.12.0
4482 silly fetch manifest node-forge@^1
4483 silly fetch manifest @types/node-forge@^1.3.0
4484 silly fetch manifest batch@0.6.1
4485 silly fetch manifest accepts@~1.3.4
4486 silly fetch manifest parseurl@~1.3.2
4487 silly fetch manifest http-errors@~1.6.2
4488 silly fetch manifest faye-websocket@^0.11.3
4489 silly fetch manifest uuid@^8.3.2
4490 silly fetch manifest websocket-driver@^0.7.4
4491 silly fetch manifest handle-thing@^2.0.0
4492 silly fetch manifest http-deceiver@^1.2.7
4493 silly fetch manifest select-hose@^2.0.0
4494 silly fetch manifest spdy-transport@^3.0.0
4495 silly fetch manifest range-parser@^1.2.1
4496 http fetch GET 200 https://registry.npmjs.org/on-headers 141ms (cache revalidated)
4497 http fetch GET 200 https://registry.npmjs.org/faye-websocket 113ms (cache revalidated)
4498 http fetch GET 200 https://registry.npmjs.org/qs 142ms (cache revalidated)
4499 http fetch GET 200 https://registry.npmjs.org/depd 143ms (cache revalidated)
4500 http fetch GET 200 https://registry.npmjs.org/@types%2fqs 156ms (cache revalidated)
4501 http fetch GET 200 https://registry.npmjs.org/etag 145ms (cache revalidated)
4502 http fetch GET 200 https://registry.npmjs.org/@types%2fbody-parser 157ms (cache revalidated)
4503 http fetch GET 200 https://registry.npmjs.org/send 144ms (cache revalidated)
4504 http fetch GET 200 https://registry.npmjs.org/@types%2fhttp-errors 152ms (cache revalidated)
4505 http fetch GET 200 https://registry.npmjs.org/@types%2fexpress-serve-static-core 161ms (cache revalidated)
4506 http fetch GET 200 https://registry.npmjs.org/merge-descriptors 130ms (cache revalidated)
4507 http fetch GET 200 https://registry.npmjs.org/fresh 147ms (cache revalidated)
4508 http fetch GET 200 https://registry.npmjs.org/cookie-signature 135ms (cache revalidated)
4509 http fetch GET 200 https://registry.npmjs.org/content-disposition 138ms (cache revalidated)
4510 http fetch GET 200 https://registry.npmjs.org/select-hose 125ms (cache revalidated)
4511 http fetch GET 200 https://registry.npmjs.org/http-errors 136ms (cache revalidated)
4512 http fetch GET 200 https://registry.npmjs.org/@types%2fexpress-serve-static-core 173ms (cache revalidated)
4513 http fetch GET 200 https://registry.npmjs.org/node-forge 145ms (cache revalidated)
4514 http fetch GET 200 https://registry.npmjs.org/parseurl 143ms (cache revalidated)
4515 http fetch GET 200 https://registry.npmjs.org/@types%2fsend 176ms (cache revalidated)
4516 http fetch GET 200 https://registry.npmjs.org/retry 149ms (cache revalidated)
4517 http fetch GET 200 https://registry.npmjs.org/accepts 167ms (cache revalidated)
4518 http fetch GET 200 https://registry.npmjs.org/@types%2fretry 161ms (cache revalidated)
4519 http fetch GET 200 https://registry.npmjs.org/handle-thing 153ms (cache revalidated)
4520 http fetch GET 200 https://registry.npmjs.org/methods 183ms (cache revalidated)
4521 http fetch GET 200 https://registry.npmjs.org/@types%2fnode-forge 170ms (cache revalidated)
4522 http fetch GET 200 https://registry.npmjs.org/encodeurl 194ms (cache revalidated)
4523 http fetch GET 200 https://registry.npmjs.org/http-deceiver 165ms (cache revalidated)
4524 http fetch GET 200 https://registry.npmjs.org/uuid 174ms (cache revalidated)
4525 http fetch GET 200 https://registry.npmjs.org/@types%2fhttp-proxy 187ms (cache revalidated)
4526 http fetch GET 200 https://registry.npmjs.org/body-parser 200ms (cache revalidated)
4527 http fetch GET 200 https://registry.npmjs.org/escape-html 199ms (cache revalidated)
4528 http fetch GET 200 https://registry.npmjs.org/is-plain-obj 189ms (cache revalidated)
4529 http fetch GET 200 https://registry.npmjs.org/batch 188ms (cache revalidated)
4530 http fetch GET 200 https://registry.npmjs.org/accepts 189ms (cache revalidated)
4531 http fetch GET 200 https://registry.npmjs.org/websocket-driver 185ms (cache revalidated)
4532 http fetch GET 200 https://registry.npmjs.org/type-is 210ms (cache revalidated)
4533 http fetch GET 200 https://registry.npmjs.org/on-finished 205ms (cache revalidated)
4534 http fetch GET 200 https://registry.npmjs.org/utils-merge 220ms (cache revalidated)
4535 http fetch GET 200 https://registry.npmjs.org/content-type 219ms (cache revalidated)
4536 http fetch GET 200 https://registry.npmjs.org/range-parser 219ms (cache revalidated)
4537 http fetch GET 200 https://registry.npmjs.org/serve-static 222ms (cache revalidated)
4538 http fetch GET 200 https://registry.npmjs.org/finalhandler 229ms (cache revalidated)
4539 http fetch GET 200 https://registry.npmjs.org/spdy-transport 206ms (cache revalidated)
4540 http fetch GET 200 https://registry.npmjs.org/compressible 249ms (cache revalidated)
4541 http fetch GET 200 https://registry.npmjs.org/bytes 249ms (cache revalidated)
4542 http fetch GET 200 https://registry.npmjs.org/setprototypeof 230ms (cache revalidated)
4543 http fetch GET 200 https://registry.npmjs.org/statuses 240ms (cache revalidated)
4544 http fetch GET 200 https://registry.npmjs.org/negotiator 249ms (cache revalidated)
4545 http fetch GET 200 https://registry.npmjs.org/proxy-addr 241ms (cache revalidated)
4546 http fetch GET 200 https://registry.npmjs.org/range-parser 212ms (cache revalidated)
4547 http fetch GET 200 https://registry.npmjs.org/array-flatten 234ms (cache revalidated)
4548 http fetch GET 200 https://registry.npmjs.org/path-to-regexp 233ms (cache revalidated)
4549 http fetch GET 200 https://registry.npmjs.org/parseurl 247ms (cache revalidated)
4550 http fetch GET 200 https://registry.npmjs.org/http-errors 242ms (cache revalidated)
4551 http fetch GET 200 https://registry.npmjs.org/multicast-dns 858ms (cache revalidated)
4552 http fetch GET 200 https://registry.npmjs.org/vary 854ms (cache revalidated)
4553 http fetch GET 200 https://registry.npmjs.org/http-proxy 871ms (cache revalidated)
4554 timing idealTree:node_modules/webpack-dev-server Completed in 946ms
4555 timing idealTree:node_modules/@types/bonjour Completed in 0ms
4556 silly placeDep ROOT @types/express-serve-static-core@5.0.7 OK for: @types/connect-history-api-fallback@1.5.4 want: *
4557 silly fetch manifest @types/range-parser@*
4558 http fetch GET 200 https://registry.npmjs.org/@types%2frange-parser 30ms (cache revalidated)
4559 timing idealTree:node_modules/@types/connect-history-api-fallback Completed in 34ms
4560 silly placeDep ROOT @types/body-parser@1.19.6 OK for: @types/express@4.17.23 want: *
4561 silly placeDep node_modules/@types/express @types/express-serve-static-core@4.19.6 OK for: @types/express@4.17.23 want: ^4.17.33
4562 silly placeDep ROOT @types/qs@6.14.0 OK for: @types/express@4.17.23 want: *
4563 silly fetch manifest @types/connect@*
4564 http fetch GET 200 https://registry.npmjs.org/@types%2fconnect 45ms (cache revalidated)
4565 timing idealTree:node_modules/@types/express Completed in 52ms
4566 silly placeDep ROOT @types/connect@3.4.38 OK for: @types/body-parser@1.19.6 want: *
4567 timing idealTree:node_modules/@types/body-parser Completed in 4ms
4568 timing idealTree:node_modules/@types/connect Completed in 0ms
4569 silly placeDep ROOT @types/range-parser@1.2.7 OK for: @types/express-serve-static-core@5.0.7 want: *
4570 silly placeDep ROOT @types/send@0.17.5 OK for: @types/express-serve-static-core@5.0.7 want: *
4571 silly fetch manifest @types/mime@^1
4572 http fetch GET 200 https://registry.npmjs.org/@types%2fmime 36ms (cache revalidated)
4573 timing idealTree:node_modules/@types/express-serve-static-core Completed in 42ms
4574 timing idealTree:node_modules/@types/qs Completed in 0ms
4575 timing idealTree:node_modules/@types/range-parser Completed in 0ms
4576 silly placeDep ROOT @types/mime@1.3.5 OK for: @types/send@0.17.5 want: ^1
4577 timing idealTree:node_modules/@types/send Completed in 2ms
4578 timing idealTree:node_modules/@types/mime Completed in 0ms
4579 timing idealTree:node_modules/@types/serve-index Completed in 0ms
4580 silly placeDep ROOT @types/http-errors@2.0.5 OK for: @types/serve-static@1.15.8 want: *
4581 timing idealTree:node_modules/@types/serve-static Completed in 2ms
4582 timing idealTree:node_modules/@types/http-errors Completed in 0ms
4583 timing idealTree:node_modules/@types/sockjs Completed in 0ms
4584 timing idealTree:node_modules/@types/ws Completed in 0ms
4585 timing idealTree:node_modules/ansi-html-community Completed in 0ms
4586 silly placeDep ROOT multicast-dns@7.2.5 OK for: bonjour-service@1.3.0 want: ^7.2.5
4587 silly fetch manifest dns-packet@^5.2.2
4588 silly fetch manifest thunky@^1.0.2
4589 http fetch GET 200 https://registry.npmjs.org/dns-packet 21ms (cache revalidated)
4590 http fetch GET 200 https://registry.npmjs.org/thunky 23ms (cache revalidated)
4591 timing idealTree:node_modules/bonjour-service Completed in 25ms
4592 timing idealTree:node_modules/colorette Completed in 0ms
4593 silly placeDep ROOT bytes@3.1.2 OK for: compression@1.8.1 want: 3.1.2
4594 silly placeDep ROOT compressible@2.0.18 OK for: compression@1.8.1 want: ~2.0.18
4595 silly placeDep node_modules/compression debug@2.6.9 OK for: compression@1.8.1 want: 2.6.9
4596 silly placeDep ROOT negotiator@0.6.4 OK for: compression@1.8.1 want: ~0.6.4
4597 silly placeDep ROOT on-headers@1.1.0 OK for: compression@1.8.1 want: ~1.1.0
4598 silly placeDep ROOT vary@1.1.2 OK for: compression@1.8.1 want: ~1.1.2
4599 timing idealTree:node_modules/compression Completed in 6ms
4600 timing idealTree:node_modules/bytes Completed in 0ms
4601 timing idealTree:node_modules/compressible Completed in 0ms
4602 timing idealTree:node_modules/connect-history-api-fallback Completed in 0ms
4603 timing idealTree:node_modules/default-gateway Completed in 0ms
4604 silly placeDep ROOT accepts@1.3.8 OK for: express@4.21.2 want: ~1.3.8
4605 silly placeDep ROOT array-flatten@1.1.1 OK for: express@4.21.2 want: 1.1.1
4606 silly placeDep ROOT body-parser@1.20.3 OK for: express@4.21.2 want: 1.20.3
4607 silly placeDep ROOT content-disposition@0.5.4 OK for: express@4.21.2 want: 0.5.4
4608 silly placeDep ROOT content-type@1.0.5 OK for: express@4.21.2 want: ~1.0.4
4609 silly placeDep node_modules/express cookie@0.7.1 OK for: express@4.21.2 want: 0.7.1
4610 silly placeDep ROOT cookie-signature@1.0.6 OK for: express@4.21.2 want: 1.0.6
4611 silly placeDep node_modules/express debug@2.6.9 OK for: express@4.21.2 want: 2.6.9
4612 silly placeDep ROOT depd@2.0.0 OK for: express@4.21.2 want: 2.0.0
4613 silly placeDep ROOT encodeurl@2.0.0 OK for: express@4.21.2 want: ~2.0.0
4614 silly placeDep ROOT escape-html@1.0.3 OK for: express@4.21.2 want: ~1.0.3
4615 silly placeDep ROOT etag@1.8.1 OK for: express@4.21.2 want: ~1.8.1
4616 silly placeDep ROOT finalhandler@1.3.1 OK for: express@4.21.2 want: 1.3.1
4617 silly placeDep ROOT fresh@0.5.2 OK for: express@4.21.2 want: 0.5.2
4618 silly placeDep ROOT http-errors@2.0.0 OK for: express@4.21.2 want: 2.0.0
4619 silly placeDep ROOT merge-descriptors@1.0.3 OK for: express@4.21.2 want: 1.0.3
4620 silly placeDep ROOT methods@1.1.2 OK for: express@4.21.2 want: ~1.1.2
4621 silly placeDep ROOT on-finished@2.4.1 OK for: express@4.21.2 want: 2.4.1
4622 silly placeDep ROOT parseurl@1.3.3 OK for: express@4.21.2 want: ~1.3.3
4623 silly placeDep ROOT path-to-regexp@0.1.12 OK for: express@4.21.2 want: 0.1.12
4624 silly placeDep ROOT proxy-addr@2.0.7 OK for: express@4.21.2 want: ~2.0.7
4625 silly placeDep ROOT qs@6.13.0 OK for: express@4.21.2 want: 6.13.0
4626 silly placeDep ROOT range-parser@1.2.1 OK for: express@4.21.2 want: ~1.2.1
4627 silly placeDep ROOT send@0.19.0 OK for: express@4.21.2 want: 0.19.0
4628 silly placeDep ROOT serve-static@1.16.2 OK for: express@4.21.2 want: 1.16.2
4629 silly placeDep ROOT setprototypeof@1.2.0 OK for: express@4.21.2 want: 1.2.0
4630 silly placeDep ROOT statuses@2.0.1 OK for: express@4.21.2 want: 2.0.1
4631 silly placeDep ROOT type-is@1.6.18 OK for: express@4.21.2 want: ~1.6.18
4632 silly placeDep ROOT utils-merge@1.0.1 OK for: express@4.21.2 want: 1.0.1
4633 silly fetch manifest negotiator@0.6.3
4634 silly fetch manifest unpipe@1.0.0
4635 silly fetch manifest destroy@1.2.0
4636 silly fetch manifest raw-body@2.5.2
4637 silly fetch manifest unpipe@~1.0.0
4638 silly fetch manifest toidentifier@1.0.1
4639 silly fetch manifest ee-first@1.1.1
4640 silly fetch manifest forwarded@0.2.0
4641 silly fetch manifest ipaddr.js@1.9.1
4642 silly fetch manifest mime@1.6.0
4643 silly fetch manifest encodeurl@~1.0.2
4644 silly fetch manifest media-typer@0.3.0
4645 http fetch GET 200 https://registry.npmjs.org/destroy 32ms (cache revalidated)
4646 http fetch GET 200 https://registry.npmjs.org/toidentifier 35ms (cache revalidated)
4647 http fetch GET 200 https://registry.npmjs.org/mime 35ms (cache revalidated)
4648 http fetch GET 200 https://registry.npmjs.org/media-typer 36ms (cache revalidated)
4649 http fetch GET 200 https://registry.npmjs.org/ee-first 42ms (cache revalidated)
4650 http fetch GET 200 https://registry.npmjs.org/raw-body 43ms (cache revalidated)
4651 http fetch GET 200 https://registry.npmjs.org/forwarded 42ms (cache revalidated)
4652 http fetch GET 200 https://registry.npmjs.org/unpipe 49ms (cache revalidated)
4653 http fetch GET 200 https://registry.npmjs.org/unpipe 62ms (cache revalidated)
4654 timing idealTree:node_modules/express Completed in 101ms
4655 silly placeDep node_modules/accepts negotiator@0.6.3 OK for: accepts@1.3.8 want: 0.6.3
4656 timing idealTree:node_modules/accepts Completed in 1ms
4657 timing idealTree:node_modules/array-flatten Completed in 0ms
4658 silly placeDep node_modules/body-parser debug@2.6.9 OK for: body-parser@1.20.3 want: 2.6.9
4659 silly placeDep ROOT destroy@1.2.0 OK for: body-parser@1.20.3 want: 1.2.0
4660 silly placeDep node_modules/body-parser iconv-lite@0.4.24 OK for: body-parser@1.20.3 want: 0.4.24
4661 silly placeDep ROOT raw-body@2.5.2 OK for: body-parser@1.20.3 want: 2.5.2
4662 silly placeDep ROOT unpipe@1.0.0 OK for: body-parser@1.20.3 want: 1.0.0
4663 timing idealTree:node_modules/body-parser Completed in 5ms
4664 timing idealTree:node_modules/content-disposition Completed in 0ms
4665 timing idealTree:node_modules/content-type Completed in 0ms
4666 timing idealTree:node_modules/cookie-signature Completed in 0ms
4667 timing idealTree:node_modules/depd Completed in 0ms
4668 timing idealTree:node_modules/destroy Completed in 0ms
4669 timing idealTree:node_modules/encodeurl Completed in 0ms
4670 timing idealTree:node_modules/escape-html Completed in 0ms
4671 timing idealTree:node_modules/etag Completed in 0ms
4672 silly placeDep node_modules/finalhandler debug@2.6.9 OK for: finalhandler@1.3.1 want: 2.6.9
4673 timing idealTree:node_modules/finalhandler Completed in 1ms
4674 timing idealTree:node_modules/fresh Completed in 0ms
4675 silly placeDep ROOT toidentifier@1.0.1 OK for: http-errors@2.0.0 want: 1.0.1
4676 timing idealTree:node_modules/http-errors Completed in 1ms
4677 silly placeDep ROOT @types/http-proxy@1.17.16 OK for: http-proxy-middleware@2.0.9 want: ^1.17.8
4678 silly placeDep ROOT http-proxy@1.18.1 OK for: http-proxy-middleware@2.0.9 want: ^1.18.1
4679 silly placeDep ROOT is-plain-obj@3.0.0 OK for: http-proxy-middleware@2.0.9 want: ^3.0.0
4680 silly fetch manifest eventemitter3@^4.0.0
4681 silly fetch manifest follow-redirects@^1.0.0
4682 http fetch GET 200 https://registry.npmjs.org/follow-redirects 31ms (cache revalidated)
4683 http fetch GET 200 https://registry.npmjs.org/eventemitter3 32ms (cache revalidated)
4684 timing idealTree:node_modules/http-proxy-middleware Completed in 38ms
4685 timing idealTree:node_modules/@types/http-proxy Completed in 0ms
4686 silly placeDep ROOT eventemitter3@4.0.7 OK for: http-proxy@1.18.1 want: ^4.0.0
4687 silly placeDep ROOT follow-redirects@1.15.11 OK for: http-proxy@1.18.1 want: ^1.0.0
4688 timing idealTree:node_modules/http-proxy Completed in 3ms
4689 timing idealTree:node_modules/eventemitter3 Completed in 0ms
4690 timing idealTree:node_modules/follow-redirects Completed in 0ms
4691 timing idealTree:node_modules/ipaddr.js Completed in 0ms
4692 timing idealTree:node_modules/is-plain-obj Completed in 0ms
4693 timing idealTree:node_modules/launch-editor Completed in 0ms
4694 timing idealTree:node_modules/merge-descriptors Completed in 0ms
4695 timing idealTree:node_modules/methods Completed in 0ms
4696 silly placeDep ROOT dns-packet@5.6.1 OK for: multicast-dns@7.2.5 want: ^5.2.2
4697 silly placeDep ROOT thunky@1.1.0 OK for: multicast-dns@7.2.5 want: ^1.0.2
4698 silly fetch manifest @leichtgewicht/ip-codec@^2.0.1
4699 http fetch GET 200 https://registry.npmjs.org/@leichtgewicht%2fip-codec 231ms (cache revalidated)
4700 timing idealTree:node_modules/multicast-dns Completed in 234ms
4701 silly placeDep ROOT @leichtgewicht/ip-codec@2.0.5 OK for: dns-packet@5.6.1 want: ^2.0.1
4702 timing idealTree:node_modules/dns-packet Completed in 2ms
4703 timing idealTree:node_modules/@leichtgewicht/ip-codec Completed in 0ms
4704 timing idealTree:node_modules/negotiator Completed in 0ms
4705 silly placeDep ROOT ee-first@1.1.1 OK for: on-finished@2.4.1 want: 1.1.1
4706 timing idealTree:node_modules/on-finished Completed in 2ms
4707 timing idealTree:node_modules/ee-first Completed in 0ms
4708 timing idealTree:node_modules/on-headers Completed in 0ms
4709 silly placeDep ROOT @types/retry@0.12.0 OK for: p-retry@4.6.2 want: 0.12.0
4710 silly placeDep ROOT retry@0.13.1 OK for: p-retry@4.6.2 want: ^0.13.1
4711 timing idealTree:node_modules/p-retry Completed in 2ms
4712 timing idealTree:node_modules/@types/retry Completed in 0ms
4713 timing idealTree:node_modules/parseurl Completed in 0ms
4714 timing idealTree:node_modules/path-to-regexp Completed in 0ms
4715 silly placeDep ROOT forwarded@0.2.0 OK for: proxy-addr@2.0.7 want: 0.2.0
4716 silly placeDep node_modules/proxy-addr ipaddr.js@1.9.1 OK for: proxy-addr@2.0.7 want: 1.9.1
4717 timing idealTree:node_modules/proxy-addr Completed in 2ms
4718 timing idealTree:node_modules/forwarded Completed in 0ms
4719 timing idealTree:node_modules/qs Completed in 0ms
4720 timing idealTree:node_modules/range-parser Completed in 0ms
4721 silly placeDep node_modules/raw-body iconv-lite@0.4.24 OK for: raw-body@2.5.2 want: 0.4.24
4722 timing idealTree:node_modules/raw-body Completed in 0ms
4723 timing idealTree:node_modules/retry Completed in 0ms
4724 silly placeDep ROOT @types/node-forge@1.3.14 OK for: selfsigned@2.4.1 want: ^1.3.0
4725 silly placeDep ROOT node-forge@1.3.1 OK for: selfsigned@2.4.1 want: ^1
4726 timing idealTree:node_modules/selfsigned Completed in 3ms
4727 timing idealTree:node_modules/@types/node-forge Completed in 0ms
4728 timing idealTree:node_modules/node-forge Completed in 0ms
4729 silly placeDep node_modules/send debug@2.6.9 OK for: send@0.19.0 want: 2.6.9
4730 silly placeDep node_modules/send encodeurl@1.0.2 OK for: send@0.19.0 want: ~1.0.2
4731 silly placeDep ROOT mime@1.6.0 OK for: send@0.19.0 want: 1.6.0
4732 timing idealTree:node_modules/send Completed in 2ms
4733 timing idealTree:node_modules/mime Completed in 0ms
4734 silly placeDep ROOT batch@0.6.1 OK for: serve-index@1.9.1 want: 0.6.1
4735 silly placeDep node_modules/serve-index debug@2.6.9 OK for: serve-index@1.9.1 want: 2.6.9
4736 silly placeDep node_modules/serve-index http-errors@1.6.3 OK for: serve-index@1.9.1 want: ~1.6.2
4737 silly fetch manifest depd@~1.1.2
4738 silly fetch manifest inherits@2.0.3
4739 silly fetch manifest statuses@>= 1.4.0 < 2
4740 silly fetch manifest setprototypeof@1.1.0
4741 timing idealTree:node_modules/serve-index Completed in 5ms
4742 timing idealTree:node_modules/batch Completed in 0ms
4743 timing idealTree:node_modules/serve-static Completed in 0ms
4744 timing idealTree:node_modules/setprototypeof Completed in 0ms
4745 silly placeDep ROOT faye-websocket@0.11.4 OK for: sockjs@0.3.24 want: ^0.11.3
4746 silly placeDep ROOT uuid@8.3.2 OK for: sockjs@0.3.24 want: ^8.3.2
4747 silly placeDep ROOT websocket-driver@0.7.4 OK for: sockjs@0.3.24 want: ^0.7.4
4748 silly fetch manifest http-parser-js@>=0.5.1
4749 silly fetch manifest websocket-extensions@>=0.1.1
4750 http fetch GET 200 https://registry.npmjs.org/websocket-extensions 21ms (cache revalidated)
4751 http fetch GET 200 https://registry.npmjs.org/http-parser-js 30ms (cache revalidated)
4752 timing idealTree:node_modules/sockjs Completed in 38ms
4753 timing idealTree:node_modules/faye-websocket Completed in 0ms
4754 silly placeDep ROOT handle-thing@2.0.1 OK for: spdy@4.0.2 want: ^2.0.0
4755 silly placeDep ROOT http-deceiver@1.2.7 OK for: spdy@4.0.2 want: ^1.2.7
4756 silly placeDep ROOT select-hose@2.0.0 OK for: spdy@4.0.2 want: ^2.0.0
4757 silly placeDep ROOT spdy-transport@3.0.0 OK for: spdy@4.0.2 want: ^3.0.0
4758 silly fetch manifest detect-node@^2.0.4
4759 silly fetch manifest hpack.js@^2.1.6
4760 silly fetch manifest obuf@^1.1.2
4761 silly fetch manifest readable-stream@^3.0.6
4762 silly fetch manifest wbuf@^1.7.3
4763 http fetch GET 200 https://registry.npmjs.org/hpack.js 29ms (cache revalidated)
4764 http fetch GET 200 https://registry.npmjs.org/wbuf 29ms (cache revalidated)
4765 http fetch GET 200 https://registry.npmjs.org/readable-stream 31ms (cache revalidated)
4766 http fetch GET 200 https://registry.npmjs.org/detect-node 37ms (cache revalidated)
4767 http fetch GET 200 https://registry.npmjs.org/obuf 40ms (cache revalidated)
4768 timing idealTree:node_modules/spdy Completed in 48ms
4769 timing idealTree:node_modules/handle-thing Completed in 0ms
4770 timing idealTree:node_modules/http-deceiver Completed in 0ms
4771 timing idealTree:node_modules/select-hose Completed in 0ms
4772 silly placeDep ROOT detect-node@2.1.0 OK for: spdy-transport@3.0.0 want: ^2.0.4
4773 silly placeDep ROOT hpack.js@2.1.6 OK for: spdy-transport@3.0.0 want: ^2.1.6
4774 silly placeDep ROOT obuf@1.1.2 OK for: spdy-transport@3.0.0 want: ^1.1.2
4775 silly placeDep ROOT readable-stream@3.6.2 OK for: spdy-transport@3.0.0 want: ^3.0.6
4776 silly placeDep ROOT wbuf@1.7.3 OK for: spdy-transport@3.0.0 want: ^1.7.3
4777 silly fetch manifest readable-stream@^2.0.1
4778 silly fetch manifest string_decoder@^1.1.1
4779 silly fetch manifest minimalistic-assert@^1.0.0
4780 http fetch GET 200 https://registry.npmjs.org/string_decoder 29ms (cache revalidated)
4781 http fetch GET 200 https://registry.npmjs.org/minimalistic-assert 32ms (cache revalidated)
4782 timing idealTree:node_modules/spdy-transport Completed in 40ms
4783 timing idealTree:node_modules/detect-node Completed in 0ms
4784 silly placeDep node_modules/hpack.js readable-stream@2.3.8 OK for: hpack.js@2.1.6 want: ^2.0.1
4785 silly fetch manifest isarray@~1.0.0
4786 silly fetch manifest safe-buffer@~5.1.1
4787 silly fetch manifest core-util-is@~1.0.0
4788 silly fetch manifest string_decoder@~1.1.1
4789 silly fetch manifest process-nextick-args@~2.0.0
4790 http fetch GET 200 https://registry.npmjs.org/core-util-is 32ms (cache revalidated)
4791 http fetch GET 200 https://registry.npmjs.org/process-nextick-args 36ms (cache revalidated)
4792 timing idealTree:node_modules/hpack.js Completed in 40ms
4793 timing idealTree:node_modules/obuf Completed in 0ms
4794 silly placeDep ROOT string_decoder@1.3.0 OK for: readable-stream@3.6.2 want: ^1.1.1
4795 timing idealTree:node_modules/readable-stream Completed in 2ms
4796 timing idealTree:node_modules/statuses Completed in 0ms
4797 timing idealTree:node_modules/string_decoder Completed in 0ms
4798 timing idealTree:node_modules/thunky Completed in 0ms
4799 timing idealTree:node_modules/toidentifier Completed in 0ms
4800 silly placeDep ROOT media-typer@0.3.0 OK for: type-is@1.6.18 want: 0.3.0
4801 timing idealTree:node_modules/type-is Completed in 1ms
4802 timing idealTree:node_modules/media-typer Completed in 0ms
4803 timing idealTree:node_modules/unpipe Completed in 0ms
4804 timing idealTree:node_modules/utils-merge Completed in 0ms
4805 timing idealTree:node_modules/uuid Completed in 0ms
4806 timing idealTree:node_modules/vary Completed in 0ms
4807 silly placeDep ROOT minimalistic-assert@1.0.1 OK for: wbuf@1.7.3 want: ^1.0.0
4808 timing idealTree:node_modules/wbuf Completed in 1ms
4809 timing idealTree:node_modules/minimalistic-assert Completed in 0ms
4810 timing idealTree:node_modules/webpack-dev-middleware Completed in 0ms
4811 silly placeDep node_modules/webpack-manifest-plugin webpack-sources@2.3.1 OK for: webpack-manifest-plugin@4.1.1 want: ^2.2.0
4812 silly fetch manifest source-list-map@^2.0.1
4813 http fetch GET 200 https://registry.npmjs.org/source-list-map 779ms (cache revalidated)
4814 timing idealTree:node_modules/webpack-manifest-plugin Completed in 780ms
4815 timing idealTree:node_modules/webpack-sources Completed in 0ms
4816 silly placeDep ROOT http-parser-js@0.5.10 OK for: websocket-driver@0.7.4 want: >=0.5.1
4817 silly placeDep ROOT websocket-extensions@0.1.4 OK for: websocket-driver@0.7.4 want: >=0.1.1
4818 timing idealTree:node_modules/websocket-driver Completed in 4ms
4819 timing idealTree:node_modules/http-parser-js Completed in 0ms
4820 timing idealTree:node_modules/websocket-extensions Completed in 0ms
4821 silly placeDep node_modules/whatwg-encoding iconv-lite@0.4.24 OK for: whatwg-encoding@1.0.5 want: 0.4.24
4822 timing idealTree:node_modules/whatwg-encoding Completed in 1ms
4823 timing idealTree:node_modules/whatwg-fetch Completed in 0ms
4824 timing idealTree:node_modules/whatwg-mimetype Completed in 0ms
4825 silly placeDep ROOT tr46@2.1.0 OK for: whatwg-url@8.7.0 want: ^2.1.0
4826 timing idealTree:node_modules/whatwg-url Completed in 4ms
4827 timing idealTree:node_modules/tr46 Completed in 0ms
4828 silly placeDep ROOT isexe@2.0.0 OK for: which@2.0.2 want: ^2.0.0
4829 timing idealTree:node_modules/which Completed in 1ms
4830 timing idealTree:node_modules/isexe Completed in 0ms
4831 silly placeDep ROOT is-bigint@1.1.0 OK for: which-boxed-primitive@1.1.1 want: ^1.1.0
4832 silly placeDep ROOT is-boolean-object@1.2.2 OK for: which-boxed-primitive@1.1.1 want: ^1.2.1
4833 silly placeDep ROOT is-number-object@1.1.1 OK for: which-boxed-primitive@1.1.1 want: ^1.1.1
4834 timing idealTree:node_modules/which-boxed-primitive Completed in 4ms
4835 timing idealTree:node_modules/is-bigint Completed in 0ms
4836 timing idealTree:node_modules/is-boolean-object Completed in 0ms
4837 timing idealTree:node_modules/is-number-object Completed in 0ms
4838 silly placeDep ROOT is-async-function@2.1.1 OK for: which-builtin-type@1.2.1 want: ^2.0.0
4839 silly placeDep ROOT is-finalizationregistry@1.1.1 OK for: which-builtin-type@1.2.1 want: ^1.1.0
4840 silly placeDep ROOT is-generator-function@1.1.0 OK for: which-builtin-type@1.2.1 want: ^1.0.10
4841 silly placeDep ROOT which-collection@1.0.2 OK for: which-builtin-type@1.2.1 want: ^1.0.2
4842 silly fetch manifest async-function@^1.0.0
4843 silly fetch manifest is-map@^2.0.3
4844 silly fetch manifest is-weakmap@^2.0.2
4845 silly fetch manifest is-weakset@^2.0.3
4846 http fetch GET 200 https://registry.npmjs.org/is-weakset 24ms (cache revalidated)
4847 http fetch GET 200 https://registry.npmjs.org/async-function 30ms (cache revalidated)
4848 http fetch GET 200 https://registry.npmjs.org/is-weakmap 42ms (cache revalidated)
4849 http fetch GET 200 https://registry.npmjs.org/is-map 44ms (cache revalidated)
4850 timing idealTree:node_modules/which-builtin-type Completed in 52ms
4851 silly placeDep ROOT async-function@1.0.0 OK for: is-async-function@2.1.1 want: ^1.0.0
4852 timing idealTree:node_modules/is-async-function Completed in 1ms
4853 timing idealTree:node_modules/async-function Completed in 0ms
4854 timing idealTree:node_modules/is-finalizationregistry Completed in 1ms
4855 timing idealTree:node_modules/is-generator-function Completed in 0ms
4856 silly placeDep ROOT is-map@2.0.3 OK for: which-collection@1.0.2 want: ^2.0.3
4857 silly placeDep ROOT is-weakmap@2.0.2 OK for: which-collection@1.0.2 want: ^2.0.2
4858 silly placeDep ROOT is-weakset@2.0.4 OK for: which-collection@1.0.2 want: ^2.0.3
4859 timing idealTree:node_modules/which-collection Completed in 4ms
4860 timing idealTree:node_modules/is-map Completed in 0ms
4861 timing idealTree:node_modules/is-weakmap Completed in 0ms
4862 timing idealTree:node_modules/is-weakset Completed in 0ms
4863 timing idealTree:node_modules/which-typed-array Completed in 0ms
4864 timing idealTree:node_modules/word-wrap Completed in 0ms
4865 silly placeDep ROOT pretty-bytes@5.6.0 OK for: workbox-webpack-plugin@6.6.0 want: ^5.4.1
4866 silly placeDep ROOT upath@1.2.0 OK for: workbox-webpack-plugin@6.6.0 want: ^1.2.0
4867 silly placeDep node_modules/workbox-webpack-plugin webpack-sources@1.4.3 OK for: workbox-webpack-plugin@6.6.0 want: ^1.4.3
4868 silly placeDep ROOT workbox-build@6.6.0 OK for: workbox-webpack-plugin@6.6.0 want: 6.6.0
4869 silly fetch manifest source-list-map@^2.0.0
4870 silly fetch manifest ajv@^8.6.0
4871 silly fetch manifest tempy@^0.6.0
4872 silly fetch manifest rollup@^2.43.1
4873 silly fetch manifest fs-extra@^9.0.1
4874 silly fetch manifest source-map@^0.8.0-beta.0
4875 silly fetch manifest workbox-sw@6.6.0
4876 silly fetch manifest common-tags@^1.8.0
4877 silly fetch manifest workbox-core@6.6.0
4878 silly fetch manifest strip-comments@^2.0.1
4879 silly fetch manifest workbox-window@6.6.0
4880 silly fetch manifest workbox-recipes@6.6.0
4881 silly fetch manifest workbox-routing@6.6.0
4882 silly fetch manifest workbox-streams@6.6.0
4883 silly fetch manifest stringify-object@^3.3.0
4884 silly fetch manifest workbox-expiration@6.6.0
4885 silly fetch manifest workbox-precaching@6.6.0
4886 silly fetch manifest workbox-strategies@6.6.0
4887 silly fetch manifest @rollup/plugin-babel@^5.2.0
4888 silly fetch manifest rollup-plugin-terser@^7.0.0
4889 silly fetch manifest @rollup/plugin-replace@^2.4.1
4890 silly fetch manifest workbox-range-requests@6.6.0
4891 silly fetch manifest workbox-background-sync@6.6.0
4892 silly fetch manifest workbox-broadcast-update@6.6.0
4893 silly fetch manifest workbox-google-analytics@6.6.0
4894 silly fetch manifest @apideck/better-ajv-errors@^0.3.1
4895 silly fetch manifest workbox-cacheable-response@6.6.0
4896 silly fetch manifest workbox-navigation-preload@6.6.0
4897 silly fetch manifest @rollup/plugin-node-resolve@^11.2.1
4898 silly fetch manifest @surma/rollup-plugin-off-main-thread@^2.2.3
4899 http fetch GET 200 https://registry.npmjs.org/common-tags 72ms (cache revalidated)
4900 http fetch GET 200 https://registry.npmjs.org/strip-comments 70ms (cache revalidated)
4901 http fetch GET 200 https://registry.npmjs.org/workbox-window 70ms (cache revalidated)
4902 http fetch GET 200 https://registry.npmjs.org/workbox-sw 74ms (cache revalidated)
4903 http fetch GET 200 https://registry.npmjs.org/rollup 80ms (cache revalidated)
4904 http fetch GET 200 https://registry.npmjs.org/workbox-recipes 114ms (cache revalidated)
4905 http fetch GET 200 https://registry.npmjs.org/workbox-core 116ms (cache revalidated)
4906 http fetch GET 200 https://registry.npmjs.org/stringify-object 114ms (cache revalidated)
4907 http fetch GET 200 https://registry.npmjs.org/tempy 123ms (cache revalidated)
4908 http fetch GET 200 https://registry.npmjs.org/workbox-expiration 122ms (cache revalidated)
4909 http fetch GET 200 https://registry.npmjs.org/workbox-streams 125ms (cache revalidated)
4910 http fetch GET 200 https://registry.npmjs.org/workbox-precaching 125ms (cache revalidated)
4911 http fetch GET 200 https://registry.npmjs.org/workbox-routing 130ms (cache revalidated)
4912 http fetch GET 200 https://registry.npmjs.org/rollup-plugin-terser 134ms (cache revalidated)
4913 http fetch GET 200 https://registry.npmjs.org/workbox-strategies 137ms (cache revalidated)
4914 http fetch GET 200 https://registry.npmjs.org/workbox-google-analytics 143ms (cache revalidated)
4915 http fetch GET 200 https://registry.npmjs.org/workbox-navigation-preload 143ms (cache revalidated)
4916 http fetch GET 200 https://registry.npmjs.org/workbox-range-requests 147ms (cache revalidated)
4917 http fetch GET 200 https://registry.npmjs.org/workbox-cacheable-response 146ms (cache revalidated)
4918 http fetch GET 200 https://registry.npmjs.org/workbox-background-sync 150ms (cache revalidated)
4919 http fetch GET 200 https://registry.npmjs.org/@rollup%2fplugin-babel 153ms (cache revalidated)
4920 http fetch GET 200 https://registry.npmjs.org/workbox-broadcast-update 152ms (cache revalidated)
4921 http fetch GET 200 https://registry.npmjs.org/@rollup%2fplugin-replace 254ms (cache revalidated)
4922 http fetch GET 200 https://registry.npmjs.org/@apideck%2fbetter-ajv-errors 265ms (cache revalidated)
4923 http fetch GET 200 https://registry.npmjs.org/@surma%2frollup-plugin-off-main-thread 265ms (cache revalidated)
4924 http fetch GET 200 https://registry.npmjs.org/@rollup%2fplugin-node-resolve 271ms (cache revalidated)
4925 timing idealTree:node_modules/workbox-webpack-plugin Completed in 297ms
4926 timing idealTree:node_modules/pretty-bytes Completed in 0ms
4927 timing idealTree:node_modules/upath Completed in 0ms
4928 silly fetch manifest @babel/core@^7.11.1
4929 silly fetch manifest @types/babel__core@^7.1.9
4930 silly placeDep node_modules/workbox-build @apideck/better-ajv-errors@0.3.6 OK for: workbox-build@6.6.0 want: ^0.3.1
4931 silly placeDep node_modules/workbox-build ajv@8.17.1 OK for: @apideck/better-ajv-errors@0.3.6 want: >=8
4932 silly placeDep ROOT @rollup/plugin-babel@5.3.1 OK for: workbox-build@6.6.0 want: ^5.2.0
4933 silly placeDep ROOT rollup@2.79.2 OK for: @rollup/plugin-babel@5.3.1 want: ^1.20.0||^2.0.0
4934 silly placeDep ROOT @rollup/plugin-node-resolve@11.2.1 OK for: workbox-build@6.6.0 want: ^11.2.1
4935 silly placeDep ROOT @rollup/plugin-replace@2.4.2 OK for: workbox-build@6.6.0 want: ^2.4.1
4936 silly placeDep ROOT @surma/rollup-plugin-off-main-thread@2.2.3 OK for: workbox-build@6.6.0 want: ^2.2.3
4937 silly placeDep ROOT common-tags@1.8.2 OK for: workbox-build@6.6.0 want: ^1.8.0
4938 silly placeDep node_modules/workbox-build fs-extra@9.1.0 OK for: workbox-build@6.6.0 want: ^9.0.1
4939 silly placeDep ROOT rollup-plugin-terser@7.0.2 OK for: workbox-build@6.6.0 want: ^7.0.0
4940 silly placeDep node_modules/workbox-build source-map@0.8.0-beta.0 OK for: workbox-build@6.6.0 want: ^0.8.0-beta.0
4941 silly placeDep ROOT stringify-object@3.3.0 OK for: workbox-build@6.6.0 want: ^3.3.0
4942 silly placeDep ROOT strip-comments@2.0.1 OK for: workbox-build@6.6.0 want: ^2.0.1
4943 silly placeDep ROOT tempy@0.6.0 OK for: workbox-build@6.6.0 want: ^0.6.0
4944 silly placeDep ROOT workbox-background-sync@6.6.0 OK for: workbox-build@6.6.0 want: 6.6.0
4945 silly placeDep ROOT workbox-broadcast-update@6.6.0 OK for: workbox-build@6.6.0 want: 6.6.0
4946 silly placeDep ROOT workbox-cacheable-response@6.6.0 OK for: workbox-build@6.6.0 want: 6.6.0
4947 silly placeDep ROOT workbox-core@6.6.0 OK for: workbox-build@6.6.0 want: 6.6.0
4948 silly placeDep ROOT workbox-expiration@6.6.0 OK for: workbox-build@6.6.0 want: 6.6.0
4949 silly placeDep ROOT workbox-google-analytics@6.6.0 OK for: workbox-build@6.6.0 want: 6.6.0
4950 silly placeDep ROOT workbox-navigation-preload@6.6.0 OK for: workbox-build@6.6.0 want: 6.6.0
4951 silly placeDep ROOT workbox-precaching@6.6.0 OK for: workbox-build@6.6.0 want: 6.6.0
4952 silly placeDep ROOT workbox-range-requests@6.6.0 OK for: workbox-build@6.6.0 want: 6.6.0
4953 silly placeDep ROOT workbox-recipes@6.6.0 OK for: workbox-build@6.6.0 want: 6.6.0
4954 silly placeDep ROOT workbox-routing@6.6.0 OK for: workbox-build@6.6.0 want: 6.6.0
4955 silly placeDep ROOT workbox-strategies@6.6.0 OK for: workbox-build@6.6.0 want: 6.6.0
4956 silly placeDep ROOT workbox-streams@6.6.0 OK for: workbox-build@6.6.0 want: 6.6.0
4957 silly placeDep ROOT workbox-sw@6.6.0 OK for: workbox-build@6.6.0 want: 6.6.0
4958 silly placeDep ROOT workbox-window@6.6.0 OK for: workbox-build@6.6.0 want: 6.6.0
4959 silly fetch manifest json-schema@^0.4.0
4960 silly fetch manifest jsonpointer@^5.0.0
4961 silly fetch manifest @rollup/pluginutils@^3.1.0
4962 silly fetch manifest is-module@^1.0.0
4963 silly fetch manifest @types/resolve@1.17.1
4964 silly fetch manifest builtin-modules@^3.1.0
4965 silly fetch manifest magic-string@^0.25.7
4966 silly fetch manifest ejs@^3.1.6
4967 silly fetch manifest magic-string@^0.25.0
4968 silly fetch manifest jest-worker@^26.2.1
4969 silly fetch manifest serialize-javascript@^4.0.0
4970 silly fetch manifest whatwg-url@^7.0.0
4971 silly fetch manifest is-obj@^1.0.1
4972 silly fetch manifest is-regexp@^1.0.0
4973 silly fetch manifest get-own-enumerable-property-symbols@^3.0.0
4974 silly fetch manifest temp-dir@^2.0.0
4975 silly fetch manifest type-fest@^0.16.0
4976 silly fetch manifest unique-string@^2.0.0
4977 silly fetch manifest idb@^7.0.1
4978 silly fetch manifest @types/trusted-types@^2.0.2
4979 http fetch GET 200 https://registry.npmjs.org/json-schema 56ms (cache revalidated)
4980 http fetch GET 200 https://registry.npmjs.org/ejs 46ms (cache revalidated)
4981 http fetch GET 200 https://registry.npmjs.org/is-regexp 49ms (cache revalidated)
4982 http fetch GET 200 https://registry.npmjs.org/is-obj 72ms (cache revalidated)
4983 http fetch GET 200 https://registry.npmjs.org/builtin-modules 84ms (cache revalidated)
4984 http fetch GET 200 https://registry.npmjs.org/get-own-enumerable-property-symbols 80ms (cache revalidated)
4985 http fetch GET 200 https://registry.npmjs.org/is-module 94ms (cache revalidated)
4986 http fetch GET 200 https://registry.npmjs.org/@types%2fresolve 92ms (cache revalidated)
4987 http fetch GET 200 https://registry.npmjs.org/unique-string 86ms (cache revalidated)
4988 http fetch GET 200 https://registry.npmjs.org/jsonpointer 103ms (cache revalidated)
4989 http fetch GET 200 https://registry.npmjs.org/temp-dir 88ms (cache revalidated)
4990 http fetch GET 200 https://registry.npmjs.org/idb 89ms (cache revalidated)
4991 http fetch GET 200 https://registry.npmjs.org/@rollup%2fpluginutils 248ms (cache revalidated)
4992 http fetch GET 200 https://registry.npmjs.org/@types%2ftrusted-types 1577ms (cache revalidated)
4993 timing idealTree:node_modules/workbox-build Completed in 1640ms
4994 silly fetch manifest rollup@^1.20.0||^2.0.0
4995 silly placeDep ROOT @rollup/pluginutils@3.1.0 OK for: @rollup/plugin-babel@5.3.1 want: ^3.1.0
4996 silly fetch manifest @types/estree@0.0.39
4997 silly fetch manifest estree-walker@^1.0.1
4998 http fetch GET 200 https://registry.npmjs.org/estree-walker 38ms (cache revalidated)
4999 timing idealTree:node_modules/@rollup/plugin-babel Completed in 57ms
5000 silly placeDep ROOT @types/resolve@1.17.1 OK for: @rollup/plugin-node-resolve@11.2.1 want: 1.17.1
5001 silly placeDep ROOT builtin-modules@3.3.0 OK for: @rollup/plugin-node-resolve@11.2.1 want: ^3.1.0
5002 silly placeDep ROOT is-module@1.0.0 OK for: @rollup/plugin-node-resolve@11.2.1 want: ^1.0.0
5003 timing idealTree:node_modules/@rollup/plugin-node-resolve Completed in 5ms
5004 silly placeDep node_modules/@rollup/plugin-replace magic-string@0.25.9 OK for: @rollup/plugin-replace@2.4.2 want: ^0.25.7
5005 silly fetch manifest sourcemap-codec@^1.4.8
5006 http fetch GET 200 https://registry.npmjs.org/sourcemap-codec 23ms (cache revalidated)
5007 timing idealTree:node_modules/@rollup/plugin-replace Completed in 25ms
5008 silly placeDep node_modules/@rollup/pluginutils @types/estree@0.0.39 OK for: @rollup/pluginutils@3.1.0 want: 0.0.39
5009 silly placeDep ROOT estree-walker@1.0.1 OK for: @rollup/pluginutils@3.1.0 want: ^1.0.1
5010 timing idealTree:node_modules/@rollup/pluginutils Completed in 3ms
5011 silly placeDep ROOT ejs@3.1.10 OK for: @surma/rollup-plugin-off-main-thread@2.2.3 want: ^3.1.6
5012 silly placeDep node_modules/@surma/rollup-plugin-off-main-thread magic-string@0.25.9 OK for: @surma/rollup-plugin-off-main-thread@2.2.3 want: ^0.25.0
5013 silly fetch manifest jake@^10.8.5
5014 http fetch GET 200 https://registry.npmjs.org/jake 21ms (cache revalidated)
5015 timing idealTree:node_modules/@surma/rollup-plugin-off-main-thread Completed in 26ms
5016 timing idealTree:node_modules/@types/resolve Completed in 0ms
5017 timing idealTree:node_modules/builtin-modules Completed in 0ms
5018 timing idealTree:node_modules/common-tags Completed in 0ms
5019 silly placeDep ROOT jake@10.9.4 OK for: ejs@3.1.10 want: ^10.8.5
5020 silly fetch manifest async@^3.2.6
5021 silly fetch manifest filelist@^1.0.4
5022 http fetch GET 200 https://registry.npmjs.org/async 23ms (cache revalidated)
5023 http fetch GET 200 https://registry.npmjs.org/filelist 32ms (cache revalidated)
5024 timing idealTree:node_modules/ejs Completed in 38ms
5025 timing idealTree:node_modules/estree-walker Completed in 0ms
5026 timing idealTree:node_modules/is-module Completed in 0ms
5027 silly placeDep ROOT async@3.2.6 OK for: jake@10.9.4 want: ^3.2.6
5028 silly placeDep ROOT filelist@1.0.4 OK for: jake@10.9.4 want: ^1.0.4
5029 silly fetch manifest minimatch@^5.0.1
5030 timing idealTree:node_modules/jake Completed in 7ms
5031 timing idealTree:node_modules/async Completed in 0ms
5032 silly placeDep node_modules/filelist minimatch@5.1.6 OK for: filelist@1.0.4 want: ^5.0.1
5033 silly fetch manifest brace-expansion@^2.0.1
5034 timing idealTree:node_modules/filelist Completed in 2ms
5035 timing idealTree:node_modules/rollup Completed in 0ms
5036 silly placeDep node_modules/rollup-plugin-terser jest-worker@26.6.2 OK for: rollup-plugin-terser@7.0.2 want: ^26.2.1
5037 silly placeDep node_modules/rollup-plugin-terser serialize-javascript@4.0.0 OK for: rollup-plugin-terser@7.0.2 want: ^4.0.0
5038 timing idealTree:node_modules/rollup-plugin-terser Completed in 2ms
5039 silly placeDep ROOT get-own-enumerable-property-symbols@3.0.2 OK for: stringify-object@3.3.0 want: ^3.0.0
5040 silly placeDep ROOT is-obj@1.0.1 OK for: stringify-object@3.3.0 want: ^1.0.1
5041 silly placeDep ROOT is-regexp@1.0.0 OK for: stringify-object@3.3.0 want: ^1.0.0
5042 timing idealTree:node_modules/stringify-object Completed in 5ms
5043 timing idealTree:node_modules/get-own-enumerable-property-symbols Completed in 0ms
5044 timing idealTree:node_modules/is-obj Completed in 0ms
5045 timing idealTree:node_modules/is-regexp Completed in 0ms
5046 timing idealTree:node_modules/strip-comments Completed in 0ms
5047 silly placeDep ROOT temp-dir@2.0.0 OK for: tempy@0.6.0 want: ^2.0.0
5048 silly placeDep node_modules/tempy type-fest@0.16.0 OK for: tempy@0.6.0 want: ^0.16.0
5049 silly placeDep ROOT unique-string@2.0.0 OK for: tempy@0.6.0 want: ^2.0.0
5050 silly fetch manifest crypto-random-string@^2.0.0
5051 http fetch GET 200 https://registry.npmjs.org/crypto-random-string 23ms (cache revalidated)
5052 timing idealTree:node_modules/tempy Completed in 27ms
5053 timing idealTree:node_modules/temp-dir Completed in 0ms
5054 silly placeDep ROOT crypto-random-string@2.0.0 OK for: unique-string@2.0.0 want: ^2.0.0
5055 timing idealTree:node_modules/unique-string Completed in 2ms
5056 timing idealTree:node_modules/crypto-random-string Completed in 0ms
5057 silly placeDep ROOT idb@7.1.1 OK for: workbox-background-sync@6.6.0 want: ^7.0.1
5058 timing idealTree:node_modules/workbox-background-sync Completed in 2ms
5059 timing idealTree:node_modules/idb Completed in 0ms
5060 timing idealTree:node_modules/workbox-broadcast-update Completed in 0ms
5061 timing idealTree:node_modules/workbox-cacheable-response Completed in 0ms
5062 timing idealTree:node_modules/workbox-core Completed in 0ms
5063 timing idealTree:node_modules/workbox-expiration Completed in 0ms
5064 timing idealTree:node_modules/workbox-google-analytics Completed in 0ms
5065 timing idealTree:node_modules/workbox-navigation-preload Completed in 0ms
5066 timing idealTree:node_modules/workbox-precaching Completed in 0ms
5067 timing idealTree:node_modules/workbox-range-requests Completed in 0ms
5068 timing idealTree:node_modules/workbox-recipes Completed in 0ms
5069 timing idealTree:node_modules/workbox-routing Completed in 0ms
5070 timing idealTree:node_modules/workbox-strategies Completed in 0ms
5071 timing idealTree:node_modules/workbox-streams Completed in 0ms
5072 timing idealTree:node_modules/workbox-sw Completed in 0ms
5073 silly placeDep ROOT @types/trusted-types@2.0.7 OK for: workbox-window@6.6.0 want: ^2.0.2
5074 timing idealTree:node_modules/workbox-window Completed in 2ms
5075 timing idealTree:node_modules/@types/trusted-types Completed in 0ms
5076 timing idealTree:node_modules/wrappy Completed in 0ms
5077 silly placeDep ROOT is-typedarray@1.0.0 OK for: write-file-atomic@3.0.3 want: ^1.0.0
5078 silly placeDep ROOT typedarray-to-buffer@3.1.5 OK for: write-file-atomic@3.0.3 want: ^3.1.5
5079 timing idealTree:node_modules/write-file-atomic Completed in 3ms
5080 timing idealTree:node_modules/is-typedarray Completed in 0ms
5081 timing idealTree:node_modules/typedarray-to-buffer Completed in 0ms
5082 timing idealTree:node_modules/ws Completed in 0ms
5083 timing idealTree:node_modules/xml-name-validator Completed in 0ms
5084 timing idealTree:node_modules/xmlchars Completed in 0ms
5085 timing idealTree:node_modules/yallist Completed in 0ms
5086 timing idealTree:node_modules/yaml Completed in 0ms
5087 silly placeDep ROOT cliui@7.0.4 OK for: yargs@16.2.0 want: ^7.0.2
5088 silly placeDep ROOT get-caller-file@2.0.5 OK for: yargs@16.2.0 want: ^2.0.5
5089 silly placeDep ROOT require-directory@2.1.1 OK for: yargs@16.2.0 want: ^2.1.1
5090 silly placeDep ROOT string-width@4.2.3 OK for: yargs@16.2.0 want: ^4.2.0
5091 silly placeDep ROOT y18n@5.0.8 OK for: yargs@16.2.0 want: ^5.0.5
5092 silly placeDep ROOT yargs-parser@20.2.9 OK for: yargs@16.2.0 want: ^20.2.2
5093 silly fetch manifest wrap-ansi@^7.0.0
5094 silly fetch manifest emoji-regex@^8.0.0
5095 silly fetch manifest is-fullwidth-code-point@^3.0.0
5096 http fetch GET 200 https://registry.npmjs.org/wrap-ansi 36ms (cache revalidated)
5097 http fetch GET 200 https://registry.npmjs.org/is-fullwidth-code-point 40ms (cache revalidated)
5098 timing idealTree:node_modules/yargs Completed in 54ms
5099 silly placeDep ROOT wrap-ansi@7.0.0 OK for: cliui@7.0.4 want: ^7.0.0
5100 silly fetch manifest ansi-styles@^4.0.0
5101 timing idealTree:node_modules/cliui Completed in 4ms
5102 timing idealTree:node_modules/get-caller-file Completed in 0ms
5103 timing idealTree:node_modules/require-directory Completed in 0ms
5104 silly placeDep node_modules/string-width emoji-regex@8.0.0 OK for: string-width@4.2.3 want: ^8.0.0
5105 silly placeDep ROOT is-fullwidth-code-point@3.0.0 OK for: string-width@4.2.3 want: ^3.0.0
5106 timing idealTree:node_modules/string-width Completed in 2ms
5107 timing idealTree:node_modules/is-fullwidth-code-point Completed in 0ms
5108 silly placeDep node_modules/wrap-ansi ansi-styles@4.3.0 OK for: wrap-ansi@7.0.0 want: ^4.0.0
5109 timing idealTree:node_modules/wrap-ansi Completed in 2ms
5110 timing idealTree:node_modules/y18n Completed in 0ms
5111 timing idealTree:node_modules/yargs-parser Completed in 0ms
5112 timing idealTree:node_modules/@babel/core/node_modules/semver Completed in 0ms
5113 timing idealTree:node_modules/@babel/eslint-parser/node_modules/eslint-visitor-keys Completed in 0ms
5114 timing idealTree:node_modules/@babel/eslint-parser/node_modules/semver Completed in 0ms
5115 timing idealTree:node_modules/@babel/helper-compilation-targets/node_modules/semver Completed in 0ms
5116 timing idealTree:node_modules/@babel/helper-create-class-features-plugin/node_modules/semver Completed in 0ms
5117 timing idealTree:node_modules/@babel/helper-create-regexp-features-plugin/node_modules/semver Completed in 0ms
5118 timing idealTree:node_modules/@babel/plugin-transform-runtime/node_modules/semver Completed in 0ms
5119 timing idealTree:node_modules/@babel/preset-env/node_modules/semver Completed in 0ms
5120 silly placeDep node_modules/@eslint/eslintrc argparse@2.0.1 OK for: js-yaml@4.1.0 want: ^2.0.1
5121 timing idealTree:node_modules/@eslint/eslintrc/node_modules/js-yaml Completed in 2ms
5122 timing idealTree:node_modules/@eslint/eslintrc/node_modules/argparse Completed in 0ms
5123 timing idealTree:node_modules/@istanbuljs/load-nyc-config/node_modules/camelcase Completed in 0ms
5124 timing idealTree:node_modules/@jest/reporters/node_modules/source-map Completed in 0ms
5125 timing idealTree:node_modules/@jest/source-map/node_modules/source-map Completed in 0ms
5126 timing idealTree:node_modules/@jest/transform/node_modules/convert-source-map Completed in 0ms
5127 timing idealTree:node_modules/@jest/transform/node_modules/source-map Completed in 0ms
5128 silly placeDep node_modules/@nicolo-ribaudo/eslint-scope-5-internals estraverse@4.3.0 OK for: eslint-scope@5.1.1 want: ^4.1.1
5129 timing idealTree:node_modules/@nicolo-ribaudo/eslint-scope-5-internals/node_modules/eslint-scope Completed in 1ms
5130 timing idealTree:node_modules/@nicolo-ribaudo/eslint-scope-5-internals/node_modules/estraverse Completed in 0ms
5131 silly placeDep ROOT sourcemap-codec@1.4.8 OK for: magic-string@0.25.9 want: ^1.4.8
5132 timing idealTree:node_modules/@rollup/plugin-replace/node_modules/magic-string Completed in 1ms
5133 timing idealTree:node_modules/sourcemap-codec Completed in 0ms
5134 timing idealTree:node_modules/@rollup/pluginutils/node_modules/@types/estree Completed in 0ms
5135 timing idealTree:node_modules/@surma/rollup-plugin-off-main-thread/node_modules/magic-string Completed in 0ms
5136 timing idealTree:node_modules/@tailwindcss/node/node_modules/tailwindcss Completed in 0ms
5137 timing idealTree:node_modules/@tailwindcss/postcss/node_modules/tailwindcss Completed in 0ms
5138 timing idealTree:node_modules/@testing-library/jest-dom/node_modules/dom-accessibility-api Completed in 0ms
5139 timing idealTree:node_modules/@types/express/node_modules/@types/express-serve-static-core Completed in 0ms
5140 silly placeDep node_modules/@typescript-eslint/utils estraverse@4.3.0 OK for: eslint-scope@5.1.1 want: ^4.1.1
5141 timing idealTree:node_modules/@typescript-eslint/utils/node_modules/eslint-scope Completed in 1ms
5142 timing idealTree:node_modules/@typescript-eslint/utils/node_modules/estraverse Completed in 0ms
5143 timing idealTree:node_modules/accepts/node_modules/negotiator Completed in 0ms
5144 timing idealTree:node_modules/acorn-globals/node_modules/acorn Completed in 0ms
5145 silly placeDep ROOT fast-uri@3.1.0 OK for: ajv@8.17.1 want: ^3.0.1
5146 silly placeDep node_modules/ajv-formats json-schema-traverse@1.0.0 OK for: ajv@8.17.1 want: ^1.0.0
5147 silly placeDep ROOT require-from-string@2.0.2 OK for: ajv@8.17.1 want: ^2.0.2
5148 timing idealTree:node_modules/ajv-formats/node_modules/ajv Completed in 3ms
5149 timing idealTree:node_modules/fast-uri Completed in 0ms
5150 timing idealTree:node_modules/require-from-string Completed in 1ms
5151 timing idealTree:node_modules/ajv-formats/node_modules/json-schema-traverse Completed in 0ms
5152 timing idealTree:node_modules/ansi-escapes/node_modules/type-fest Completed in 0ms
5153 silly placeDep ROOT ajv-keywords@3.5.2 OK for: schema-utils@2.7.1 want: ^3.5.2
5154 timing idealTree:node_modules/babel-loader/node_modules/schema-utils Completed in 3ms
5155 timing idealTree:node_modules/ajv-keywords Completed in 0ms
5156 timing idealTree:node_modules/babel-plugin-polyfill-corejs2/node_modules/semver Completed in 0ms
5157 timing idealTree:node_modules/babel-preset-react-app/node_modules/@babel/plugin-proposal-private-property-in-object Completed in 0ms
5158 silly placeDep node_modules/body-parser ms@2.0.0 OK for: debug@2.6.9 want: 2.0.0
5159 timing idealTree:node_modules/body-parser/node_modules/debug Completed in 1ms
5160 timing idealTree:node_modules/body-parser/node_modules/iconv-lite Completed in 0ms
5161 timing idealTree:node_modules/body-parser/node_modules/ms Completed in 0ms
5162 silly placeDep ROOT color-convert@2.0.1 OK for: ansi-styles@4.3.0 want: ^2.0.1
5163 silly fetch manifest color-name@~1.1.4
5164 http fetch GET 200 https://registry.npmjs.org/color-name 29ms (cache revalidated)
5165 timing idealTree:node_modules/chalk/node_modules/ansi-styles Completed in 33ms
5166 silly placeDep ROOT color-name@1.1.4 OK for: color-convert@2.0.1 want: ~1.1.4
5167 timing idealTree:node_modules/color-convert Completed in 2ms
5168 timing idealTree:node_modules/color-name Completed in 0ms
5169 timing idealTree:node_modules/chokidar/node_modules/glob-parent Completed in 0ms
5170 timing idealTree:node_modules/clean-css/node_modules/source-map Completed in 0ms
5171 silly placeDep node_modules/coa ansi-styles@3.2.1 OK for: chalk@2.4.2 want: ^3.2.1
5172 silly placeDep node_modules/coa escape-string-regexp@1.0.5 OK for: chalk@2.4.2 want: ^1.0.5
5173 silly placeDep node_modules/coa supports-color@5.5.0 OK for: chalk@2.4.2 want: ^5.3.0
5174 silly fetch manifest color-convert@^1.9.0
5175 silly fetch manifest has-flag@^3.0.0
5176 timing idealTree:node_modules/coa/node_modules/chalk Completed in 3ms
5177 silly placeDep node_modules/coa color-convert@1.9.3 OK for: ansi-styles@3.2.1 want: ^1.9.0
5178 silly fetch manifest color-name@1.1.3
5179 timing idealTree:node_modules/coa/node_modules/ansi-styles Completed in 2ms
5180 silly placeDep node_modules/coa color-name@1.1.3 OK for: color-convert@1.9.3 want: 1.1.3
5181 timing idealTree:node_modules/coa/node_modules/color-convert Completed in 0ms
5182 timing idealTree:node_modules/coa/node_modules/color-name Completed in 0ms
5183 timing idealTree:node_modules/coa/node_modules/escape-string-regexp Completed in 0ms
5184 silly placeDep node_modules/coa has-flag@3.0.0 OK for: supports-color@5.5.0 want: ^3.0.0
5185 timing idealTree:node_modules/coa/node_modules/supports-color Completed in 1ms
5186 timing idealTree:node_modules/coa/node_modules/has-flag Completed in 0ms
5187 silly placeDep node_modules/compression ms@2.0.0 OK for: debug@2.6.9 want: 2.0.0
5188 timing idealTree:node_modules/compression/node_modules/debug Completed in 1ms
5189 timing idealTree:node_modules/compression/node_modules/ms Completed in 0ms
5190 timing idealTree:node_modules/css-minimizer-webpack-plugin/node_modules/source-map Completed in 0ms
5191 timing idealTree:node_modules/css-tree/node_modules/source-map Completed in 0ms
5192 silly placeDep node_modules/csso mdn-data@2.0.14 OK for: css-tree@1.1.3 want: 2.0.14
5193 silly placeDep node_modules/csso source-map@0.6.1 OK for: css-tree@1.1.3 want: ^0.6.1
5194 timing idealTree:node_modules/csso/node_modules/css-tree Completed in 2ms
5195 timing idealTree:node_modules/csso/node_modules/mdn-data Completed in 0ms
5196 timing idealTree:node_modules/csso/node_modules/source-map Completed in 0ms
5197 timing idealTree:node_modules/cssstyle/node_modules/cssom Completed in 0ms
5198 silly placeDep node_modules/detect-port-alt ms@2.0.0 OK for: debug@2.6.9 want: 2.0.0
5199 timing idealTree:node_modules/detect-port-alt/node_modules/debug Completed in 1ms
5200 timing idealTree:node_modules/detect-port-alt/node_modules/ms Completed in 0ms
5201 timing idealTree:node_modules/domexception/node_modules/webidl-conversions Completed in 0ms
5202 timing idealTree:node_modules/escodegen/node_modules/source-map Completed in 0ms
5203 timing idealTree:node_modules/eslint-import-resolver-node/node_modules/debug Completed in 0ms
5204 timing idealTree:node_modules/eslint-module-utils/node_modules/debug Completed in 0ms
5205 timing idealTree:node_modules/eslint-plugin-import/node_modules/debug Completed in 0ms
5206 timing idealTree:node_modules/eslint-plugin-import/node_modules/doctrine Completed in 0ms
5207 timing idealTree:node_modules/eslint-plugin-import/node_modules/semver Completed in 0ms
5208 timing idealTree:node_modules/eslint-plugin-jsx-a11y/node_modules/aria-query Completed in 0ms
5209 timing idealTree:node_modules/eslint-plugin-react/node_modules/doctrine Completed in 0ms
5210 timing idealTree:node_modules/eslint-plugin-react/node_modules/resolve Completed in 0ms
5211 timing idealTree:node_modules/eslint-plugin-react/node_modules/semver Completed in 0ms
5212 silly placeDep node_modules/eslint-webpack-plugin supports-color@8.1.1 OK for: jest-worker@28.1.3 want: ^8.0.0
5213 timing idealTree:node_modules/eslint-webpack-plugin/node_modules/jest-worker Completed in 1ms
5214 timing idealTree:node_modules/eslint-webpack-plugin/node_modules/supports-color Completed in 0ms
5215 silly placeDep node_modules/eslint locate-path@6.0.0 OK for: find-up@5.0.0 want: ^6.0.0
5216 silly fetch manifest p-locate@^5.0.0
5217 timing idealTree:node_modules/eslint/node_modules/find-up Completed in 1ms
5218 silly placeDep node_modules/eslint argparse@2.0.1 OK for: js-yaml@4.1.0 want: ^2.0.1
5219 timing idealTree:node_modules/eslint/node_modules/js-yaml Completed in 2ms
5220 timing idealTree:node_modules/eslint/node_modules/argparse Completed in 0ms
5221 silly placeDep node_modules/eslint p-locate@5.0.0 OK for: locate-path@6.0.0 want: ^5.0.0
5222 silly fetch manifest p-limit@^3.0.2
5223 timing idealTree:node_modules/eslint/node_modules/locate-path Completed in 1ms
5224 silly placeDep node_modules/eslint p-limit@3.1.0 OK for: p-locate@5.0.0 want: ^3.0.2
5225 silly fetch manifest yocto-queue@^0.1.0
5226 http fetch GET 200 https://registry.npmjs.org/yocto-queue 24ms (cache revalidated)
5227 timing idealTree:node_modules/eslint/node_modules/p-locate Completed in 26ms
5228 silly placeDep ROOT yocto-queue@0.1.0 OK for: p-limit@3.1.0 want: ^0.1.0
5229 timing idealTree:node_modules/eslint/node_modules/p-limit Completed in 2ms
5230 timing idealTree:node_modules/yocto-queue Completed in 0ms
5231 timing idealTree:node_modules/express/node_modules/cookie Completed in 0ms
5232 silly placeDep node_modules/express ms@2.0.0 OK for: debug@2.6.9 want: 2.0.0
5233 timing idealTree:node_modules/express/node_modules/debug Completed in 0ms
5234 timing idealTree:node_modules/express/node_modules/ms Completed in 0ms
5235 timing idealTree:node_modules/fast-glob/node_modules/glob-parent Completed in 0ms
5236 timing idealTree:node_modules/file-loader/node_modules/schema-utils Completed in 0ms
5237 silly placeDep node_modules/filelist brace-expansion@2.0.2 OK for: minimatch@5.1.6 want: ^2.0.1
5238 timing idealTree:node_modules/filelist/node_modules/minimatch Completed in 1ms
5239 timing idealTree:node_modules/filelist/node_modules/brace-expansion Completed in 0ms
5240 silly placeDep node_modules/finalhandler ms@2.0.0 OK for: debug@2.6.9 want: 2.0.0
5241 timing idealTree:node_modules/finalhandler/node_modules/debug Completed in 1ms
5242 timing idealTree:node_modules/finalhandler/node_modules/ms Completed in 0ms
5243 timing idealTree:node_modules/fork-ts-checker-webpack-plugin/node_modules/cosmiconfig Completed in 0ms
5244 silly placeDep ROOT at-least-node@1.0.0 OK for: fs-extra@9.1.0 want: ^1.0.0
5245 timing idealTree:node_modules/fork-ts-checker-webpack-plugin/node_modules/fs-extra Completed in 2ms
5246 timing idealTree:node_modules/at-least-node Completed in 0ms
5247 timing idealTree:node_modules/fork-ts-checker-webpack-plugin/node_modules/schema-utils Completed in 0ms
5248 timing idealTree:node_modules/fork-ts-checker-webpack-plugin/node_modules/tapable Completed in 0ms
5249 timing idealTree:node_modules/global-prefix/node_modules/which Completed in 0ms
5250 silly placeDep ROOT core-util-is@1.0.3 OK for: readable-stream@2.3.8 want: ~1.0.0
5251 silly placeDep node_modules/hpack.js isarray@1.0.0 OK for: readable-stream@2.3.8 want: ~1.0.0
5252 silly placeDep ROOT process-nextick-args@2.0.1 OK for: readable-stream@2.3.8 want: ~2.0.0
5253 silly placeDep node_modules/hpack.js safe-buffer@5.1.2 OK for: readable-stream@2.3.8 want: ~5.1.1
5254 silly placeDep node_modules/hpack.js string_decoder@1.1.1 OK for: readable-stream@2.3.8 want: ~1.1.1
5255 timing idealTree:node_modules/hpack.js/node_modules/readable-stream Completed in 6ms
5256 timing idealTree:node_modules/core-util-is Completed in 0ms
5257 timing idealTree:node_modules/process-nextick-args Completed in 0ms
5258 timing idealTree:node_modules/hpack.js/node_modules/isarray Completed in 0ms
5259 timing idealTree:node_modules/hpack.js/node_modules/safe-buffer Completed in 0ms
5260 timing idealTree:node_modules/hpack.js/node_modules/string_decoder Completed in 0ms
5261 timing idealTree:node_modules/import-fresh/node_modules/resolve-from Completed in 0ms
5262 timing idealTree:node_modules/istanbul-lib-instrument/node_modules/semver Completed in 0ms
5263 timing idealTree:node_modules/istanbul-lib-report/node_modules/make-dir Completed in 0ms
5264 timing idealTree:node_modules/istanbul-lib-source-maps/node_modules/source-map Completed in 0ms
5265 timing idealTree:node_modules/jest-watch-typeahead/node_modules/jest-regex-util Completed in 0ms
5266 silly placeDep node_modules/jest-watch-typeahead @jest/test-result@28.1.3 OK for: jest-watcher@28.1.3 want: ^28.1.3
5267 silly placeDep node_modules/jest-watch-typeahead @jest/types@28.1.3 OK for: jest-watcher@28.1.3 want: ^28.1.3
5268 silly placeDep node_modules/jest-watch-typeahead emittery@0.10.2 OK for: jest-watcher@28.1.3 want: ^0.10.2
5269 silly placeDep node_modules/jest-watch-typeahead jest-util@28.1.3 OK for: jest-watcher@28.1.3 want: ^28.1.3
5270 silly placeDep node_modules/jest-watch-typeahead/node_modules/jest-watcher string-length@4.0.2 OK for: jest-watcher@28.1.3 want: ^4.0.1
5271 silly fetch manifest @jest/console@^28.1.3
5272 silly fetch manifest @types/yargs@^17.0.8
5273 silly fetch manifest @jest/schemas@^28.1.3
5274 silly fetch manifest strip-ansi@^6.0.0
5275 http fetch GET 200 https://registry.npmjs.org/@jest%2fschemas 235ms (cache revalidated)
5276 timing idealTree:node_modules/jest-watch-typeahead/node_modules/jest-watcher Completed in 242ms
5277 silly placeDep node_modules/jest-watch-typeahead @jest/console@28.1.3 OK for: @jest/test-result@28.1.3 want: ^28.1.3
5278 silly fetch manifest jest-message-util@^28.1.3
5279 timing idealTree:node_modules/jest-watch-typeahead/node_modules/@jest/test-result Completed in 2ms
5280 silly placeDep node_modules/jest-watch-typeahead jest-message-util@28.1.3 OK for: @jest/console@28.1.3 want: ^28.1.3
5281 silly placeDep node_modules/jest-watch-typeahead/node_modules/@jest/console slash@3.0.0 OK for: @jest/console@28.1.3 want: ^3.0.0
5282 silly fetch manifest pretty-format@^28.1.3
5283 timing idealTree:node_modules/jest-watch-typeahead/node_modules/@jest/console Completed in 5ms
5284 silly placeDep ROOT @jest/schemas@28.1.3 OK for: @jest/types@28.1.3 want: ^28.1.3
5285 silly placeDep node_modules/jest-watch-typeahead @types/yargs@17.0.33 OK for: @jest/types@28.1.3 want: ^17.0.8
5286 silly fetch manifest @sinclair/typebox@^0.24.1
5287 http fetch GET 200 https://registry.npmjs.org/@sinclair%2ftypebox 40ms (cache revalidated)
5288 timing idealTree:node_modules/jest-watch-typeahead/node_modules/@jest/types Completed in 52ms
5289 silly placeDep ROOT @sinclair/typebox@0.24.51 OK for: @jest/schemas@28.1.3 want: ^0.24.1
5290 timing idealTree:node_modules/@jest/schemas Completed in 2ms
5291 timing idealTree:node_modules/@sinclair/typebox Completed in 0ms
5292 timing idealTree:node_modules/jest-watch-typeahead/node_modules/@types/yargs Completed in 0ms
5293 timing idealTree:node_modules/jest-watch-typeahead/node_modules/emittery Completed in 0ms
5294 silly placeDep node_modules/jest-watch-typeahead pretty-format@28.1.3 OK for: jest-message-util@28.1.3 want: ^28.1.3
5295 silly placeDep node_modules/jest-watch-typeahead/node_modules/jest-message-util slash@3.0.0 OK for: jest-message-util@28.1.3 want: ^3.0.0
5296 silly fetch manifest react-is@^18.0.0
5297 timing idealTree:node_modules/jest-watch-typeahead/node_modules/jest-message-util Completed in 17ms
5298 timing idealTree:node_modules/jest-watch-typeahead/node_modules/jest-util Completed in 0ms
5299 silly placeDep node_modules/jest-watch-typeahead react-is@18.3.1 OK for: pretty-format@28.1.3 want: ^18.0.0
5300 timing idealTree:node_modules/jest-watch-typeahead/node_modules/pretty-format Completed in 1ms
5301 timing idealTree:node_modules/jest-watch-typeahead/node_modules/react-is Completed in 0ms
5302 timing idealTree:node_modules/jest-watch-typeahead/node_modules/slash Completed in 0ms
5303 silly placeDep node_modules/jest-watch-typeahead/node_modules/string-length char-regex@2.0.2 OK for: string-length@5.0.1 want: ^2.0.0
5304 timing idealTree:node_modules/jest-watch-typeahead/node_modules/string-length Completed in 1ms
5305 silly placeDep node_modules/jest-watch-typeahead/node_modules/strip-ansi ansi-regex@6.2.2 OK for: strip-ansi@7.1.2 want: ^6.0.1
5306 timing idealTree:node_modules/jest-watch-typeahead/node_modules/strip-ansi Completed in 1ms
5307 timing idealTree:node_modules/jest-worker/node_modules/supports-color Completed in 0ms
5308 timing idealTree:node_modules/jsonpath/node_modules/esprima Completed in 0ms
5309 timing idealTree:node_modules/make-dir/node_modules/semver Completed in 0ms
5310 silly placeDep node_modules/pkg-up locate-path@3.0.0 OK for: find-up@3.0.0 want: ^3.0.0
5311 silly fetch manifest p-locate@^3.0.0
5312 silly fetch manifest path-exists@^3.0.0
5313 timing idealTree:node_modules/pkg-up/node_modules/find-up Completed in 1ms
5314 silly placeDep node_modules/pkg-up p-locate@3.0.0 OK for: locate-path@3.0.0 want: ^3.0.0
5315 silly placeDep node_modules/pkg-up path-exists@3.0.0 OK for: locate-path@3.0.0 want: ^3.0.0
5316 timing idealTree:node_modules/pkg-up/node_modules/locate-path Completed in 3ms
5317 timing idealTree:node_modules/pkg-up/node_modules/p-locate Completed in 0ms
5318 timing idealTree:node_modules/pkg-up/node_modules/path-exists Completed in 0ms
5319 timing idealTree:node_modules/postcss-load-config/node_modules/lilconfig Completed in 0ms
5320 timing idealTree:node_modules/postcss-load-config/node_modules/yaml Completed in 0ms
5321 timing idealTree:node_modules/postcss-modules-local-by-default/node_modules/postcss-selector-parser Completed in 0ms
5322 timing idealTree:node_modules/postcss-modules-scope/node_modules/postcss-selector-parser Completed in 0ms
5323 silly placeDep ROOT @trysound/sax@0.2.0 OK for: svgo@2.8.0 want: 0.2.0
5324 silly placeDep node_modules/postcss-svgo commander@7.2.0 OK for: svgo@2.8.0 want: ^7.2.0
5325 silly placeDep node_modules/postcss-svgo css-tree@1.1.3 OK for: svgo@2.8.0 want: ^1.1.3
5326 timing idealTree:node_modules/postcss-svgo/node_modules/svgo Completed in 3ms
5327 timing idealTree:node_modules/@trysound/sax Completed in 0ms
5328 timing idealTree:node_modules/postcss-svgo/node_modules/commander Completed in 0ms
5329 silly placeDep node_modules/postcss-svgo mdn-data@2.0.14 OK for: css-tree@1.1.3 want: 2.0.14
5330 silly placeDep node_modules/postcss-svgo source-map@0.6.1 OK for: css-tree@1.1.3 want: ^0.6.1
5331 timing idealTree:node_modules/postcss-svgo/node_modules/css-tree Completed in 3ms
5332 timing idealTree:node_modules/postcss-svgo/node_modules/mdn-data Completed in 0ms
5333 timing idealTree:node_modules/postcss-svgo/node_modules/source-map Completed in 0ms
5334 timing idealTree:node_modules/prop-types/node_modules/react-is Completed in 0ms
5335 timing idealTree:node_modules/proxy-addr/node_modules/ipaddr.js Completed in 0ms
5336 timing idealTree:node_modules/raw-body/node_modules/iconv-lite Completed in 0ms
5337 silly placeDep node_modules/react-dev-utils locate-path@6.0.0 OK for: find-up@5.0.0 want: ^6.0.0
5338 timing idealTree:node_modules/react-dev-utils/node_modules/find-up Completed in 1ms
5339 timing idealTree:node_modules/react-dev-utils/node_modules/loader-utils Completed in 0ms
5340 silly placeDep node_modules/react-dev-utils p-locate@5.0.0 OK for: locate-path@6.0.0 want: ^5.0.0
5341 timing idealTree:node_modules/react-dev-utils/node_modules/locate-path Completed in 1ms
5342 silly placeDep node_modules/react-dev-utils p-limit@3.1.0 OK for: p-locate@5.0.0 want: ^3.0.2
5343 timing idealTree:node_modules/react-dev-utils/node_modules/p-locate Completed in 1ms
5344 timing idealTree:node_modules/react-dev-utils/node_modules/p-limit Completed in 0ms
5345 timing idealTree:node_modules/regjsparser/node_modules/jsesc Completed in 0ms
5346 timing idealTree:node_modules/resolve-url-loader/node_modules/convert-source-map Completed in 0ms
5347 silly placeDep node_modules/resolve-url-loader picocolors@0.2.1 OK for: postcss@7.0.39 want: ^0.2.1
5348 timing idealTree:node_modules/resolve-url-loader/node_modules/postcss Completed in 1ms
5349 timing idealTree:node_modules/resolve-url-loader/node_modules/picocolors Completed in 0ms
5350 timing idealTree:node_modules/resolve-url-loader/node_modules/source-map Completed in 0ms
5351 timing idealTree:node_modules/rollup-plugin-terser/node_modules/jest-worker Completed in 0ms
5352 timing idealTree:node_modules/rollup-plugin-terser/node_modules/serialize-javascript Completed in 0ms
5353 silly placeDep node_modules/schema-utils json-schema-traverse@1.0.0 OK for: ajv@8.17.1 want: ^1.0.0
5354 timing idealTree:node_modules/schema-utils/node_modules/ajv Completed in 1ms
5355 timing idealTree:node_modules/schema-utils/node_modules/ajv-keywords Completed in 0ms
5356 timing idealTree:node_modules/schema-utils/node_modules/json-schema-traverse Completed in 0ms
5357 silly placeDep node_modules/send/node_modules/debug ms@2.0.0 OK for: debug@2.6.9 want: 2.0.0
5358 timing idealTree:node_modules/send/node_modules/debug Completed in 0ms
5359 timing idealTree:node_modules/send/node_modules/encodeurl Completed in 0ms
5360 silly placeDep node_modules/serve-index ms@2.0.0 OK for: debug@2.6.9 want: 2.0.0
5361 timing idealTree:node_modules/serve-index/node_modules/debug Completed in 1ms
5362 silly placeDep node_modules/serve-index depd@1.1.2 OK for: http-errors@1.6.3 want: ~1.1.2
5363 silly placeDep node_modules/serve-index inherits@2.0.3 OK for: http-errors@1.6.3 want: 2.0.3
5364 silly placeDep node_modules/serve-index setprototypeof@1.1.0 OK for: http-errors@1.6.3 want: 1.1.0
5365 silly placeDep node_modules/serve-index statuses@1.5.0 OK for: http-errors@1.6.3 want: >= 1.4.0 < 2
5366 timing idealTree:node_modules/serve-index/node_modules/http-errors Completed in 3ms
5367 timing idealTree:node_modules/serve-index/node_modules/depd Completed in 0ms
5368 timing idealTree:node_modules/serve-index/node_modules/inherits Completed in 0ms
5369 timing idealTree:node_modules/serve-index/node_modules/ms Completed in 0ms
5370 timing idealTree:node_modules/serve-index/node_modules/setprototypeof Completed in 0ms
5371 timing idealTree:node_modules/serve-index/node_modules/statuses Completed in 0ms
5372 timing idealTree:node_modules/source-map-support/node_modules/source-map Completed in 0ms
5373 timing idealTree:node_modules/stack-utils/node_modules/escape-string-regexp Completed in 0ms
5374 silly placeDep node_modules/static-eval estraverse@4.3.0 OK for: escodegen@1.14.3 want: ^4.2.0
5375 silly placeDep node_modules/static-eval optionator@0.8.3 OK for: escodegen@1.14.3 want: ^0.8.1
5376 silly placeDep node_modules/static-eval source-map@0.6.1 OK for: escodegen@1.14.3 want: ~0.6.1
5377 silly fetch manifest prelude-ls@~1.1.2
5378 silly fetch manifest type-check@~0.3.2
5379 silly fetch manifest levn@~0.3.0
5380 timing idealTree:node_modules/static-eval/node_modules/escodegen Completed in 5ms
5381 timing idealTree:node_modules/static-eval/node_modules/estraverse Completed in 0ms
5382 silly placeDep node_modules/static-eval levn@0.3.0 OK for: optionator@0.8.3 want: ~0.3.0
5383 silly placeDep node_modules/static-eval prelude-ls@1.1.2 OK for: optionator@0.8.3 want: ~1.1.2
5384 silly placeDep node_modules/static-eval type-check@0.3.2 OK for: optionator@0.8.3 want: ~0.3.2
5385 timing idealTree:node_modules/static-eval/node_modules/optionator Completed in 3ms
5386 timing idealTree:node_modules/static-eval/node_modules/levn Completed in 0ms
5387 timing idealTree:node_modules/static-eval/node_modules/prelude-ls Completed in 0ms
5388 timing idealTree:node_modules/static-eval/node_modules/source-map Completed in 0ms
5389 timing idealTree:node_modules/static-eval/node_modules/type-check Completed in 0ms
5390 timing idealTree:node_modules/string-width/node_modules/emoji-regex Completed in 0ms
5391 timing idealTree:node_modules/sucrase/node_modules/commander Completed in 0ms
5392 silly placeDep ROOT foreground-child@3.3.1 OK for: glob@10.4.5 want: ^3.1.0
5393 silly placeDep ROOT jackspeak@3.4.3 OK for: glob@10.4.5 want: ^3.1.2
5394 silly placeDep node_modules/sucrase minimatch@9.0.5 OK for: glob@10.4.5 want: ^9.0.4
5395 silly placeDep ROOT package-json-from-dist@1.0.1 OK for: glob@10.4.5 want: ^1.0.0
5396 silly placeDep ROOT path-scurry@1.11.1 OK for: glob@10.4.5 want: ^1.11.1
5397 silly fetch manifest signal-exit@^4.0.1
5398 silly fetch manifest @isaacs/cliui@^8.0.2
5399 silly fetch manifest @pkgjs/parseargs@^0.11.0
5400 silly fetch manifest lru-cache@^10.2.0
5401 http fetch GET 200 https://registry.npmjs.org/@isaacs%2fcliui 35ms (cache revalidated)
5402 http fetch GET 200 https://registry.npmjs.org/@pkgjs%2fparseargs 56ms (cache revalidated)
5403 timing idealTree:node_modules/sucrase/node_modules/glob Completed in 65ms
5404 silly placeDep node_modules/foreground-child signal-exit@4.1.0 OK for: foreground-child@3.3.1 want: ^4.0.1
5405 timing idealTree:node_modules/foreground-child Completed in 1ms
5406 silly placeDep ROOT @isaacs/cliui@8.0.2 OK for: jackspeak@3.4.3 want: ^8.0.2
5407 silly placeDep ROOT @pkgjs/parseargs@0.11.0 OK for: jackspeak@3.4.3 want: ^0.11.0
5408 silly fetch manifest string-width@^5.1.2
5409 silly fetch manifest string-width-cjs@npm:string-width@^4.2.0
5410 silly fetch manifest strip-ansi-cjs@npm:strip-ansi@^6.0.1
5411 silly fetch manifest wrap-ansi@^8.1.0
5412 silly fetch manifest wrap-ansi-cjs@npm:wrap-ansi@^7.0.0
5413 timing idealTree:node_modules/jackspeak Completed in 7ms
5414 silly placeDep node_modules/@isaacs/cliui string-width@5.1.2 OK for: @isaacs/cliui@8.0.2 want: ^5.1.2
5415 silly placeDep ROOT string-width-cjs@4.2.3 OK for: @isaacs/cliui@8.0.2 want: npm:string-width@^4.2.0
5416 silly placeDep node_modules/@isaacs/cliui strip-ansi@7.1.2 OK for: @isaacs/cliui@8.0.2 want: ^7.0.1
5417 silly placeDep ROOT strip-ansi-cjs@6.0.1 OK for: @isaacs/cliui@8.0.2 want: npm:strip-ansi@^6.0.1
5418 silly placeDep node_modules/@isaacs/cliui wrap-ansi@8.1.0 OK for: @isaacs/cliui@8.0.2 want: ^8.1.0
5419 silly placeDep ROOT wrap-ansi-cjs@7.0.0 OK for: @isaacs/cliui@8.0.2 want: npm:wrap-ansi@^7.0.0
5420 silly fetch manifest eastasianwidth@^0.2.0
5421 silly fetch manifest ansi-styles@^6.1.0
5422 http fetch GET 200 https://registry.npmjs.org/eastasianwidth 23ms (cache revalidated)
5423 timing idealTree:node_modules/@isaacs/cliui Completed in 34ms
5424 timing idealTree:node_modules/@pkgjs/parseargs Completed in 0ms
5425 timing idealTree:node_modules/package-json-from-dist Completed in 0ms
5426 silly placeDep node_modules/path-scurry lru-cache@10.4.3 OK for: path-scurry@1.11.1 want: ^10.2.0
5427 timing idealTree:node_modules/path-scurry Completed in 2ms
5428 silly placeDep node_modules/string-width-cjs emoji-regex@8.0.0 OK for: string-width@4.2.3 want: ^8.0.0
5429 timing idealTree:node_modules/string-width-cjs Completed in 1ms
5430 timing idealTree:node_modules/strip-ansi-cjs Completed in 0ms
5431 silly placeDep node_modules/wrap-ansi-cjs ansi-styles@4.3.0 OK for: wrap-ansi@7.0.0 want: ^4.0.0
5432 timing idealTree:node_modules/wrap-ansi-cjs Completed in 1ms
5433 silly placeDep ROOT eastasianwidth@0.2.0 OK for: string-width@5.1.2 want: ^0.2.0
5434 timing idealTree:node_modules/@isaacs/cliui/node_modules/string-width Completed in 2ms
5435 timing idealTree:node_modules/eastasianwidth Completed in 0ms
5436 silly placeDep node_modules/@isaacs/cliui ansi-regex@6.2.2 OK for: strip-ansi@7.1.2 want: ^6.0.1
5437 timing idealTree:node_modules/@isaacs/cliui/node_modules/strip-ansi Completed in 0ms
5438 timing idealTree:node_modules/@isaacs/cliui/node_modules/ansi-regex Completed in 1ms
5439 silly placeDep node_modules/@isaacs/cliui ansi-styles@6.2.3 OK for: wrap-ansi@8.1.0 want: ^6.1.0
5440 timing idealTree:node_modules/@isaacs/cliui/node_modules/wrap-ansi Completed in 0ms
5441 timing idealTree:node_modules/@isaacs/cliui/node_modules/ansi-styles Completed in 0ms
5442 timing idealTree:node_modules/foreground-child/node_modules/signal-exit Completed in 0ms
5443 timing idealTree:node_modules/path-scurry/node_modules/lru-cache Completed in 0ms
5444 timing idealTree:node_modules/string-width-cjs/node_modules/emoji-regex Completed in 0ms
5445 silly placeDep node_modules/sucrase brace-expansion@2.0.2 OK for: minimatch@9.0.5 want: ^2.0.1
5446 timing idealTree:node_modules/sucrase/node_modules/minimatch Completed in 3ms
5447 timing idealTree:node_modules/sucrase/node_modules/brace-expansion Completed in 0ms
5448 silly placeDep node_modules/svgo ansi-styles@3.2.1 OK for: chalk@2.4.2 want: ^3.2.1
5449 silly placeDep node_modules/svgo escape-string-regexp@1.0.5 OK for: chalk@2.4.2 want: ^1.0.5
5450 silly placeDep node_modules/svgo supports-color@5.5.0 OK for: chalk@2.4.2 want: ^5.3.0
5451 timing idealTree:node_modules/svgo/node_modules/chalk Completed in 3ms
5452 silly placeDep node_modules/svgo color-convert@1.9.3 OK for: ansi-styles@3.2.1 want: ^1.9.0
5453 timing idealTree:node_modules/svgo/node_modules/ansi-styles Completed in 1ms
5454 silly placeDep node_modules/svgo color-name@1.1.3 OK for: color-convert@1.9.3 want: 1.1.3
5455 timing idealTree:node_modules/svgo/node_modules/color-convert Completed in 1ms
5456 timing idealTree:node_modules/svgo/node_modules/color-name Completed in 0ms
5457 silly placeDep node_modules/svgo css-what@3.4.2 OK for: css-select@2.1.0 want: ^3.2.1
5458 silly placeDep node_modules/svgo domutils@1.7.0 OK for: css-select@2.1.0 want: ^1.7.0
5459 silly placeDep node_modules/svgo nth-check@1.0.2 OK for: css-select@2.1.0 want: ^1.0.2
5460 silly fetch manifest dom-serializer@0
5461 silly fetch manifest domelementtype@1
5462 timing idealTree:node_modules/svgo/node_modules/css-select Completed in 4ms
5463 timing idealTree:node_modules/svgo/node_modules/css-what Completed in 0ms
5464 silly placeDep node_modules/svgo dom-serializer@0.2.2 OK for: domutils@1.7.0 want: 0
5465 silly placeDep node_modules/svgo/node_modules/domutils domelementtype@1.3.1 OK for: domutils@1.7.0 want: 1
5466 timing idealTree:node_modules/svgo/node_modules/domutils Completed in 2ms
5467 timing idealTree:node_modules/svgo/node_modules/dom-serializer Completed in 0ms
5468 timing idealTree:node_modules/svgo/node_modules/escape-string-regexp Completed in 0ms
5469 timing idealTree:node_modules/svgo/node_modules/nth-check Completed in 0ms
5470 silly placeDep node_modules/svgo has-flag@3.0.0 OK for: supports-color@5.5.0 want: ^3.0.0
5471 timing idealTree:node_modules/svgo/node_modules/supports-color Completed in 0ms
5472 timing idealTree:node_modules/svgo/node_modules/has-flag Completed in 0ms
5473 timing idealTree:node_modules/tailwindcss/node_modules/jiti Completed in 0ms
5474 timing idealTree:node_modules/tailwindcss/node_modules/lilconfig Completed in 0ms
5475 timing idealTree:node_modules/tar/node_modules/mkdirp Completed in 0ms
5476 timing idealTree:node_modules/tar/node_modules/yallist Completed in 0ms
5477 timing idealTree:node_modules/tempy/node_modules/type-fest Completed in 0ms
5478 timing idealTree:node_modules/terser/node_modules/commander Completed in 0ms
5479 timing idealTree:node_modules/tough-cookie/node_modules/universalify Completed in 0ms
5480 timing idealTree:node_modules/tsconfig-paths/node_modules/json5 Completed in 0ms
5481 timing idealTree:node_modules/tsconfig-paths/node_modules/strip-bom Completed in 0ms
5482 timing idealTree:node_modules/tsutils/node_modules/tslib Completed in 0ms
5483 timing idealTree:node_modules/v8-to-istanbul/node_modules/convert-source-map Completed in 0ms
5484 timing idealTree:node_modules/webpack-dev-server/node_modules/ws Completed in 0ms
5485 silly placeDep ROOT source-list-map@2.0.1 OK for: webpack-sources@2.3.1 want: ^2.0.1
5486 silly placeDep node_modules/webpack-manifest-plugin source-map@0.6.1 OK for: webpack-sources@2.3.1 want: ^0.6.1
5487 timing idealTree:node_modules/webpack-manifest-plugin/node_modules/webpack-sources Completed in 3ms
5488 timing idealTree:node_modules/source-list-map Completed in 0ms
5489 timing idealTree:node_modules/webpack-manifest-plugin/node_modules/source-map Completed in 0ms
5490 silly placeDep node_modules/webpack estraverse@4.3.0 OK for: eslint-scope@5.1.1 want: ^4.1.1
5491 timing idealTree:node_modules/webpack/node_modules/eslint-scope Completed in 0ms
5492 timing idealTree:node_modules/webpack/node_modules/estraverse Completed in 0ms
5493 timing idealTree:node_modules/whatwg-encoding/node_modules/iconv-lite Completed in 0ms
5494 silly placeDep ROOT json-schema@0.4.0 OK for: @apideck/better-ajv-errors@0.3.6 want: ^0.4.0
5495 silly placeDep ROOT jsonpointer@5.0.1 OK for: @apideck/better-ajv-errors@0.3.6 want: ^5.0.0
5496 timing idealTree:node_modules/workbox-build/node_modules/@apideck/better-ajv-errors Completed in 4ms
5497 timing idealTree:node_modules/json-schema Completed in 0ms
5498 timing idealTree:node_modules/jsonpointer Completed in 0ms
5499 silly placeDep node_modules/workbox-build json-schema-traverse@1.0.0 OK for: ajv@8.17.1 want: ^1.0.0
5500 timing idealTree:node_modules/workbox-build/node_modules/ajv Completed in 1ms
5501 timing idealTree:node_modules/workbox-build/node_modules/fs-extra Completed in 0ms
5502 timing idealTree:node_modules/workbox-build/node_modules/json-schema-traverse Completed in 0ms
5503 silly placeDep node_modules/workbox-build whatwg-url@7.1.0 OK for: source-map@0.8.0-beta.0 want: ^7.0.0
5504 silly fetch manifest tr46@^1.0.1
5505 silly fetch manifest lodash.sortby@^4.7.0
5506 silly fetch manifest webidl-conversions@^4.0.2
5507 http fetch GET 200 https://registry.npmjs.org/lodash.sortby 29ms (cache revalidated)
5508 timing idealTree:node_modules/workbox-build/node_modules/source-map Completed in 32ms
5509 silly placeDep ROOT lodash.sortby@4.7.0 OK for: whatwg-url@7.1.0 want: ^4.7.0
5510 silly placeDep node_modules/workbox-build tr46@1.0.1 OK for: whatwg-url@7.1.0 want: ^1.0.1
5511 silly placeDep node_modules/workbox-build webidl-conversions@4.0.2 OK for: whatwg-url@7.1.0 want: ^4.0.2
5512 timing idealTree:node_modules/workbox-build/node_modules/whatwg-url Completed in 5ms
5513 timing idealTree:node_modules/lodash.sortby Completed in 0ms
5514 timing idealTree:node_modules/workbox-build/node_modules/tr46 Completed in 0ms
5515 timing idealTree:node_modules/workbox-build/node_modules/webidl-conversions Completed in 0ms
5516 silly placeDep node_modules/workbox-webpack-plugin source-map@0.6.1 OK for: webpack-sources@1.4.3 want: ~0.6.1
5517 timing idealTree:node_modules/workbox-webpack-plugin/node_modules/webpack-sources Completed in 1ms
5518 timing idealTree:node_modules/workbox-webpack-plugin/node_modules/source-map Completed in 0ms
5519 timing idealTree:node_modules/wrap-ansi-cjs/node_modules/ansi-styles Completed in 0ms
5520 timing idealTree:node_modules/wrap-ansi/node_modules/ansi-styles Completed in 0ms
5521 timing idealTree:node_modules/jest-watch-typeahead/node_modules/@jest/console/node_modules/slash Completed in 0ms
5522 timing idealTree:node_modules/jest-watch-typeahead/node_modules/jest-message-util/node_modules/slash Completed in 0ms
5523 silly placeDep node_modules/jest-watch-typeahead/node_modules/jest-watcher strip-ansi@6.0.1 OK for: string-length@4.0.2 want: ^6.0.0
5524 timing idealTree:node_modules/jest-watch-typeahead/node_modules/jest-watcher/node_modules/string-length Completed in 1ms
5525 timing idealTree:node_modules/jest-watch-typeahead/node_modules/jest-watcher/node_modules/strip-ansi Completed in 0ms
5526 timing idealTree:node_modules/jest-watch-typeahead/node_modules/string-length/node_modules/char-regex Completed in 0ms
5527 timing idealTree:node_modules/jest-watch-typeahead/node_modules/strip-ansi/node_modules/ansi-regex Completed in 0ms
5528 timing idealTree:node_modules/send/node_modules/debug/node_modules/ms Completed in 0ms
5529 timing idealTree:node_modules/svgo/node_modules/domutils/node_modules/domelementtype Completed in 0ms
5530 timing idealTree:buildDeps Completed in 42127ms
5531 timing idealTree:fixDepFlags Completed in 36ms
5532 warn EBADENGINE Unsupported engine {
5532 warn EBADENGINE   package: 'react-router-dom@7.8.2',
5532 warn EBADENGINE   required: { node: '>=20.0.0' },
5532 warn EBADENGINE   current: { node: 'v18.19.1', npm: '9.2.0' }
5532 warn EBADENGINE }
5533 warn EBADENGINE Unsupported engine {
5533 warn EBADENGINE   package: 'react-router@7.8.2',
5533 warn EBADENGINE   required: { node: '>=20.0.0' },
5533 warn EBADENGINE   current: { node: 'v18.19.1', npm: '9.2.0' }
5533 warn EBADENGINE }
5534 timing idealTree Completed in 42206ms
5535 timing reify:loadTrees Completed in 42207ms
5536 timing reify:diffTrees Completed in 18ms
5537 silly reify moves {}
5538 timing reify:retireShallow Completed in 0ms
5539 timing reify:createSparse Completed in 103ms
5540 verbose reify failed optional dependency /home/ubuntu/frontend/node_modules/@tailwindcss/oxide-wasm32-wasi
5541 silly reify mark deleted [ '/home/ubuntu/frontend/node_modules/@tailwindcss/oxide-wasm32-wasi' ]
5542 timing reifyNode:node_modules/@tailwindcss/oxide-wasm32-wasi Completed in 1ms
5543 timing arborist:ctor Completed in 0ms
5544 timing reify:diffTrees Completed in 28ms
5545 timing reify:loadBundles Completed in 35ms
5546 silly audit bulk request {
5546 silly audit   '@tailwindcss/postcss': [ '4.1.13' ],
5546 silly audit   '@testing-library/dom': [ '10.4.1' ],
5546 silly audit   '@testing-library/jest-dom': [ '6.8.0' ],
5546 silly audit   '@testing-library/react': [ '16.3.0' ],
5546 silly audit   react: [ '19.1.1' ],
5546 silly audit   'react-dom': [ '19.1.1' ],
5546 silly audit   '@testing-library/user-event': [ '13.5.0' ],
5546 silly audit   autoprefixer: [ '10.4.21' ],
5546 silly audit   postcss: [ '8.5.6', '7.0.39' ],
5546 silly audit   'framer-motion': [ '12.23.12' ],
5546 silly audit   'react-router-dom': [ '7.8.2' ],
5546 silly audit   'react-scripts': [ '5.0.1' ],
5546 silly audit   tailwindcss: [ '3.4.17', '4.1.13' ],
5546 silly audit   'web-vitals': [ '2.1.4' ],
5546 silly audit   '@alloc/quick-lru': [ '5.2.0' ],
5546 silly audit   '@tailwindcss/node': [ '4.1.13' ],
5546 silly audit   '@tailwindcss/oxide': [ '4.1.13' ],
5546 silly audit   '@jridgewell/remapping': [ '2.3.5' ],
5546 silly audit   'enhanced-resolve': [ '5.18.3' ],
5546 silly audit   jiti: [ '2.5.1', '1.21.7' ],
5546 silly audit   lightningcss: [ '1.30.1' ],
5546 silly audit   'magic-string': [ '0.30.19', '0.25.9' ],
5546 silly audit   'source-map-js': [ '1.2.1' ],
5546 silly audit   '@jridgewell/gen-mapping': [ '0.3.13' ],
5546 silly audit   '@jridgewell/trace-mapping': [ '0.3.31' ],
5546 silly audit   '@jridgewell/sourcemap-codec': [ '1.5.5' ],
5546 silly audit   '@jridgewell/resolve-uri': [ '3.1.2' ],
5546 silly audit   '@tailwindcss/oxide-android-arm64': [ '4.1.13' ],
5546 silly audit   '@tailwindcss/oxide-darwin-arm64': [ '4.1.13' ],
5546 silly audit   '@tailwindcss/oxide-darwin-x64': [ '4.1.13' ],
5546 silly audit   '@tailwindcss/oxide-freebsd-x64': [ '4.1.13' ],
5546 silly audit   '@tailwindcss/oxide-linux-arm-gnueabihf': [ '4.1.13' ],
5546 silly audit   '@tailwindcss/oxide-linux-arm64-gnu': [ '4.1.13' ],
5546 silly audit   '@tailwindcss/oxide-linux-arm64-musl': [ '4.1.13' ],
5546 silly audit   '@tailwindcss/oxide-linux-x64-gnu': [ '4.1.13' ],
5546 silly audit   '@tailwindcss/oxide-linux-x64-musl': [ '4.1.13' ],
5546 silly audit   '@tailwindcss/oxide-win32-arm64-msvc': [ '4.1.13' ],
5546 silly audit   '@tailwindcss/oxide-win32-x64-msvc': [ '4.1.13' ],
5546 silly audit   'detect-libc': [ '2.0.4' ],
5546 silly audit   tar: [ '7.4.3' ],
5546 silly audit   '@babel/code-frame': [ '7.27.1' ],
5546 silly audit   '@babel/runtime': [ '7.28.4' ],
5546 silly audit   '@types/aria-query': [ '5.0.4' ],
5546 silly audit   'aria-query': [ '5.3.0', '5.3.2' ],
5546 silly audit   'dom-accessibility-api': [ '0.5.16', '0.6.3' ],
5546 silly audit   'lz-string': [ '1.5.0' ],
5546 silly audit   picocolors: [ '1.1.1', '0.2.1' ],
5546 silly audit   'pretty-format': [ '27.5.1', '28.1.3' ],
5546 silly audit   '@babel/helper-validator-identifier': [ '7.27.1' ],
5546 silly audit   'js-tokens': [ '4.0.0' ],
5546 silly audit   '@adobe/css-tools': [ '4.4.4' ],
5546 silly audit   'css.escape': [ '1.5.1' ],
5546 silly audit   redent: [ '3.0.0' ],
5546 silly audit   dequal: [ '2.0.3' ],
5546 silly audit   browserslist: [ '4.25.4' ],
5546 silly audit   'caniuse-lite': [ '1.0.30001741' ],
5546 silly audit   'fraction.js': [ '4.3.7' ],
5546 silly audit   'normalize-range': [ '0.1.2' ],
5546 silly audit   'postcss-value-parser': [ '4.2.0' ],
5546 silly audit   'electron-to-chromium': [ '1.5.216' ],
5546 silly audit   'node-releases': [ '2.0.20' ],
5546 silly audit   'update-browserslist-db': [ '1.1.3' ],
5546 silly audit   'graceful-fs': [ '4.2.11' ],
5546 silly audit   tapable: [ '2.2.3', '1.1.3' ],
5546 silly audit   'motion-dom': [ '12.23.12' ],
5546 silly audit   'motion-utils': [ '12.23.6' ],
5546 silly audit   tslib: [ '2.8.1', '1.14.1' ],
5546 silly audit   'lightningcss-darwin-arm64': [ '1.30.1' ],
5546 silly audit   'lightningcss-darwin-x64': [ '1.30.1' ],
5546 silly audit   'lightningcss-freebsd-x64': [ '1.30.1' ],
5546 silly audit   'lightningcss-linux-arm-gnueabihf': [ '1.30.1' ],
5546 silly audit   'lightningcss-linux-arm64-gnu': [ '1.30.1' ],
5546 silly audit   'lightningcss-linux-arm64-musl': [ '1.30.1' ],
5546 silly audit   'lightningcss-linux-x64-gnu': [ '1.30.1' ],
5546 silly audit   'lightningcss-linux-x64-musl': [ '1.30.1' ],
5546 silly audit   'lightningcss-win32-arm64-msvc': [ '1.30.1' ],
5546 silly audit   'lightningcss-win32-x64-msvc': [ '1.30.1' ],
5546 silly audit   nanoid: [ '3.3.11' ],
5546 silly audit   'ansi-regex': [ '5.0.1', '6.2.2' ],
5546 silly audit   'ansi-styles': [ '5.2.0', '4.3.0', '3.2.1', '6.2.3' ],
5546 silly audit   'react-is': [ '17.0.2', '16.13.1', '18.3.1' ],
5546 silly audit   scheduler: [ '0.26.0' ],
5546 silly audit   'react-router': [ '7.8.2' ],
5546 silly audit   cookie: [ '1.0.2', '0.7.1' ],
5546 silly audit   'set-cookie-parser': [ '2.7.1' ],
5546 silly audit   '@babel/core': [ '7.28.4' ],
5546 silly audit   '@pmmmwh/react-refresh-webpack-plugin': [ '0.5.17' ],
5546 silly audit   webpack: [ '5.101.3' ],
5546 silly audit   'react-refresh': [ '0.11.0' ],
5546 silly audit   '@svgr/webpack': [ '5.5.0' ],
5546 silly audit   'babel-jest': [ '27.5.1' ],
5546 silly audit   'babel-loader': [ '8.4.1' ],
5546 silly audit   'babel-plugin-named-asset-import': [ '0.3.8' ],
5546 silly audit   'babel-preset-react-app': [ '10.1.0' ],
5546 silly audit   bfj: [ '7.1.0' ],
5546 silly audit   camelcase: [ '6.3.0', '5.3.1' ],
5546 silly audit   'case-sensitive-paths-webpack-plugin': [ '2.4.0' ],
5546 silly audit   'css-loader': [ '6.11.0' ],
5546 silly audit   'css-minimizer-webpack-plugin': [ '3.4.1' ],
5546 silly audit   dotenv: [ '10.0.0' ],
5546 silly audit   'dotenv-expand': [ '5.1.0' ],
5546 silly audit   eslint: [ '8.57.1' ],
5546 silly audit   'eslint-config-react-app': [ '7.0.1' ],
5546 silly audit   'eslint-webpack-plugin': [ '3.2.0' ],
5546 silly audit   'file-loader': [ '6.2.0' ],
5546 silly audit   'fs-extra': [ '10.1.0', '9.1.0' ],
5546 silly audit   fsevents: [ '2.3.3' ],
5546 silly audit   'html-webpack-plugin': [ '5.6.4' ],
5546 silly audit   'identity-obj-proxy': [ '3.0.0' ],
5546 silly audit   jest: [ '27.5.1' ],
5546 silly audit   'jest-resolve': [ '27.5.1' ],
5546 silly audit   'jest-watch-typeahead': [ '1.1.0' ],
5546 silly audit   'mini-css-extract-plugin': [ '2.9.4' ],
5546 silly audit   'postcss-flexbugs-fixes': [ '5.0.2' ],
5546 silly audit   'postcss-loader': [ '6.2.1' ],
5546 silly audit   'postcss-normalize': [ '10.0.1' ],
5546 silly audit   'postcss-preset-env': [ '7.8.3' ],
5546 silly audit   prompts: [ '2.4.2' ],
5546 silly audit   'react-app-polyfill': [ '3.0.0' ],
5546 silly audit   'react-dev-utils': [ '12.0.1' ],
5546 silly audit   resolve: [ '1.22.10', '2.0.0-next.5' ],
5546 silly audit   'resolve-url-loader': [ '4.0.0' ],
5546 silly audit   'sass-loader': [ '12.6.0' ],
5546 silly audit   semver: [ '7.7.2', '6.3.1' ],
5546 silly audit   'source-map-loader': [ '3.0.2' ],
5546 silly audit   'style-loader': [ '3.3.4' ],
5546 silly audit   'terser-webpack-plugin': [ '5.3.14' ],
5546 silly audit   'webpack-dev-server': [ '4.15.2' ],
5546 silly audit   'webpack-manifest-plugin': [ '4.1.1' ],
5546 silly audit   'workbox-webpack-plugin': [ '6.6.0' ],
5546 silly audit   '@babel/generator': [ '7.28.3' ],
5546 silly audit   '@babel/helper-compilation-targets': [ '7.27.2' ],
5546 silly audit   '@babel/helper-module-transforms': [ '7.28.3' ],
5546 silly audit   '@babel/helpers': [ '7.28.4' ],
5546 silly audit   '@babel/parser': [ '7.28.4' ],
5546 silly audit   '@babel/template': [ '7.27.2' ],
5546 silly audit   '@babel/traverse': [ '7.28.4' ],
5546 silly audit   '@babel/types': [ '7.28.4' ],
5546 silly audit   'convert-source-map': [ '2.0.0', '1.9.0' ],
5546 silly audit   debug: [ '4.4.1', '3.2.7', '2.6.9' ],
5546 silly audit   gensync: [ '1.0.0-beta.2' ],
5546 silly audit   json5: [ '2.2.3', '1.0.2' ],
5546 silly audit   jsesc: [ '3.1.0', '3.0.2' ],
5546 silly audit   '@babel/compat-data': [ '7.28.4' ],
5546 silly audit   '@babel/helper-validator-option': [ '7.27.1' ],
5546 silly audit   'lru-cache': [ '5.1.1', '10.4.3' ],
5546 silly audit   '@babel/helper-module-imports': [ '7.27.1' ],
5546 silly audit   '@babel/helper-globals': [ '7.28.0' ],
5546 silly audit   '@babel/helper-string-parser': [ '7.27.1' ],
5546 silly audit   'ansi-html': [ '0.0.9' ],
5546 silly audit   'core-js-pure': [ '3.45.1' ],
5546 silly audit   'error-stack-parser': [ '2.1.4' ],
5546 silly audit   'html-entities': [ '2.6.0' ],
5546 silly audit   'loader-utils': [ '2.0.4', '3.3.1' ],
5546 silly audit   'schema-utils': [ '4.3.2', '2.7.1', '3.3.0', '2.7.0' ],
5546 silly audit   'source-map': [ '0.7.6', '0.6.1', '0.8.0-beta.0' ],
5546 silly audit   '@babel/plugin-transform-react-constant-elements': [ '7.27.1' ],
5546 silly audit   '@babel/preset-env': [ '7.28.3' ],
5546 silly audit   '@babel/preset-react': [ '7.27.1' ],
5546 silly audit   '@svgr/core': [ '5.5.0' ],
5546 silly audit   '@svgr/plugin-jsx': [ '5.5.0' ],
5546 silly audit   '@svgr/plugin-svgo': [ '5.5.0' ],
5546 silly audit   '@babel/helper-plugin-utils': [ '7.27.1' ],
5546 silly audit   '@babel/plugin-bugfix-firefox-class-in-computed-class-key': [ '7.27.1' ],
5546 silly audit   '@babel/plugin-bugfix-safari-class-field-initializer-scope': [ '7.27.1' ],
5546 silly audit   '@babel/plugin-bugfix-safari-id-destructuring-collision-in-function-expression': [ '7.27.1' ],
5546 silly audit   '@babel/plugin-bugfix-v8-spread-parameters-in-optional-chaining': [ '7.27.1' ],
5546 silly audit   '@babel/plugin-bugfix-v8-static-class-fields-redefine-readonly': [ '7.28.3' ],
5546 silly audit   '@babel/plugin-proposal-private-property-in-object': [ '7.21.0-placeholder-for-preset-env.2', '7.21.11' ],
5546 silly audit   '@babel/plugin-syntax-import-assertions': [ '7.27.1' ],
5546 silly audit   '@babel/plugin-syntax-import-attributes': [ '7.27.1' ],
5546 silly audit   '@babel/plugin-syntax-unicode-sets-regex': [ '7.18.6' ],
5546 silly audit   '@babel/plugin-transform-arrow-functions': [ '7.27.1' ],
5546 silly audit   '@babel/plugin-transform-async-generator-functions': [ '7.28.0' ],
5546 silly audit   '@babel/plugin-transform-async-to-generator': [ '7.27.1' ],
5546 silly audit   '@babel/plugin-transform-block-scoped-functions': [ '7.27.1' ],
5546 silly audit   '@babel/plugin-transform-block-scoping': [ '7.28.4' ],
5546 silly audit   '@babel/plugin-transform-class-properties': [ '7.27.1' ],
5546 silly audit   '@babel/plugin-transform-class-static-block': [ '7.28.3' ],
5546 silly audit   '@babel/plugin-transform-classes': [ '7.28.4' ],
5546 silly audit   '@babel/plugin-transform-computed-properties': [ '7.27.1' ],
5546 silly audit   '@babel/plugin-transform-destructuring': [ '7.28.0' ],
5546 silly audit   '@babel/plugin-transform-dotall-regex': [ '7.27.1' ],
5546 silly audit   '@babel/plugin-transform-duplicate-keys': [ '7.27.1' ],
5546 silly audit   '@babel/plugin-transform-duplicate-named-capturing-groups-regex': [ '7.27.1' ],
5546 silly audit   '@babel/plugin-transform-dynamic-import': [ '7.27.1' ],
5546 silly audit   '@babel/plugin-transform-explicit-resource-management': [ '7.28.0' ],
5546 silly audit   '@babel/plugin-transform-exponentiation-operator': [ '7.27.1' ],
5546 silly audit   '@babel/plugin-transform-export-namespace-from': [ '7.27.1' ],
5546 silly audit   '@babel/plugin-transform-for-of': [ '7.27.1' ],
5546 silly audit   '@babel/plugin-transform-function-name': [ '7.27.1' ],
5546 silly audit   '@babel/plugin-transform-json-strings': [ '7.27.1' ],
5546 silly audit   '@babel/plugin-transform-literals': [ '7.27.1' ],
5546 silly audit   '@babel/plugin-transform-logical-assignment-operators': [ '7.27.1' ],
5546 silly audit   '@babel/plugin-transform-member-expression-literals': [ '7.27.1' ],
5546 silly audit   '@babel/plugin-transform-modules-amd': [ '7.27.1' ],
5546 silly audit   '@babel/plugin-transform-modules-commonjs': [ '7.27.1' ],
5546 silly audit   '@babel/plugin-transform-modules-systemjs': [ '7.27.1' ],
5546 silly audit   '@babel/plugin-transform-modules-umd': [ '7.27.1' ],
5546 silly audit   '@babel/plugin-transform-named-capturing-groups-regex': [ '7.27.1' ],
5546 silly audit   '@babel/plugin-transform-new-target': [ '7.27.1' ],
5546 silly audit   '@babel/plugin-transform-nullish-coalescing-operator': [ '7.27.1' ],
5546 silly audit   '@babel/plugin-transform-numeric-separator': [ '7.27.1' ],
5546 silly audit   '@babel/plugin-transform-object-rest-spread': [ '7.28.4' ],
5546 silly audit   '@babel/plugin-transform-object-super': [ '7.27.1' ],
5546 silly audit   '@babel/plugin-transform-optional-catch-binding': [ '7.27.1' ],
5546 silly audit   '@babel/plugin-transform-optional-chaining': [ '7.27.1' ],
5546 silly audit   '@babel/plugin-transform-parameters': [ '7.27.7' ],
5546 silly audit   '@babel/plugin-transform-private-methods': [ '7.27.1' ],
5546 silly audit   '@babel/plugin-transform-private-property-in-object': [ '7.27.1' ],
5546 silly audit   '@babel/plugin-transform-property-literals': [ '7.27.1' ],
5546 silly audit   '@babel/plugin-transform-regenerator': [ '7.28.4' ],
5546 silly audit   '@babel/plugin-transform-regexp-modifiers': [ '7.27.1' ],
5546 silly audit   '@babel/plugin-transform-reserved-words': [ '7.27.1' ],
5546 silly audit   '@babel/plugin-transform-shorthand-properties': [ '7.27.1' ],
5546 silly audit   '@babel/plugin-transform-spread': [ '7.27.1' ],
5546 silly audit   '@babel/plugin-transform-sticky-regex': [ '7.27.1' ],
5546 silly audit   '@babel/plugin-transform-template-literals': [ '7.27.1' ],
5546 silly audit   '@babel/plugin-transform-typeof-symbol': [ '7.27.1' ],
5546 silly audit   '@babel/plugin-transform-unicode-escapes': [ '7.27.1' ],
5546 silly audit   '@babel/plugin-transform-unicode-property-regex': [ '7.27.1' ],
5546 silly audit   '@babel/plugin-transform-unicode-regex': [ '7.27.1' ],
5546 silly audit   '@babel/plugin-transform-unicode-sets-regex': [ '7.27.1' ],
5546 silly audit   '@babel/preset-modules': [ '0.1.6-no-external-plugins' ],
5546 silly audit   'babel-plugin-polyfill-corejs2': [ '0.4.14' ],
5546 silly audit   'babel-plugin-polyfill-corejs3': [ '0.13.0' ],
5546 silly audit   'babel-plugin-polyfill-regenerator': [ '0.6.5' ],
5546 silly audit   'core-js-compat': [ '3.45.1' ],
5546 silly audit   '@babel/helper-skip-transparent-expression-wrappers': [ '7.27.1' ],
5546 silly audit   '@babel/helper-create-regexp-features-plugin': [ '7.27.1' ],
5546 silly audit   '@babel/helper-annotate-as-pure': [ '7.27.3' ],
5546 silly audit   'regexpu-core': [ '6.3.1' ],
5546 silly audit   '@babel/helper-remap-async-to-generator': [ '7.27.1' ],
5546 silly audit   '@babel/helper-wrap-function': [ '7.28.3' ],
5546 silly audit   '@babel/helper-create-class-features-plugin': [ '7.28.3' ],
5546 silly audit   '@babel/helper-member-expression-to-functions': [ '7.27.1' ],
5546 silly audit   '@babel/helper-optimise-call-expression': [ '7.27.1' ],
5546 silly audit   '@babel/helper-replace-supers': [ '7.27.1' ],
5546 silly audit   esutils: [ '2.0.3' ],
5546 silly audit   '@babel/plugin-transform-react-display-name': [ '7.28.0' ],
5546 silly audit   '@babel/plugin-transform-react-jsx': [ '7.27.1' ],
5546 silly audit   '@babel/plugin-transform-react-jsx-development': [ '7.27.1' ],
5546 silly audit   '@babel/plugin-transform-react-pure-annotations': [ '7.27.1' ],
5546 silly audit   '@babel/plugin-syntax-jsx': [ '7.27.1' ],
5546 silly audit   cosmiconfig: [ '7.1.0', '6.0.0' ],
5546 silly audit   '@svgr/babel-preset': [ '5.5.0' ],
5546 silly audit   '@svgr/hast-util-to-babel-ast': [ '5.5.0' ],
5546 silly audit   'svg-parser': [ '2.0.4' ],
5546 silly audit   '@svgr/babel-plugin-add-jsx-attribute': [ '5.4.0' ],
5546 silly audit   '@svgr/babel-plugin-remove-jsx-attribute': [ '5.4.0' ],
5546 silly audit   '@svgr/babel-plugin-remove-jsx-empty-expression': [ '5.0.1' ],
5546 silly audit   '@svgr/babel-plugin-replace-jsx-attribute-value': [ '5.0.1' ],
5546 silly audit   '@svgr/babel-plugin-svg-dynamic-title': [ '5.4.0' ],
5546 silly audit   '@svgr/babel-plugin-svg-em-dimensions': [ '5.4.0' ],
5546 silly audit   '@svgr/babel-plugin-transform-react-native-svg': [ '5.4.0' ],
5546 silly audit   '@svgr/babel-plugin-transform-svg-component': [ '5.5.0' ],
5546 silly audit   deepmerge: [ '4.3.1' ],
5546 silly audit   svgo: [ '1.3.2', '2.8.0' ],
5546 silly audit   '@jest/transform': [ '27.5.1' ],
5546 silly audit   '@jest/types': [ '27.5.1', '28.1.3' ],
5546 silly audit   '@types/babel__core': [ '7.20.5' ],
5546 silly audit   'babel-plugin-istanbul': [ '6.1.1' ],
5546 silly audit   'babel-preset-jest': [ '27.5.1' ],
5546 silly audit   chalk: [ '4.1.2', '2.4.2' ],
5546 silly audit   slash: [ '3.0.0', '4.0.0' ],
5546 silly audit   'fast-json-stable-stringify': [ '2.1.0' ],
5546 silly audit   'jest-haste-map': [ '27.5.1' ],
5546 silly audit   'jest-regex-util': [ '27.5.1', '28.0.2' ],
5546 silly audit   'jest-util': [ '27.5.1', '28.1.3' ],
5546 silly audit   micromatch: [ '4.0.8' ],
5546 silly audit   pirates: [ '4.0.7' ],
5546 silly audit   'write-file-atomic': [ '3.0.3' ],
5546 silly audit   '@types/istanbul-lib-coverage': [ '2.0.6' ],
5546 silly audit   '@types/istanbul-reports': [ '3.0.4' ],
5546 silly audit   '@types/node': [ '24.3.1' ],
5546 silly audit   '@types/yargs': [ '16.0.9', '17.0.33' ],
5546 silly audit   '@types/babel__generator': [ '7.27.0' ],
5546 silly audit   '@types/babel__template': [ '7.4.4' ],
5546 silly audit   '@types/babel__traverse': [ '7.28.0' ],
5546 silly audit   '@types/istanbul-lib-report': [ '3.0.3' ],
5546 silly audit   'undici-types': [ '7.10.0' ],
5546 silly audit   '@types/yargs-parser': [ '21.0.3' ],
5546 silly audit   'find-cache-dir': [ '3.3.2' ],
5546 silly audit   'make-dir': [ '3.1.0', '4.0.0' ],
5546 silly audit   '@istanbuljs/load-nyc-config': [ '1.1.0' ],
5546 silly audit   '@istanbuljs/schema': [ '0.1.3' ],
5546 silly audit   'istanbul-lib-instrument': [ '5.2.1' ],
5546 silly audit   'test-exclude': [ '6.0.0' ],
5546 silly audit   'find-up': [ '4.1.0', '5.0.0', '3.0.0' ],
5546 silly audit   'get-package-type': [ '0.1.0' ],
5546 silly audit   'js-yaml': [ '3.14.1', '4.1.0' ],
5546 silly audit   'resolve-from': [ '5.0.0', '4.0.0' ],
5546 silly audit   '@babel/helper-define-polyfill-provider': [ '0.6.5' ],
5546 silly audit   'lodash.debounce': [ '4.0.8' ],
5546 silly audit   'babel-plugin-jest-hoist': [ '27.5.1' ],
5546 silly audit   'babel-preset-current-node-syntax': [ '1.2.0' ],
5546 silly audit   '@babel/plugin-syntax-async-generators': [ '7.8.4' ],
5546 silly audit   '@babel/plugin-syntax-bigint': [ '7.8.3' ],
5546 silly audit   '@babel/plugin-syntax-class-properties': [ '7.12.13' ],
5546 silly audit   '@babel/plugin-syntax-class-static-block': [ '7.14.5' ],
5546 silly audit   '@babel/plugin-syntax-import-meta': [ '7.10.4' ],
5546 silly audit   '@babel/plugin-syntax-json-strings': [ '7.8.3' ],
5546 silly audit   '@babel/plugin-syntax-logical-assignment-operators': [ '7.10.4' ],
5546 silly audit   '@babel/plugin-syntax-nullish-coalescing-operator': [ '7.8.3' ],
5546 silly audit   '@babel/plugin-syntax-numeric-separator': [ '7.10.4' ],
5546 silly audit   '@babel/plugin-syntax-object-rest-spread': [ '7.8.3' ],
5546 silly audit   '@babel/plugin-syntax-optional-catch-binding': [ '7.8.3' ],
5546 silly audit   '@babel/plugin-syntax-optional-chaining': [ '7.8.3' ],
5546 silly audit   '@babel/plugin-syntax-private-property-in-object': [ '7.14.5' ],
5546 silly audit   '@babel/plugin-syntax-top-level-await': [ '7.14.5' ],
5546 silly audit   '@babel/plugin-proposal-class-properties': [ '7.18.6' ],
5546 silly audit   '@babel/plugin-proposal-decorators': [ '7.28.0' ],
5546 silly audit   '@babel/plugin-proposal-nullish-coalescing-operator': [ '7.18.6' ],
5546 silly audit   '@babel/plugin-proposal-numeric-separator': [ '7.18.6' ],
5546 silly audit   '@babel/plugin-proposal-optional-chaining': [ '7.21.0' ],
5546 silly audit   '@babel/plugin-proposal-private-methods': [ '7.18.6' ],
5546 silly audit   '@babel/plugin-transform-flow-strip-types': [ '7.27.1' ],
5546 silly audit   '@babel/plugin-transform-runtime': [ '7.28.3' ],
5546 silly audit   '@babel/preset-typescript': [ '7.27.1' ],
5546 silly audit   'babel-plugin-macros': [ '3.1.0' ],
5546 silly audit   'babel-plugin-transform-react-remove-prop-types': [ '0.4.24' ],
5546 silly audit   '@babel/plugin-syntax-decorators': [ '7.27.1' ],
5546 silly audit   '@babel/plugin-syntax-flow': [ '7.27.1' ],
5546 silly audit   '@babel/plugin-transform-typescript': [ '7.28.0' ],
5546 silly audit   '@babel/plugin-syntax-typescript': [ '7.27.1' ],
5546 silly audit   bluebird: [ '3.7.2' ],
5546 silly audit   'check-types': [ '11.2.3' ],
5546 silly audit   hoopy: [ '0.1.4' ],
5546 silly audit   jsonpath: [ '1.1.1' ],
5546 silly audit   tryer: [ '1.0.1' ],
5546 silly audit   'supports-color': [ '7.2.0', '8.1.1', '5.5.0' ],
5546 silly audit   '@types/parse-json': [ '4.0.2' ],
5546 silly audit   'import-fresh': [ '3.3.1' ],
5546 silly audit   'parse-json': [ '5.2.0' ],
5546 silly audit   'path-type': [ '4.0.0' ],
5546 silly audit   yaml: [ '1.10.2', '2.8.1' ],
5546 silly audit   'icss-utils': [ '5.1.0' ],
5546 silly audit   'postcss-modules-extract-imports': [ '3.1.0' ],
5546 silly audit   'postcss-modules-local-by-default': [ '4.2.0' ],
5546 silly audit   'postcss-modules-scope': [ '3.2.1' ],
5546 silly audit   'postcss-modules-values': [ '4.0.0' ],
5546 silly audit   cssnano: [ '5.1.15' ],
5546 silly audit   'jest-worker': [ '27.5.1', '28.1.3', '26.6.2' ],
5546 silly audit   'serialize-javascript': [ '6.0.2', '4.0.0' ],
5546 silly audit   'cssnano-preset-default': [ '5.2.14' ],
5546 silly audit   lilconfig: [ '2.1.0', '3.1.3' ],
5546 silly audit   'css-declaration-sorter': [ '6.4.1' ],
5546 silly audit   'cssnano-utils': [ '3.1.0' ],
5546 silly audit   'postcss-calc': [ '8.2.4' ],
5546 silly audit   'postcss-colormin': [ '5.3.1' ],
5546 silly audit   'postcss-convert-values': [ '5.1.3' ],
5546 silly audit   'postcss-discard-comments': [ '5.1.2' ],
5546 silly audit   'postcss-discard-duplicates': [ '5.1.0' ],
5546 silly audit   'postcss-discard-empty': [ '5.1.1' ],
5546 silly audit   'postcss-discard-overridden': [ '5.1.0' ],
5546 silly audit   'postcss-merge-longhand': [ '5.1.7' ],
5546 silly audit   'postcss-merge-rules': [ '5.1.4' ],
5546 silly audit   'postcss-minify-font-values': [ '5.1.0' ],
5546 silly audit   'postcss-minify-gradients': [ '5.1.1' ],
5546 silly audit   'postcss-minify-params': [ '5.1.4' ],
5546 silly audit   'postcss-minify-selectors': [ '5.2.1' ],
5546 silly audit   'postcss-normalize-charset': [ '5.1.0' ],
5546 silly audit   'postcss-normalize-display-values': [ '5.1.0' ],
5546 silly audit   'postcss-normalize-positions': [ '5.1.1' ],
5546 silly audit   'postcss-normalize-repeat-style': [ '5.1.1' ],
5546 silly audit   'postcss-normalize-string': [ '5.1.0' ],
5546 silly audit   'postcss-normalize-timing-functions': [ '5.1.0' ],
5546 silly audit   'postcss-normalize-unicode': [ '5.1.1' ],
5546 silly audit   'postcss-normalize-url': [ '5.1.0' ],
5546 silly audit   'postcss-normalize-whitespace': [ '5.1.1' ],
5546 silly audit   'postcss-ordered-values': [ '5.1.3' ],
5546 silly audit   'postcss-reduce-initial': [ '5.1.2' ],
5546 silly audit   'postcss-reduce-transforms': [ '5.1.0' ],
5546 silly audit   'postcss-svgo': [ '5.1.0' ],
5546 silly audit   'postcss-unique-selectors': [ '5.1.1' ],
5546 silly audit   ms: [ '2.1.3', '2.0.0' ],
5546 silly audit   stackframe: [ '1.3.4' ],
5546 silly audit   '@eslint-community/eslint-utils': [ '4.9.0' ],
5546 silly audit   '@eslint-community/regexpp': [ '4.12.1' ],
5546 silly audit   '@eslint/eslintrc': [ '2.1.4' ],
5546 silly audit   '@eslint/js': [ '8.57.1' ],
5546 silly audit   '@humanwhocodes/config-array': [ '0.13.0' ],
5546 silly audit   '@humanwhocodes/module-importer': [ '1.0.1' ],
5546 silly audit   '@nodelib/fs.walk': [ '1.2.8' ],
5546 silly audit   '@ungap/structured-clone': [ '1.3.0' ],
5546 silly audit   ajv: [ '6.12.6', '8.17.1' ],
5546 silly audit   'cross-spawn': [ '7.0.6' ],
5546 silly audit   doctrine: [ '3.0.0', '2.1.0' ],
5546 silly audit   'escape-string-regexp': [ '4.0.0', '2.0.0', '1.0.5' ],
5546 silly audit   'eslint-scope': [ '7.2.2', '5.1.1' ],
5546 silly audit   'eslint-visitor-keys': [ '3.4.3', '2.1.0' ],
5546 silly audit   espree: [ '9.6.1' ],
5546 silly audit   esquery: [ '1.6.0' ],
5546 silly audit   'fast-deep-equal': [ '3.1.3' ],
5546 silly audit   'file-entry-cache': [ '6.0.1' ],
5546 silly audit   'glob-parent': [ '6.0.2', '5.1.2' ],
5546 silly audit   globals: [ '13.24.0' ],
5546 silly audit   graphemer: [ '1.4.0' ],
5546 silly audit   ignore: [ '5.3.2' ],
5546 silly audit   imurmurhash: [ '0.1.4' ],
5546 silly audit   'is-glob': [ '4.0.3' ],
5546 silly audit   'is-path-inside': [ '3.0.3' ],
5546 silly audit   'json-stable-stringify-without-jsonify': [ '1.0.1' ],
5546 silly audit   levn: [ '0.4.1', '0.3.0' ],
5546 silly audit   'lodash.merge': [ '4.6.2' ],
5546 silly audit   minimatch: [ '3.1.2', '5.1.6', '9.0.5' ],
5546 silly audit   'natural-compare': [ '1.4.0' ],
5546 silly audit   optionator: [ '0.9.4', '0.8.3' ],
5546 silly audit   'strip-ansi': [ '6.0.1', '7.1.2' ],
5546 silly audit   'text-table': [ '0.2.0' ],
5546 silly audit   'strip-json-comments': [ '3.1.1' ],
5546 silly audit   '@humanwhocodes/object-schema': [ '2.0.3' ],
5546 silly audit   '@nodelib/fs.scandir': [ '2.1.5' ],
5546 silly audit   fastq: [ '1.19.1' ],
5546 silly audit   '@nodelib/fs.stat': [ '2.0.5' ],
5546 silly audit   'run-parallel': [ '1.2.0' ],
5546 silly audit   'json-schema-traverse': [ '0.4.1', '1.0.0' ],
5546 silly audit   'uri-js': [ '4.4.1' ],
5546 silly audit   'path-key': [ '3.1.1' ],
5546 silly audit   'shebang-command': [ '2.0.0' ],
5546 silly audit   which: [ '2.0.2', '1.3.1' ],
5546 silly audit   '@babel/eslint-parser': [ '7.28.4' ],
5546 silly audit   '@rushstack/eslint-patch': [ '1.12.0' ],
5546 silly audit   '@typescript-eslint/eslint-plugin': [ '5.62.0' ],
5546 silly audit   '@typescript-eslint/parser': [ '5.62.0' ],
5546 silly audit   'confusing-browser-globals': [ '1.0.11' ],
5546 silly audit   'eslint-plugin-flowtype': [ '8.0.3' ],
5546 silly audit   'eslint-plugin-import': [ '2.32.0' ],
5546 silly audit   'eslint-plugin-jest': [ '25.7.0' ],
5546 silly audit   'eslint-plugin-jsx-a11y': [ '6.10.2' ],
5546 silly audit   'eslint-plugin-react': [ '7.37.5' ],
5546 silly audit   'eslint-plugin-react-hooks': [ '4.6.2' ],
5546 silly audit   'eslint-plugin-testing-library': [ '5.11.1' ],
5546 silly audit   '@nicolo-ribaudo/eslint-scope-5-internals': [ '5.1.1-v1' ],
5546 silly audit   '@typescript-eslint/scope-manager': [ '5.62.0' ],
5546 silly audit   '@typescript-eslint/type-utils': [ '5.62.0' ],
5546 silly audit   '@typescript-eslint/utils': [ '5.62.0' ],
5546 silly audit   'natural-compare-lite': [ '1.4.0' ],
5546 silly audit   tsutils: [ '3.21.0' ],
5546 silly audit   typescript: [ '5.9.2' ],
5546 silly audit   '@typescript-eslint/types': [ '5.62.0' ],
5546 silly audit   '@typescript-eslint/typescript-estree': [ '5.62.0' ],
5546 silly audit   '@typescript-eslint/visitor-keys': [ '5.62.0' ],
5546 silly audit   globby: [ '11.1.0' ],
5546 silly audit   '@types/json-schema': [ '7.0.15' ],
5546 silly audit   '@types/semver': [ '7.7.1' ],
5546 silly audit   lodash: [ '4.17.21' ],
5546 silly audit   'string-natural-compare': [ '3.0.1' ],
5546 silly audit   '@rtsao/scc': [ '1.1.0' ],
5546 silly audit   'array-includes': [ '3.1.9' ],
5546 silly audit   'array.prototype.findlastindex': [ '1.2.6' ],
5546 silly audit   'array.prototype.flat': [ '1.3.3' ],
5546 silly audit   'array.prototype.flatmap': [ '1.3.3' ],
5546 silly audit   'eslint-import-resolver-node': [ '0.3.9' ],
5546 silly audit   'eslint-module-utils': [ '2.12.1' ],
5546 silly audit   hasown: [ '2.0.2' ],
5546 silly audit   'is-core-module': [ '2.16.1' ],
5546 silly audit   'object.fromentries': [ '2.0.8' ],
5546 silly audit   'object.groupby': [ '1.0.3' ],
5546 silly audit   'object.values': [ '1.2.1' ],
5546 silly audit   'string.prototype.trimend': [ '1.0.9' ],
5546 silly audit   'tsconfig-paths': [ '3.15.0' ],
5546 silly audit   'call-bind': [ '1.0.8' ],
5546 silly audit   'call-bound': [ '1.0.4' ],
5546 silly audit   'define-properties': [ '1.2.1' ],
5546 silly audit   'es-abstract': [ '1.24.0' ],
5546 silly audit   'es-object-atoms': [ '1.1.1' ],
5546 silly audit   'get-intrinsic': [ '1.3.0' ],
5546 silly audit   'is-string': [ '1.1.1' ],
5546 silly audit   'math-intrinsics': [ '1.1.0' ],
5546 silly audit   'es-errors': [ '1.3.0' ],
5546 silly audit   'es-shim-unscopables': [ '1.1.0' ],
5546 silly audit   'call-bind-apply-helpers': [ '1.0.2' ],
5546 silly audit   'es-define-property': [ '1.0.1' ],
5546 silly audit   'set-function-length': [ '1.2.2' ],
5546 silly audit   'function-bind': [ '1.1.2' ],
5546 silly audit   'define-data-property': [ '1.1.4' ],
5546 silly audit   'has-property-descriptors': [ '1.0.2' ],
5546 silly audit   'object-keys': [ '1.1.1' ],
5546 silly audit   gopd: [ '1.2.0' ],
5546 silly audit   'array-buffer-byte-length': [ '1.0.2' ],
5546 silly audit   'arraybuffer.prototype.slice': [ '1.0.4' ],
5546 silly audit   'available-typed-arrays': [ '1.0.7' ],
5546 silly audit   'data-view-buffer': [ '1.0.2' ],
5546 silly audit   'data-view-byte-length': [ '1.0.2' ],
5546 silly audit   'data-view-byte-offset': [ '1.0.1' ],
5546 silly audit   'es-set-tostringtag': [ '2.1.0' ],
5546 silly audit   'es-to-primitive': [ '1.3.0' ],
5546 silly audit   'function.prototype.name': [ '1.1.8' ],
5546 silly audit   'get-proto': [ '1.0.1' ],
5546 silly audit   'get-symbol-description': [ '1.1.0' ],
5546 silly audit   globalthis: [ '1.0.4' ],
5546 silly audit   'has-proto': [ '1.2.0' ],
5546 silly audit   'has-symbols': [ '1.1.0' ],
5546 silly audit   'internal-slot': [ '1.1.0' ],
5546 silly audit   'is-array-buffer': [ '3.0.5' ],
5546 silly audit   'is-callable': [ '1.2.7' ],
5546 silly audit   'is-data-view': [ '1.0.2' ],
5546 silly audit   'is-negative-zero': [ '2.0.3' ],
5546 silly audit   'is-regex': [ '1.2.1' ],
5546 silly audit   'is-set': [ '2.0.3' ],
5546 silly audit   'is-shared-array-buffer': [ '1.0.4' ],
5546 silly audit   'is-typed-array': [ '1.1.15' ],
5546 silly audit   'is-weakref': [ '1.1.1' ],
5546 silly audit   'object-inspect': [ '1.13.4' ],
5546 silly audit   'object.assign': [ '4.1.7' ],
5546 silly audit   'own-keys': [ '1.0.1' ],
5546 silly audit   'regexp.prototype.flags': [ '1.5.4' ],
5546 silly audit   'safe-array-concat': [ '1.1.3' ],
5546 silly audit   'safe-push-apply': [ '1.0.0' ],
5546 silly audit   'safe-regex-test': [ '1.1.0' ],
5546 silly audit   'set-proto': [ '1.0.0' ],
5546 silly audit   'stop-iteration-iterator': [ '1.1.0' ],
5546 silly audit   'string.prototype.trim': [ '1.2.10' ],
5546 silly audit   'string.prototype.trimstart': [ '1.0.8' ],
5546 silly audit   'typed-array-buffer': [ '1.0.3' ],
5546 silly audit   'typed-array-byte-length': [ '1.0.3' ],
5546 silly audit   'typed-array-byte-offset': [ '1.0.4' ],
5546 silly audit   'typed-array-length': [ '1.0.7' ],
5546 silly audit   'unbox-primitive': [ '1.1.0' ],
5546 silly audit   'which-typed-array': [ '1.1.19' ],
5546 silly audit   'possible-typed-array-names': [ '1.1.0' ],
5546 silly audit   'has-tostringtag': [ '1.0.2' ],
5546 silly audit   'is-date-object': [ '1.1.0' ],
5546 silly audit   'is-symbol': [ '1.1.1' ],
5546 silly audit   '@typescript-eslint/experimental-utils': [ '5.62.0' ],
5546 silly audit   'ast-types-flow': [ '0.0.8' ],
5546 silly audit   'axe-core': [ '4.10.3' ],
5546 silly audit   'axobject-query': [ '4.1.0' ],
5546 silly audit   'damerau-levenshtein': [ '1.0.8' ],
5546 silly audit   'emoji-regex': [ '9.2.2', '8.0.0' ],
5546 silly audit   'jsx-ast-utils': [ '3.3.5' ],
5546 silly audit   'language-tags': [ '1.0.9' ],
5546 silly audit   'string.prototype.includes': [ '2.0.1' ],
5546 silly audit   'array.prototype.findlast': [ '1.2.5' ],
5546 silly audit   'array.prototype.tosorted': [ '1.1.4' ],
5546 silly audit   'es-iterator-helpers': [ '1.2.1' ],
5546 silly audit   estraverse: [ '5.3.0', '4.3.0' ],
5546 silly audit   'object.entries': [ '1.1.9' ],
5546 silly audit   'prop-types': [ '15.8.1' ],
5546 silly audit   'string.prototype.matchall': [ '4.0.12' ],
5546 silly audit   'string.prototype.repeat': [ '1.0.0' ],
5546 silly audit   'iterator.prototype': [ '1.1.5' ],
5546 silly audit   esrecurse: [ '4.3.0' ],
5546 silly audit   '@types/eslint': [ '8.56.12' ],
5546 silly audit   'normalize-path': [ '3.0.0' ],
5546 silly audit   '@types/estree': [ '1.0.8', '0.0.39' ],
5546 silly audit   acorn: [ '8.15.0', '7.4.1' ],
5546 silly audit   'acorn-jsx': [ '5.3.2' ],
5546 silly audit   reusify: [ '1.1.0' ],
5546 silly audit   'flat-cache': [ '3.2.0' ],
5546 silly audit   commondir: [ '1.0.1' ],
5546 silly audit   'pkg-dir': [ '4.2.0' ],
5546 silly audit   'locate-path': [ '5.0.0', '6.0.0', '3.0.0' ],
5546 silly audit   'path-exists': [ '4.0.0', '3.0.0' ],
5546 silly audit   flatted: [ '3.3.3' ],
5546 silly audit   keyv: [ '4.5.4' ],
5546 silly audit   rimraf: [ '3.0.2' ],
5546 silly audit   jsonfile: [ '6.2.0' ],
5546 silly audit   universalify: [ '2.0.1', '0.2.0' ],
5546 silly audit   'functions-have-names': [ '1.2.3' ],
5546 silly audit   'dunder-proto': [ '1.0.1' ],
5546 silly audit   'type-fest': [ '0.20.2', '0.21.3', '0.16.0' ],
5546 silly audit   'array-union': [ '2.1.0' ],
5546 silly audit   'dir-glob': [ '3.0.1' ],
5546 silly audit   'fast-glob': [ '3.3.3' ],
5546 silly audit   merge2: [ '1.4.1' ],
5546 silly audit   '@types/html-minifier-terser': [ '6.1.0' ],
5546 silly audit   'html-minifier-terser': [ '6.1.0' ],
5546 silly audit   'pretty-error': [ '4.0.0' ],
5546 silly audit   'camel-case': [ '4.1.2' ],
5546 silly audit   'clean-css': [ '5.3.3' ],
5546 silly audit   commander: [ '8.3.0', '4.1.1', '2.20.3', '7.2.0' ],
5546 silly audit   he: [ '1.2.0' ],
5546 silly audit   'param-case': [ '3.0.4' ],
5546 silly audit   relateurl: [ '0.2.7' ],
5546 silly audit   terser: [ '5.44.0' ],
5546 silly audit   'pascal-case': [ '3.1.2' ],
5546 silly audit   'harmony-reflect': [ '1.6.2' ],
5546 silly audit   'parent-module': [ '1.0.1' ],
5546 silly audit   'side-channel': [ '1.1.0' ],
5546 silly audit   'is-extglob': [ '2.1.1' ],
5546 silly audit   'istanbul-lib-coverage': [ '3.2.2' ],
5546 silly audit   'set-function-name': [ '2.0.2' ],
5546 silly audit   '@jest/core': [ '27.5.1' ],
5546 silly audit   'import-local': [ '3.2.0' ],
5546 silly audit   'jest-cli': [ '27.5.1' ],
5546 silly audit   '@jest/console': [ '27.5.1', '28.1.3' ],
5546 silly audit   '@jest/reporters': [ '27.5.1' ],
5546 silly audit   '@jest/test-result': [ '27.5.1', '28.1.3' ],
5546 silly audit   'ansi-escapes': [ '4.3.2' ],
5546 silly audit   emittery: [ '0.8.1', '0.10.2' ],
5546 silly audit   exit: [ '0.1.2' ],
5546 silly audit   'jest-changed-files': [ '27.5.1' ],
5546 silly audit   'jest-config': [ '27.5.1' ],
5546 silly audit   'jest-message-util': [ '27.5.1', '28.1.3' ],
5546 silly audit   'jest-resolve-dependencies': [ '27.5.1' ],
5546 silly audit   'jest-runner': [ '27.5.1' ],
5546 silly audit   'jest-runtime': [ '27.5.1' ],
5546 silly audit   'jest-snapshot': [ '27.5.1' ],
5546 silly audit   'jest-validate': [ '27.5.1' ],
5546 silly audit   'jest-watcher': [ '27.5.1', '28.1.3' ],
5546 silly audit   '@bcoe/v8-coverage': [ '0.2.3' ],
5546 silly audit   'collect-v8-coverage': [ '1.0.2' ],
5546 silly audit   glob: [ '7.2.3', '10.4.5' ],
5546 silly audit   'istanbul-lib-report': [ '3.0.1' ],
5546 silly audit   'istanbul-lib-source-maps': [ '4.0.1' ],
5546 silly audit   'istanbul-reports': [ '3.2.0' ],
5546 silly audit   'string-length': [ '4.0.2', '5.0.1' ],
5546 silly audit   'terminal-link': [ '2.1.1' ],
5546 silly audit   'v8-to-istanbul': [ '8.1.1' ],
5546 silly audit   'fs.realpath': [ '1.0.0' ],
5546 silly audit   inflight: [ '1.0.6' ],
5546 silly audit   inherits: [ '2.0.4', '2.0.3' ],
5546 silly audit   once: [ '1.4.0' ],
5546 silly audit   'path-is-absolute': [ '1.0.1' ],
5546 silly audit   'resolve-cwd': [ '3.0.0' ],
5546 silly audit   wrappy: [ '1.0.2' ],
5546 silly audit   'html-escaper': [ '2.0.2' ],
5546 silly audit   execa: [ '5.1.1' ],
5546 silly audit   throat: [ '6.0.2' ],
5546 silly audit   'get-stream': [ '6.0.1' ],
5546 silly audit   'human-signals': [ '2.1.0' ],
5546 silly audit   'is-stream': [ '2.0.1' ],
5546 silly audit   'merge-stream': [ '2.0.0' ],
5546 silly audit   'npm-run-path': [ '4.0.1' ],
5546 silly audit   onetime: [ '5.1.2' ],
5546 silly audit   'signal-exit': [ '3.0.7', '4.1.0' ],
5546 silly audit   'strip-final-newline': [ '2.0.0' ],
5546 silly audit   yargs: [ '16.2.0' ],
5546 silly audit   '@jest/test-sequencer': [ '27.5.1' ],
5546 silly audit   'ci-info': [ '3.9.0' ],
5546 silly audit   'jest-circus': [ '27.5.1' ],
5546 silly audit   'jest-environment-jsdom': [ '27.5.1' ],
5546 silly audit   'jest-environment-node': [ '27.5.1' ],
5546 silly audit   'jest-get-type': [ '27.5.1' ],
5546 silly audit   'jest-jasmine2': [ '27.5.1' ],
5546 silly audit   '@jest/environment': [ '27.5.1' ],
5546 silly audit   co: [ '4.6.0' ],
5546 silly audit   dedent: [ '0.7.0' ],
5546 silly audit   expect: [ '27.5.1' ],
5546 silly audit   'is-generator-fn': [ '2.1.0' ],
5546 silly audit   'jest-each': [ '27.5.1' ],
5546 silly audit   'jest-matcher-utils': [ '27.5.1' ],
5546 silly audit   'stack-utils': [ '2.0.6' ],
5546 silly audit   '@jest/fake-timers': [ '27.5.1' ],
5546 silly audit   'jest-mock': [ '27.5.1' ],
5546 silly audit   '@sinonjs/fake-timers': [ '8.1.0' ],
5546 silly audit   '@sinonjs/commons': [ '1.8.6' ],
5546 silly audit   'type-detect': [ '4.0.8' ],
5546 silly audit   jsdom: [ '16.7.0' ],
5546 silly audit   '@types/graceful-fs': [ '4.1.9' ],
5546 silly audit   anymatch: [ '3.1.3' ],
5546 silly audit   'fb-watchman': [ '2.0.2' ],
5546 silly audit   'jest-serializer': [ '27.5.1' ],
5546 silly audit   walker: [ '1.0.8' ],
5546 silly audit   picomatch: [ '2.3.1' ],
5546 silly audit   bser: [ '2.1.1' ],
5546 silly audit   'node-int64': [ '0.4.0' ],
5546 silly audit   '@jest/source-map': [ '27.5.1' ],
5546 silly audit   callsites: [ '3.1.0' ],
5546 silly audit   'jest-diff': [ '27.5.1' ],
5546 silly audit   'diff-sequences': [ '27.5.1' ],
5546 silly audit   '@types/stack-utils': [ '2.0.3' ],
5546 silly audit   'jest-pnp-resolver': [ '1.2.3' ],
5546 silly audit   'resolve.exports': [ '1.1.1' ],
5546 silly audit   'jest-docblock': [ '27.5.1' ],
5546 silly audit   'jest-leak-detector': [ '27.5.1' ],
5546 silly audit   'source-map-support': [ '0.5.21' ],
5546 silly audit   'detect-newline': [ '3.1.0' ],
5546 silly audit   '@jest/globals': [ '27.5.1' ],
5546 silly audit   'cjs-module-lexer': [ '1.4.3' ],
5546 silly audit   'strip-bom': [ '4.0.0', '3.0.0' ],
5546 silly audit   '@types/prettier': [ '2.7.3' ],
5546 silly audit   leven: [ '3.1.0' ],
5546 silly audit   argparse: [ '1.0.10', '2.0.1' ],
5546 silly audit   esprima: [ '4.0.1', '1.2.2' ],
5546 silly audit   'sprintf-js': [ '1.0.3' ],
5546 silly audit   abab: [ '2.0.6' ],
5546 silly audit   'acorn-globals': [ '6.0.0' ],
5546 silly audit   cssom: [ '0.4.4', '0.3.8' ],
5546 silly audit   cssstyle: [ '2.3.0' ],
5546 silly audit   'data-urls': [ '2.0.0' ],
5546 silly audit   'decimal.js': [ '10.6.0' ],
5546 silly audit   domexception: [ '2.0.1' ],
5546 silly audit   escodegen: [ '2.1.0', '1.14.3' ],
5546 silly audit   'form-data': [ '3.0.4' ],
5546 silly audit   'html-encoding-sniffer': [ '2.0.1' ],
5546 silly audit   'http-proxy-agent': [ '4.0.1' ],
5546 silly audit   'https-proxy-agent': [ '5.0.1' ],
5546 silly audit   'is-potential-custom-element-name': [ '1.0.1' ],
5546 silly audit   nwsapi: [ '2.2.22' ],
5546 silly audit   parse5: [ '6.0.1' ],
5546 silly audit   saxes: [ '5.0.1' ],
5546 silly audit   'symbol-tree': [ '3.2.4' ],
5546 silly audit   'tough-cookie': [ '4.1.4' ],
5546 silly audit   'w3c-hr-time': [ '1.0.2' ],
5546 silly audit   'w3c-xmlserializer': [ '2.0.0' ],
5546 silly audit   'webidl-conversions': [ '6.1.0', '5.0.0', '4.0.2' ],
5546 silly audit   'whatwg-encoding': [ '1.0.5' ],
5546 silly audit   'whatwg-mimetype': [ '2.3.0' ],
5546 silly audit   'whatwg-url': [ '8.7.0', '7.1.0' ],
5546 silly audit   ws: [ '7.5.10', '8.18.3' ],
5546 silly audit   'xml-name-validator': [ '3.0.0' ],
5546 silly audit   'acorn-walk': [ '7.2.0' ],
5546 silly audit   asynckit: [ '0.4.0' ],
5546 silly audit   'combined-stream': [ '1.0.8' ],
5546 silly audit   'mime-types': [ '2.1.35' ],
5546 silly audit   'delayed-stream': [ '1.0.0' ],
5546 silly audit   '@tootallnate/once': [ '1.1.2' ],
5546 silly audit   'agent-base': [ '6.0.2' ],
5546 silly audit   'static-eval': [ '2.0.2' ],
5546 silly audit   underscore: [ '1.12.1' ],
5546 silly audit   'json-buffer': [ '3.0.1' ],
5546 silly audit   'language-subtag-registry': [ '0.3.23' ],
5546 silly audit   'prelude-ls': [ '1.2.1', '1.1.2' ],
5546 silly audit   'type-check': [ '0.4.0', '0.3.2' ],
5546 silly audit   'big.js': [ '5.2.2' ],
5546 silly audit   'emojis-list': [ '3.0.0' ],
5546 silly audit   'p-locate': [ '4.1.0', '5.0.0', '3.0.0' ],
5546 silly audit   yallist: [ '3.1.1', '5.0.0' ],
5546 silly audit   braces: [ '3.0.3' ],
5546 silly audit   'fill-range': [ '7.1.1' ],
5546 silly audit   'to-regex-range': [ '5.0.1' ],
5546 silly audit   'mime-db': [ '1.52.0' ],
5546 silly audit   'brace-expansion': [ '1.1.12', '2.0.2' ],
5546 silly audit   'balanced-match': [ '1.0.2' ],
5546 silly audit   'concat-map': [ '0.0.1' ],
5546 silly audit   'mimic-fn': [ '2.1.0' ],
5546 silly audit   'deep-is': [ '0.1.4' ],
5546 silly audit   'fast-levenshtein': [ '2.0.6' ],
5546 silly audit   'word-wrap': [ '1.2.5' ],
5546 silly audit   'p-limit': [ '2.3.0', '3.1.0' ],
5546 silly audit   'p-try': [ '2.2.0' ],
5546 silly audit   'dot-case': [ '3.0.4' ],
5546 silly audit   'no-case': [ '3.0.4' ],
5546 silly audit   'lower-case': [ '2.0.2' ],
5546 silly audit   'error-ex': [ '1.3.2' ],
5546 silly audit   'json-parse-even-better-errors': [ '2.3.1' ],
5546 silly audit   'lines-and-columns': [ '1.2.4' ],
5546 silly audit   'is-arrayish': [ '0.2.1' ],
5546 silly audit   'postcss-selector-parser': [ '6.1.2', '7.1.0' ],
5546 silly audit   'caniuse-api': [ '3.0.0' ],
5546 silly audit   colord: [ '2.9.3' ],
5546 silly audit   'lodash.memoize': [ '4.1.2' ],
5546 silly audit   'lodash.uniq': [ '4.5.0' ],
5546 silly audit   klona: [ '2.0.6' ],
5546 silly audit   stylehacks: [ '5.1.1' ],
5546 silly audit   '@csstools/normalize.css': [ '12.1.1' ],
5546 silly audit   'postcss-browser-comments': [ '4.0.0' ],
5546 silly audit   'sanitize.css': [ '13.0.0' ],
5546 silly audit   'normalize-url': [ '6.1.0' ],
5546 silly audit   '@csstools/postcss-cascade-layers': [ '1.1.1' ],
5546 silly audit   '@csstools/postcss-color-function': [ '1.1.1' ],
5546 silly audit   '@csstools/postcss-font-format-keywords': [ '1.0.1' ],
5546 silly audit   '@csstools/postcss-hwb-function': [ '1.0.2' ],
5546 silly audit   '@csstools/postcss-ic-unit': [ '1.0.1' ],
5546 silly audit   '@csstools/postcss-is-pseudo-class': [ '2.0.7' ],
5546 silly audit   '@csstools/postcss-nested-calc': [ '1.0.0' ],
5546 silly audit   '@csstools/postcss-normalize-display-values': [ '1.0.1' ],
5546 silly audit   '@csstools/postcss-oklab-function': [ '1.1.1' ],
5546 silly audit   '@csstools/postcss-progressive-custom-properties': [ '1.3.0' ],
5546 silly audit   '@csstools/postcss-stepped-value-functions': [ '1.0.1' ],
5546 silly audit   '@csstools/postcss-text-decoration-shorthand': [ '1.0.0' ],
5546 silly audit   '@csstools/postcss-trigonometric-functions': [ '1.0.2' ],
5546 silly audit   '@csstools/postcss-unset-value': [ '1.0.2' ],
5546 silly audit   'css-blank-pseudo': [ '3.0.3' ],
5546 silly audit   'css-has-pseudo': [ '3.0.4' ],
5546 silly audit   'css-prefers-color-scheme': [ '6.0.3' ],
5546 silly audit   cssdb: [ '7.11.2' ],
5546 silly audit   'postcss-attribute-case-insensitive': [ '5.0.2' ],
5546 silly audit   'postcss-clamp': [ '4.1.0' ],
5546 silly audit   'postcss-color-functional-notation': [ '4.2.4' ],
5546 silly audit   'postcss-color-hex-alpha': [ '8.0.4' ],
5546 silly audit   'postcss-color-rebeccapurple': [ '7.1.1' ],
5546 silly audit   'postcss-custom-media': [ '8.0.2' ],
5546 silly audit   'postcss-custom-properties': [ '12.1.11' ],
5546 silly audit   'postcss-custom-selectors': [ '6.0.3' ],
5546 silly audit   'postcss-dir-pseudo-class': [ '6.0.5' ],
5546 silly audit   'postcss-double-position-gradients': [ '3.1.2' ],
5546 silly audit   'postcss-env-function': [ '4.0.6' ],
5546 silly audit   'postcss-focus-visible': [ '6.0.4' ],
5546 silly audit   'postcss-focus-within': [ '5.0.4' ],
5546 silly audit   'postcss-font-variant': [ '5.0.0' ],
5546 silly audit   'postcss-gap-properties': [ '3.0.5' ],
5546 silly audit   'postcss-image-set-function': [ '4.0.7' ],
5546 silly audit   'postcss-initial': [ '4.0.1' ],
5546 silly audit   'postcss-lab-function': [ '4.2.1' ],
5546 silly audit   'postcss-logical': [ '5.0.4' ],
5546 silly audit   'postcss-media-minmax': [ '5.0.0' ],
5546 silly audit   'postcss-nesting': [ '10.2.0' ],
5546 silly audit   'postcss-opacity-percentage': [ '1.1.3' ],
5546 silly audit   'postcss-overflow-shorthand': [ '3.0.4' ],
5546 silly audit   'postcss-page-break': [ '3.0.4' ],
5546 silly audit   'postcss-place': [ '7.0.5' ],
5546 silly audit   'postcss-pseudo-class-any-link': [ '7.1.6' ],
5546 silly audit   'postcss-replace-overflow-wrap': [ '4.0.0' ],
5546 silly audit   'postcss-selector-not': [ '6.0.1' ],
5546 silly audit   '@csstools/selector-specificity': [ '2.2.0' ],
5546 silly audit   cssesc: [ '3.0.0' ],
5546 silly audit   'util-deprecate': [ '1.0.2' ],
5546 silly audit   renderkid: [ '3.0.0' ],
5546 silly audit   kleur: [ '3.0.3' ],
5546 silly audit   sisteransi: [ '1.0.5' ],
5546 silly audit   'loose-envify': [ '1.4.0' ],
5546 silly audit   'object-assign': [ '4.1.1' ],
5546 silly audit   'core-js': [ '3.45.1' ],
5546 silly audit   promise: [ '8.3.0' ],
5546 silly audit   raf: [ '3.4.1' ],
5546 silly audit   'regenerator-runtime': [ '0.13.11' ],
5546 silly audit   'whatwg-fetch': [ '3.6.20' ],
5546 silly audit   asap: [ '2.0.6' ],
5546 silly audit   'performance-now': [ '2.1.0' ],
5546 silly audit   address: [ '1.2.2' ],
5546 silly audit   'detect-port-alt': [ '1.1.6' ],
5546 silly audit   filesize: [ '8.0.7' ],
5546 silly audit   'fork-ts-checker-webpack-plugin': [ '6.5.3' ],
5546 silly audit   'global-modules': [ '2.0.0' ],
5546 silly audit   'gzip-size': [ '6.0.0' ],
5546 silly audit   immer: [ '9.0.21' ],
5546 silly audit   'is-root': [ '2.1.0' ],
5546 silly audit   open: [ '8.4.2' ],
5546 silly audit   'pkg-up': [ '3.1.0' ],
5546 silly audit   'react-error-overlay': [ '6.1.0' ],
5546 silly audit   'recursive-readdir': [ '2.2.3' ],
5546 silly audit   'shell-quote': [ '1.8.3' ],
5546 silly audit   chokidar: [ '3.6.0' ],
5546 silly audit   memfs: [ '3.5.3' ],
5546 silly audit   'is-binary-path': [ '2.1.0' ],
5546 silly audit   readdirp: [ '3.6.0' ],
5546 silly audit   'global-prefix': [ '3.0.0' ],
5546 silly audit   ini: [ '1.3.8' ],
5546 silly audit   'kind-of': [ '6.0.3' ],
5546 silly audit   duplexer: [ '0.1.2' ],
5546 silly audit   'binary-extensions': [ '2.3.0' ],
5546 silly audit   'fs-monkey': [ '1.1.0' ],
5546 silly audit   'define-lazy-prop': [ '2.0.0' ],
5546 silly audit   'is-docker': [ '2.2.1' ],
5546 silly audit   'is-wsl': [ '2.2.0' ],
5546 silly audit   'indent-string': [ '4.0.0' ],
5546 silly audit   'strip-indent': [ '3.0.0' ],
5546 silly audit   regenerate: [ '1.4.2' ],
5546 silly audit   'regenerate-unicode-properties': [ '10.2.2' ],
5546 silly audit   regjsgen: [ '0.8.0' ],
5546 silly audit   regjsparser: [ '0.12.0' ],
5546 silly audit   'unicode-match-property-ecmascript': [ '2.0.0' ],
5546 silly audit   'unicode-match-property-value-ecmascript': [ '2.2.1' ],
5546 silly audit   'css-select': [ '4.3.0', '2.1.0' ],
5546 silly audit   'dom-converter': [ '0.2.0' ],
5546 silly audit   htmlparser2: [ '6.1.0' ],
5546 silly audit   boolbase: [ '1.0.0' ],
5546 silly audit   'css-what': [ '6.2.2', '3.4.2' ],
5546 silly audit   domhandler: [ '4.3.1' ],
5546 silly audit   domutils: [ '2.8.0', '1.7.0' ],
5546 silly audit   'nth-check': [ '2.1.1', '1.0.2' ],
5546 silly audit   utila: [ '0.4.0' ],
5546 silly audit   domelementtype: [ '2.3.0', '1.3.1' ],
5546 silly audit   'dom-serializer': [ '1.4.1', '0.2.2' ],
5546 silly audit   entities: [ '2.2.0' ],
5546 silly audit   'path-parse': [ '1.0.7' ],
5546 silly audit   'supports-preserve-symlinks-flag': [ '1.0.0' ],
5546 silly audit   'adjust-sourcemap-loader': [ '4.0.0' ],
5546 silly audit   'regex-parser': [ '2.3.1' ],
5546 silly audit   'queue-microtask': [ '1.2.3' ],
5546 silly audit   isarray: [ '2.0.5', '1.0.0' ],
5546 silly audit   'neo-async': [ '2.6.2' ],
5546 silly audit   xmlchars: [ '2.2.0' ],
5546 silly audit   'ajv-formats': [ '2.1.1' ],
5546 silly audit   'ajv-keywords': [ '5.1.0', '3.5.2' ],
5546 silly audit   randombytes: [ '2.1.0' ],
5546 silly audit   'safe-buffer': [ '5.2.1', '5.1.2' ],
5546 silly audit   'shebang-regex': [ '3.0.0' ],
5546 silly audit   'side-channel-list': [ '1.0.0' ],
5546 silly audit   'side-channel-map': [ '1.0.1' ],
5546 silly audit   'side-channel-weakmap': [ '1.0.2' ],
5546 silly audit   'iconv-lite': [ '0.6.3', '0.4.24' ],
5546 silly audit   'safer-buffer': [ '2.1.2' ],
5546 silly audit   'buffer-from': [ '1.1.2' ],
5546 silly audit   'char-regex': [ '1.0.2', '2.0.2' ],
5546 silly audit   'min-indent': [ '1.0.1' ],
5546 silly audit   'has-flag': [ '4.0.0', '3.0.0' ],
5546 silly audit   coa: [ '2.0.2' ],
5546 silly audit   'css-select-base-adapter': [ '0.1.1' ],
5546 silly audit   'css-tree': [ '1.0.0-alpha.37', '1.1.3' ],
5546 silly audit   csso: [ '4.2.0' ],
5546 silly audit   mkdirp: [ '0.5.6', '3.0.1' ],
5546 silly audit   sax: [ '1.2.4' ],
5546 silly audit   stable: [ '0.1.8' ],
5546 silly audit   unquote: [ '1.1.1' ],
5546 silly audit   'util.promisify': [ '1.0.1' ],
5546 silly audit   '@types/q': [ '1.5.8' ],
5546 silly audit   q: [ '1.5.1' ],
5546 silly audit   'mdn-data': [ '2.0.4', '2.0.14' ],
5546 silly audit   minimist: [ '1.2.8' ],
5546 silly audit   arg: [ '5.0.2' ],
5546 silly audit   didyoumean: [ '1.2.2' ],
5546 silly audit   dlv: [ '1.1.3' ],
5546 silly audit   'object-hash': [ '3.0.0' ],
5546 silly audit   'postcss-import': [ '15.1.0' ],
5546 silly audit   'postcss-js': [ '4.0.1' ],
5546 silly audit   'postcss-load-config': [ '4.0.2' ],
5546 silly audit   'postcss-nested': [ '6.2.0' ],
5546 silly audit   sucrase: [ '3.35.0' ],
5546 silly audit   'read-cache': [ '1.0.0' ],
5546 silly audit   'camelcase-css': [ '2.0.1' ],
5546 silly audit   pify: [ '2.3.0' ],
5546 silly audit   mz: [ '2.7.0' ],
5546 silly audit   'ts-interface-checker': [ '0.1.13' ],
5546 silly audit   'any-promise': [ '1.3.0' ],
5546 silly audit   'thenify-all': [ '1.6.0' ],
5546 silly audit   '@isaacs/fs-minipass': [ '4.0.1' ],
5546 silly audit   chownr: [ '3.0.0' ],
5546 silly audit   minipass: [ '7.1.2' ],
5546 silly audit   minizlib: [ '3.0.2' ],
5546 silly audit   'supports-hyperlinks': [ '2.3.0' ],
5546 silly audit   '@jridgewell/source-map': [ '0.3.11' ],
5546 silly audit   thenify: [ '3.3.1' ],
5546 silly audit   'is-number': [ '7.0.0' ],
5546 silly audit   psl: [ '1.15.0' ],
5546 silly audit   punycode: [ '2.3.1' ],
5546 silly audit   'url-parse': [ '1.5.10' ],
5546 silly audit   '@types/json5': [ '0.0.29' ],
5546 silly audit   'for-each': [ '0.3.5' ],
5546 silly audit   'reflect.getprototypeof': [ '1.0.10' ],
5546 silly audit   'which-builtin-type': [ '1.2.1' ],
5546 silly audit   'has-bigints': [ '1.1.0' ],
5546 silly audit   'which-boxed-primitive': [ '1.1.1' ],
5546 silly audit   'unicode-canonical-property-names-ecmascript': [ '2.0.1' ],
5546 silly audit   'unicode-property-aliases-ecmascript': [ '2.1.0' ],
5546 silly audit   escalade: [ '3.2.0' ],
5546 silly audit   querystringify: [ '2.2.0' ],
5546 silly audit   'requires-port': [ '1.0.0' ],
5546 silly audit   'object.getownpropertydescriptors': [ '2.1.8' ],
5546 silly audit   'array.prototype.reduce': [ '1.0.8' ],
5546 silly audit   'es-array-method-boxes-properly': [ '1.0.0' ],
5546 silly audit   'browser-process-hrtime': [ '1.0.0' ],
5546 silly audit   makeerror: [ '1.0.12' ],
5546 silly audit   tmpl: [ '1.0.5' ],
5546 silly audit   '@types/eslint-scope': [ '3.7.7' ],
5546 silly audit   '@webassemblyjs/ast': [ '1.14.1' ],
5546 silly audit   '@webassemblyjs/wasm-edit': [ '1.14.1' ],
5546 silly audit   '@webassemblyjs/wasm-parser': [ '1.14.1' ],
5546 silly audit   'acorn-import-phases': [ '1.0.4' ],
5546 silly audit   'chrome-trace-event': [ '1.0.4' ],
5546 silly audit   'es-module-lexer': [ '1.7.0' ],
5546 silly audit   events: [ '3.3.0' ],
5546 silly audit   'glob-to-regexp': [ '0.4.1' ],
5546 silly audit   'loader-runner': [ '4.3.0' ],
5546 silly audit   watchpack: [ '2.4.4' ],
5546 silly audit   'webpack-sources': [ '3.3.3', '2.3.1', '1.4.3' ],
5546 silly audit   '@webassemblyjs/helper-numbers': [ '1.13.2' ],
5546 silly audit   '@webassemblyjs/helper-wasm-bytecode': [ '1.13.2' ],
5546 silly audit   '@webassemblyjs/floating-point-hex-parser': [ '1.13.2' ],
5546 silly audit   '@webassemblyjs/helper-api-error': [ '1.13.2' ],
5546 silly audit   '@xtuc/long': [ '4.2.2' ],
5546 silly audit   '@webassemblyjs/helper-buffer': [ '1.14.1' ],
5546 silly audit   '@webassemblyjs/helper-wasm-section': [ '1.14.1' ],
5546 silly audit   '@webassemblyjs/wasm-gen': [ '1.14.1' ],
5546 silly audit   '@webassemblyjs/wasm-opt': [ '1.14.1' ],
5546 silly audit   '@webassemblyjs/wast-printer': [ '1.14.1' ],
5546 silly audit   '@webassemblyjs/ieee754': [ '1.13.2' ],
5546 silly audit   '@webassemblyjs/leb128': [ '1.13.2' ],
5546 silly audit   '@webassemblyjs/utf8': [ '1.13.2' ],
5546 silly audit   '@xtuc/ieee754': [ '1.2.0' ],
5546 silly audit   '@types/bonjour': [ '3.5.13' ],
5546 silly audit   '@types/connect-history-api-fallback': [ '1.5.4' ],
5546 silly audit   '@types/express': [ '4.17.23' ],
5546 silly audit   '@types/serve-index': [ '1.9.4' ],
5546 silly audit   '@types/serve-static': [ '1.15.8' ],
5546 silly audit   '@types/sockjs': [ '0.3.36' ],
5546 silly audit   '@types/ws': [ '8.18.1' ],
5546 silly audit   'ansi-html-community': [ '0.0.8' ],
5546 silly audit   'bonjour-service': [ '1.3.0' ],
5546 silly audit   colorette: [ '2.0.20' ],
5546 silly audit   compression: [ '1.8.1' ],
5546 silly audit   'connect-history-api-fallback': [ '2.0.0' ],
5546 silly audit   'default-gateway': [ '6.0.3' ],
5546 silly audit   express: [ '4.21.2' ],
5546 silly audit   'http-proxy-middleware': [ '2.0.9' ],
5546 silly audit   'ipaddr.js': [ '2.2.0', '1.9.1' ],
5546 silly audit   'launch-editor': [ '2.11.1' ],
5546 silly audit   'p-retry': [ '4.6.2' ],
5546 silly audit   selfsigned: [ '2.4.1' ],
5546 silly audit   'serve-index': [ '1.9.1' ],
5546 silly audit   sockjs: [ '0.3.24' ],
5546 silly audit   spdy: [ '4.0.2' ],
5546 silly audit   'webpack-dev-middleware': [ '5.3.4' ],
5546 silly audit   '@types/express-serve-static-core': [ '5.0.7', '4.19.6' ],
5546 silly audit   '@types/body-parser': [ '1.19.6' ],
5546 silly audit   '@types/qs': [ '6.14.0' ],
5546 silly audit   '@types/connect': [ '3.4.38' ],
5546 silly audit   '@types/range-parser': [ '1.2.7' ],
5546 silly audit   '@types/send': [ '0.17.5' ],
5546 silly audit   '@types/mime': [ '1.3.5' ],
5546 silly audit   '@types/http-errors': [ '2.0.5' ],
5546 silly audit   'multicast-dns': [ '7.2.5' ],
5546 silly audit   bytes: [ '3.1.2' ],
5546 silly audit   compressible: [ '2.0.18' ],
5546 silly audit   negotiator: [ '0.6.4', '0.6.3' ],
5546 silly audit   'on-headers': [ '1.1.0' ],
5546 silly audit   vary: [ '1.1.2' ],
5546 silly audit   accepts: [ '1.3.8' ],
5546 silly audit   'array-flatten': [ '1.1.1' ],
5546 silly audit   'body-parser': [ '1.20.3' ],
5546 silly audit   'content-disposition': [ '0.5.4' ],
5546 silly audit   'content-type': [ '1.0.5' ],
5546 silly audit   'cookie-signature': [ '1.0.6' ],
5546 silly audit   depd: [ '2.0.0', '1.1.2' ],
5546 silly audit   encodeurl: [ '2.0.0', '1.0.2' ],
5546 silly audit   'escape-html': [ '1.0.3' ],
5546 silly audit   etag: [ '1.8.1' ],
5546 silly audit   finalhandler: [ '1.3.1' ],
5546 silly audit   fresh: [ '0.5.2' ],
5546 silly audit   'http-errors': [ '2.0.0', '1.6.3' ],
5546 silly audit   'merge-descriptors': [ '1.0.3' ],
5546 silly audit   methods: [ '1.1.2' ],
5546 silly audit   'on-finished': [ '2.4.1' ],
5546 silly audit   parseurl: [ '1.3.3' ],
5546 silly audit   'path-to-regexp': [ '0.1.12' ],
5546 silly audit   'proxy-addr': [ '2.0.7' ],
5546 silly audit   qs: [ '6.13.0' ],
5546 silly audit   'range-parser': [ '1.2.1' ],
5546 silly audit   send: [ '0.19.0' ],
5546 silly audit   'serve-static': [ '1.16.2' ],
5546 silly audit   setprototypeof: [ '1.2.0', '1.1.0' ],
5546 silly audit   statuses: [ '2.0.1', '1.5.0' ],
5546 silly audit   'type-is': [ '1.6.18' ],
5546 silly audit   'utils-merge': [ '1.0.1' ],
5546 silly audit   destroy: [ '1.2.0' ],
5546 silly audit   'raw-body': [ '2.5.2' ],
5546 silly audit   unpipe: [ '1.0.0' ],
5546 silly audit   toidentifier: [ '1.0.1' ],
5546 silly audit   '@types/http-proxy': [ '1.17.16' ],
5546 silly audit   'http-proxy': [ '1.18.1' ],
5546 silly audit   'is-plain-obj': [ '3.0.0' ],
5546 silly audit   eventemitter3: [ '4.0.7' ],
5546 silly audit   'follow-redirects': [ '1.15.11' ],
5546 silly audit   'dns-packet': [ '5.6.1' ],
5546 silly audit   thunky: [ '1.1.0' ],
5546 silly audit   '@leichtgewicht/ip-codec': [ '2.0.5' ],
5546 silly audit   'ee-first': [ '1.1.1' ],
5546 silly audit   '@types/retry': [ '0.12.0' ],
5546 silly audit   retry: [ '0.13.1' ],
5546 silly audit   forwarded: [ '0.2.0' ],
5546 silly audit   '@types/node-forge': [ '1.3.14' ],
5546 silly audit   'node-forge': [ '1.3.1' ],
5546 silly audit   mime: [ '1.6.0' ],
5546 silly audit   batch: [ '0.6.1' ],
5546 silly audit   'faye-websocket': [ '0.11.4' ],
5546 silly audit   uuid: [ '8.3.2' ],
5546 silly audit   'websocket-driver': [ '0.7.4' ],
5546 silly audit   'handle-thing': [ '2.0.1' ],
5546 silly audit   'http-deceiver': [ '1.2.7' ],
5546 silly audit   'select-hose': [ '2.0.0' ],
5546 silly audit   'spdy-transport': [ '3.0.0' ],
5546 silly audit   'detect-node': [ '2.1.0' ],
5546 silly audit   'hpack.js': [ '2.1.6' ],
5546 silly audit   obuf: [ '1.1.2' ],
5546 silly audit   'readable-stream': [ '3.6.2', '2.3.8' ],
5546 silly audit   wbuf: [ '1.7.3' ],
5546 silly audit   string_decoder: [ '1.3.0', '1.1.1' ],
5546 silly audit   'media-typer': [ '0.3.0' ],
5546 silly audit   'minimalistic-assert': [ '1.0.1' ],
5546 silly audit   'http-parser-js': [ '0.5.10' ],
5546 silly audit   'websocket-extensions': [ '0.1.4' ],
5546 silly audit   tr46: [ '2.1.0', '1.0.1' ],
5546 silly audit   isexe: [ '2.0.0' ],
5546 silly audit   'is-bigint': [ '1.1.0' ],
5546 silly audit   'is-boolean-object': [ '1.2.2' ],
5546 silly audit   'is-number-object': [ '1.1.1' ],
5546 silly audit   'is-async-function': [ '2.1.1' ],
5546 silly audit   'is-finalizationregistry': [ '1.1.1' ],
5546 silly audit   'is-generator-function': [ '1.1.0' ],
5546 silly audit   'which-collection': [ '1.0.2' ],
5546 silly audit   'async-function': [ '1.0.0' ],
5546 silly audit   'is-map': [ '2.0.3' ],
5546 silly audit   'is-weakmap': [ '2.0.2' ],
5546 silly audit   'is-weakset': [ '2.0.4' ],
5546 silly audit   'pretty-bytes': [ '5.6.0' ],
5546 silly audit   upath: [ '1.2.0' ],
5546 silly audit   'workbox-build': [ '6.6.0' ],
5546 silly audit   '@apideck/better-ajv-errors': [ '0.3.6' ],
5546 silly audit   '@rollup/plugin-babel': [ '5.3.1' ],
5546 silly audit   rollup: [ '2.79.2' ],
5546 silly audit   '@rollup/plugin-node-resolve': [ '11.2.1' ],
5546 silly audit   '@rollup/plugin-replace': [ '2.4.2' ],
5546 silly audit   '@surma/rollup-plugin-off-main-thread': [ '2.2.3' ],
5546 silly audit   'common-tags': [ '1.8.2' ],
5546 silly audit   'rollup-plugin-terser': [ '7.0.2' ],
5546 silly audit   'stringify-object': [ '3.3.0' ],
5546 silly audit   'strip-comments': [ '2.0.1' ],
5546 silly audit   tempy: [ '0.6.0' ],
5546 silly audit   'workbox-background-sync': [ '6.6.0' ],
5546 silly audit   'workbox-broadcast-update': [ '6.6.0' ],
5546 silly audit   'workbox-cacheable-response': [ '6.6.0' ],
5546 silly audit   'workbox-core': [ '6.6.0' ],
5546 silly audit   'workbox-expiration': [ '6.6.0' ],
5546 silly audit   'workbox-google-analytics': [ '6.6.0' ],
5546 silly audit   'workbox-navigation-preload': [ '6.6.0' ],
5546 silly audit   'workbox-precaching': [ '6.6.0' ],
5546 silly audit   'workbox-range-requests': [ '6.6.0' ],
5546 silly audit   'workbox-recipes': [ '6.6.0' ],
5546 silly audit   'workbox-routing': [ '6.6.0' ],
5546 silly audit   'workbox-strategies': [ '6.6.0' ],
5546 silly audit   'workbox-streams': [ '6.6.0' ],
5546 silly audit   'workbox-sw': [ '6.6.0' ],
5546 silly audit   'workbox-window': [ '6.6.0' ],
5546 silly audit   '@rollup/pluginutils': [ '3.1.0' ],
5546 silly audit   '@types/resolve': [ '1.17.1' ],
5546 silly audit   'builtin-modules': [ '3.3.0' ],
5546 silly audit   'is-module': [ '1.0.0' ],
5546 silly audit   'estree-walker': [ '1.0.1' ],
5546 silly audit   ejs: [ '3.1.10' ],
5546 silly audit   jake: [ '10.9.4' ],
5546 silly audit   async: [ '3.2.6' ],
5546 silly audit   filelist: [ '1.0.4' ],
5546 silly audit   'get-own-enumerable-property-symbols': [ '3.0.2' ],
5546 silly audit   'is-obj': [ '1.0.1' ],
5546 silly audit   'is-regexp': [ '1.0.0' ],
5546 silly audit   'temp-dir': [ '2.0.0' ],
5546 silly audit   'unique-string': [ '2.0.0' ],
5546 silly audit   'crypto-random-string': [ '2.0.0' ],
5546 silly audit   idb: [ '7.1.1' ],
5546 silly audit   '@types/trusted-types': [ '2.0.7' ],
5546 silly audit   'is-typedarray': [ '1.0.0' ],
5546 silly audit   'typedarray-to-buffer': [ '3.1.5' ],
5546 silly audit   cliui: [ '7.0.4' ],
5546 silly audit   'get-caller-file': [ '2.0.5' ],
5546 silly audit   'require-directory': [ '2.1.1' ],
5546 silly audit   'string-width': [ '4.2.3', '5.1.2' ],
5546 silly audit   y18n: [ '5.0.8' ],
5546 silly audit   'yargs-parser': [ '20.2.9' ],
5546 silly audit   'wrap-ansi': [ '7.0.0', '8.1.0' ],
5546 silly audit   'is-fullwidth-code-point': [ '3.0.0' ],
5546 silly audit   'sourcemap-codec': [ '1.4.8' ],
5546 silly audit   'fast-uri': [ '3.1.0' ],
5546 silly audit   'require-from-string': [ '2.0.2' ],
5546 silly audit   'color-convert': [ '2.0.1', '1.9.3' ],
5546 silly audit   'color-name': [ '1.1.4', '1.1.3' ],
5546 silly audit   'yocto-queue': [ '0.1.0' ],
5546 silly audit   'at-least-node': [ '1.0.0' ],
5546 silly audit   'core-util-is': [ '1.0.3' ],
5546 silly audit   'process-nextick-args': [ '2.0.1' ],
5546 silly audit   '@jest/schemas': [ '28.1.3' ],
5546 silly audit   '@sinclair/typebox': [ '0.24.51' ],
5546 silly audit   '@trysound/sax': [ '0.2.0' ],
5546 silly audit   'foreground-child': [ '3.3.1' ],
5546 silly audit   jackspeak: [ '3.4.3' ],
5546 silly audit   'package-json-from-dist': [ '1.0.1' ],
5546 silly audit   'path-scurry': [ '1.11.1' ],
5546 silly audit   '@isaacs/cliui': [ '8.0.2' ],
5546 silly audit   '@pkgjs/parseargs': [ '0.11.0' ],
5546 silly audit   eastasianwidth: [ '0.2.0' ],
5546 silly audit   'source-list-map': [ '2.0.1' ],
5546 silly audit   'json-schema': [ '0.4.0' ],
5546 silly audit   jsonpointer: [ '5.0.1' ],
5546 silly audit   'lodash.sortby': [ '4.7.0' ],
5546 silly audit   '@tailwindcss/oxide-wasm32-wasi': [ '4.1.13' ]
5546 silly audit }
5547 verbose reify failed optional dependency /home/ubuntu/frontend/node_modules/fsevents
5548 silly reify mark deleted [ '/home/ubuntu/frontend/node_modules/fsevents' ]
5549 verbose reify failed optional dependency /home/ubuntu/frontend/node_modules/lightningcss-win32-x64-msvc
5550 silly reify mark deleted [ '/home/ubuntu/frontend/node_modules/lightningcss-win32-x64-msvc' ]
5551 verbose reify failed optional dependency /home/ubuntu/frontend/node_modules/lightningcss-win32-arm64-msvc
5552 silly reify mark deleted [ '/home/ubuntu/frontend/node_modules/lightningcss-win32-arm64-msvc' ]
5553 verbose reify failed optional dependency /home/ubuntu/frontend/node_modules/lightningcss-linux-arm64-musl
5554 silly reify mark deleted [ '/home/ubuntu/frontend/node_modules/lightningcss-linux-arm64-musl' ]
5555 verbose reify failed optional dependency /home/ubuntu/frontend/node_modules/lightningcss-linux-arm64-gnu
5556 silly reify mark deleted [ '/home/ubuntu/frontend/node_modules/lightningcss-linux-arm64-gnu' ]
5557 verbose reify failed optional dependency /home/ubuntu/frontend/node_modules/lightningcss-linux-arm-gnueabihf
5558 silly reify mark deleted [
5558 silly reify   '/home/ubuntu/frontend/node_modules/lightningcss-linux-arm-gnueabihf'
5558 silly reify ]
5559 verbose reify failed optional dependency /home/ubuntu/frontend/node_modules/lightningcss-freebsd-x64
5560 silly reify mark deleted [ '/home/ubuntu/frontend/node_modules/lightningcss-freebsd-x64' ]
5561 verbose reify failed optional dependency /home/ubuntu/frontend/node_modules/lightningcss-darwin-x64
5562 silly reify mark deleted [ '/home/ubuntu/frontend/node_modules/lightningcss-darwin-x64' ]
5563 verbose reify failed optional dependency /home/ubuntu/frontend/node_modules/lightningcss-darwin-arm64
5564 silly reify mark deleted [ '/home/ubuntu/frontend/node_modules/lightningcss-darwin-arm64' ]
5565 verbose reify failed optional dependency /home/ubuntu/frontend/node_modules/@tailwindcss/oxide-win32-x64-msvc
5566 silly reify mark deleted [
5566 silly reify   '/home/ubuntu/frontend/node_modules/@tailwindcss/oxide-win32-x64-msvc'
5566 silly reify ]
5567 verbose reify failed optional dependency /home/ubuntu/frontend/node_modules/@tailwindcss/oxide-win32-arm64-msvc
5568 silly reify mark deleted [
5568 silly reify   '/home/ubuntu/frontend/node_modules/@tailwindcss/oxide-win32-arm64-msvc'
5568 silly reify ]
5569 verbose reify failed optional dependency /home/ubuntu/frontend/node_modules/@tailwindcss/oxide-linux-arm64-musl
5570 silly reify mark deleted [
5570 silly reify   '/home/ubuntu/frontend/node_modules/@tailwindcss/oxide-linux-arm64-musl'
5570 silly reify ]
5571 verbose reify failed optional dependency /home/ubuntu/frontend/node_modules/@tailwindcss/oxide-linux-arm64-gnu
5572 silly reify mark deleted [
5572 silly reify   '/home/ubuntu/frontend/node_modules/@tailwindcss/oxide-linux-arm64-gnu'
5572 silly reify ]
5573 verbose reify failed optional dependency /home/ubuntu/frontend/node_modules/@tailwindcss/oxide-linux-arm-gnueabihf
5574 silly reify mark deleted [
5574 silly reify   '/home/ubuntu/frontend/node_modules/@tailwindcss/oxide-linux-arm-gnueabihf'
5574 silly reify ]
5575 verbose reify failed optional dependency /home/ubuntu/frontend/node_modules/@tailwindcss/oxide-freebsd-x64
5576 silly reify mark deleted [ '/home/ubuntu/frontend/node_modules/@tailwindcss/oxide-freebsd-x64' ]
5577 verbose reify failed optional dependency /home/ubuntu/frontend/node_modules/@tailwindcss/oxide-darwin-x64
5578 silly reify mark deleted [ '/home/ubuntu/frontend/node_modules/@tailwindcss/oxide-darwin-x64' ]
5579 verbose reify failed optional dependency /home/ubuntu/frontend/node_modules/@tailwindcss/oxide-darwin-arm64
5580 silly reify mark deleted [
5580 silly reify   '/home/ubuntu/frontend/node_modules/@tailwindcss/oxide-darwin-arm64'
5580 silly reify ]
5581 verbose reify failed optional dependency /home/ubuntu/frontend/node_modules/@tailwindcss/oxide-android-arm64
5582 silly reify mark deleted [
5582 silly reify   '/home/ubuntu/frontend/node_modules/@tailwindcss/oxide-android-arm64'
5582 silly reify ]
5583 timing reifyNode:node_modules/fsevents Completed in 228ms
5584 timing reifyNode:node_modules/lightningcss-win32-x64-msvc Completed in 220ms
5585 timing reifyNode:node_modules/lightningcss-win32-arm64-msvc Completed in 220ms
5586 timing reifyNode:node_modules/lightningcss-linux-arm64-musl Completed in 220ms
5587 timing reifyNode:node_modules/lightningcss-linux-arm64-gnu Completed in 219ms
5588 timing reifyNode:node_modules/lightningcss-linux-arm-gnueabihf Completed in 219ms
5589 timing reifyNode:node_modules/lightningcss-freebsd-x64 Completed in 219ms
5590 timing reifyNode:node_modules/lightningcss-darwin-x64 Completed in 219ms
5591 timing reifyNode:node_modules/lightningcss-darwin-arm64 Completed in 219ms
5592 timing reifyNode:node_modules/@tailwindcss/oxide-win32-x64-msvc Completed in 215ms
5593 timing reifyNode:node_modules/@tailwindcss/oxide-win32-arm64-msvc Completed in 216ms
5594 timing reifyNode:node_modules/@tailwindcss/oxide-linux-arm64-musl Completed in 214ms
5595 timing reifyNode:node_modules/@tailwindcss/oxide-linux-arm64-gnu Completed in 214ms
5596 timing reifyNode:node_modules/@tailwindcss/oxide-linux-arm-gnueabihf Completed in 214ms
5597 timing reifyNode:node_modules/@tailwindcss/oxide-freebsd-x64 Completed in 214ms
5598 timing reifyNode:node_modules/@tailwindcss/oxide-darwin-x64 Completed in 214ms
5599 timing reifyNode:node_modules/@tailwindcss/oxide-darwin-arm64 Completed in 214ms
5600 timing reifyNode:node_modules/@tailwindcss/oxide-android-arm64 Completed in 214ms
5601 http fetch POST 200 https://registry.npmjs.org/-/npm/v1/security/advisories/bulk 2564ms
5602 timing auditReport:getReport Completed in 2610ms
5603 silly audit report {
5603 silly audit report   postcss: [
5603 silly audit report     {
5603 silly audit report       id: 1094544,
5603 silly audit report       url: 'https://github.com/advisories/GHSA-7fh5-64p2-3v2j',
5603 silly audit report       title: 'PostCSS line return parsing error',
5603 silly audit report       severity: 'moderate',
5603 silly audit report       vulnerable_versions: '<8.4.31',
5603 silly audit report       cwe: [Array],
5603 silly audit report       cvss: [Object]
5603 silly audit report     }
5603 silly audit report   ],
5603 silly audit report   'webpack-dev-server': [
5603 silly audit report     {
5603 silly audit report       id: 1105256,
5603 silly audit report       url: 'https://github.com/advisories/GHSA-9jgg-88mc-972h',
5603 silly audit report       title: "webpack-dev-server users' source code may be stolen when they access a malicious web site with non-Chromium based browser",
5603 silly audit report       severity: 'moderate',
5603 silly audit report       vulnerable_versions: '<=5.2.0',
5603 silly audit report       cwe: [Array],
5603 silly audit report       cvss: [Object]
5603 silly audit report     },
5603 silly audit report     {
5603 silly audit report       id: 1105257,
5603 silly audit report       url: 'https://github.com/advisories/GHSA-4v9v-hfq4-rm2v',
5603 silly audit report       title: "webpack-dev-server users' source code may be stolen when they access a malicious web site",
5603 silly audit report       severity: 'moderate',
5603 silly audit report       vulnerable_versions: '<=5.2.0',
5603 silly audit report       cwe: [Array],
5603 silly audit report       cvss: [Object]
5603 silly audit report     }
5603 silly audit report   ],
5603 silly audit report   'nth-check': [
5603 silly audit report     {
5603 silly audit report       id: 1095141,
5603 silly audit report       url: 'https://github.com/advisories/GHSA-rp65-9cf3-cjxr',
5603 silly audit report       title: 'Inefficient Regular Expression Complexity in nth-check',
5603 silly audit report       severity: 'high',
5603 silly audit report       vulnerable_versions: '<2.0.1',
5603 silly audit report       cwe: [Array],
5603 silly audit report       cvss: [Object]
5603 silly audit report     }
5603 silly audit report   ]
5603 silly audit report }
5604 timing metavuln:packument:postcss Completed in 1ms
5605 timing metavuln:packument:webpack-dev-server Completed in 1ms
5606 timing metavuln:packument:nth-check Completed in 1ms
5607 timing reifyNode:node_modules/natural-compare Completed in 6342ms
5608 timing reifyNode:node_modules/eastasianwidth Completed in 6515ms
5609 timing reifyNode:node_modules/@types/connect Completed in 6501ms
5610 timing reifyNode:node_modules/@types/qs Completed in 6501ms
5611 timing reifyNode:node_modules/@types/body-parser Completed in 6500ms
5612 timing reifyNode:node_modules/boolbase Completed in 6487ms
5613 timing reifyNode:node_modules/strip-final-newline Completed in 6493ms
5614 timing reifyNode:node_modules/merge-stream Completed in 6493ms
5615 timing reifyNode:node_modules/natural-compare-lite Completed in 6474ms
5616 timing reifyNode:node_modules/@nicolo-ribaudo/eslint-scope-5-internals Completed in 6476ms
5617 timing reifyNode:node_modules/glob-parent Completed in 6469ms
5618 timing reifyNode:node_modules/eslint-import-resolver-node Completed in 6491ms
5619 timing reifyNode:node_modules/run-parallel Completed in 6497ms
5620 timing reifyNode:node_modules/babel-plugin-named-asset-import Completed in 6440ms
5621 timing reifyNode:node_modules/serve-index/node_modules/ms Completed in 6603ms
5622 timing reifyNode:node_modules/express/node_modules/ms Completed in 6603ms
5623 timing reifyNode:node_modules/compression/node_modules/ms Completed in 6602ms
5624 timing reifyNode:node_modules/wrap-ansi-cjs Completed in 6651ms
5625 timing reifyNode:node_modules/process-nextick-args Completed in 6646ms
5626 timing reifyNode:node_modules/at-least-node Completed in 6645ms
5627 timing reifyNode:node_modules/is-regexp Completed in 6642ms
5628 timing reifyNode:node_modules/color-name Completed in 6646ms
5629 timing reifyNode:node_modules/svgo/node_modules/domutils/node_modules/domelementtype Completed in 6496ms
5630 timing reifyNode:node_modules/svgo/node_modules/escape-string-regexp Completed in 6496ms
5631 timing reifyNode:node_modules/svgo/node_modules/ansi-styles Completed in 6497ms
5632 timing reifyNode:node_modules/@types/resolve Completed in 6645ms
5633 timing reifyNode:node_modules/require-from-string Completed in 6657ms
5634 timing reifyNode:node_modules/path-to-regexp Completed in 6634ms
5635 timing reifyNode:node_modules/tempy Completed in 6648ms
5636 timing reifyNode:node_modules/escape-html Completed in 6631ms
5637 timing reifyNode:node_modules/encodeurl Completed in 6631ms
5638 timing reifyNode:node_modules/array-flatten Completed in 6630ms
5639 timing reifyNode:node_modules/@types/http-errors Completed in 6629ms
5640 timing reifyNode:node_modules/@types/send Completed in 6629ms
5641 timing reifyNode:node_modules/@types/range-parser Completed in 6630ms
5642 timing reifyNode:node_modules/@types/sockjs Completed in 6641ms
5643 timing reifyNode:node_modules/@types/serve-static Completed in 6642ms
5644 timing reifyNode:node_modules/@types/serve-index Completed in 6642ms
5645 timing reifyNode:node_modules/@types/express Completed in 6641ms
5646 timing reifyNode:node_modules/@types/connect-history-api-fallback Completed in 6641ms
5647 timing reifyNode:node_modules/@types/bonjour Completed in 6641ms
5648 timing reifyNode:node_modules/merge-descriptors Completed in 6654ms
5649 timing reifyNode:node_modules/http-errors Completed in 6653ms
5650 timing reifyNode:node_modules/global-prefix Completed in 6627ms
5651 timing reifyNode:node_modules/read-cache Completed in 6642ms
5652 timing reifyNode:node_modules/recursive-readdir Completed in 6627ms
5653 timing reifyNode:node_modules/min-indent Completed in 6636ms
5654 timing reifyNode:node_modules/buffer-from Completed in 6636ms
5655 timing reifyNode:node_modules/isarray Completed in 6635ms
5656 timing reifyNode:node_modules/path-parse Completed in 6634ms
5657 timing reifyNode:node_modules/unicode-match-property-ecmascript Completed in 6636ms
5658 timing reifyNode:node_modules/regjsgen Completed in 6636ms
5659 timing reifyNode:node_modules/ini Completed in 6634ms
5660 timing reifyNode:node_modules/error-ex Completed in 6624ms
5661 timing reifyNode:node_modules/fast-levenshtein Completed in 6623ms
5662 timing reifyNode:node_modules/brace-expansion Completed in 6624ms
5663 timing reifyNode:node_modules/shebang-regex Completed in 6646ms
5664 timing reifyNode:node_modules/@tootallnate/once Completed in 6621ms
5665 timing reifyNode:node_modules/fb-watchman Completed in 6611ms
5666 timing reifyNode:node_modules/combined-stream Completed in 6624ms
5667 timing reifyNode:node_modules/wrappy Completed in 6611ms
5668 timing reifyNode:node_modules/path-is-absolute Completed in 6612ms
5669 timing reifyNode:node_modules/once Completed in 6612ms
5670 warn deprecated inflight@1.0.6: This module is not supported, and leaks memory. Do not use it. Check out lru-cache if you want a good and tested way to coalesce async requests by a key value, which is much more comprehensive and powerful.
5671 timing reifyNode:node_modules/inflight Completed in 6613ms
5672 timing reifyNode:node_modules/is-extglob Completed in 6611ms
5673 timing reifyNode:node_modules/parent-module Completed in 6612ms
5674 timing reifyNode:node_modules/@types/html-minifier-terser Completed in 6608ms
5675 timing reifyNode:node_modules/merge2 Completed in 6608ms
5676 timing reifyNode:node_modules/dir-glob Completed in 6607ms
5677 timing reifyNode:node_modules/universalify Completed in 6606ms
5678 timing reifyNode:node_modules/@jest/environment Completed in 6621ms
5679 timing reifyNode:node_modules/jest-get-type Completed in 6622ms
5680 timing reifyNode:node_modules/jest-environment-node Completed in 6622ms
5681 timing reifyNode:node_modules/jest-environment-jsdom Completed in 6621ms
5682 timing reifyNode:node_modules/@jest/test-sequencer Completed in 6620ms
5683 timing reifyNode:node_modules/normalize-path Completed in 6607ms
5684 timing reifyNode:node_modules/string-length Completed in 6623ms
5685 timing reifyNode:node_modules/signal-exit Completed in 6630ms
5686 timing reifyNode:node_modules/onetime Completed in 6630ms
5687 timing reifyNode:node_modules/npm-run-path Completed in 6630ms
5688 timing reifyNode:node_modules/is-stream Completed in 6630ms
5689 timing reifyNode:node_modules/string-natural-compare Completed in 6604ms
5690 timing reifyNode:node_modules/confusing-browser-globals Completed in 6603ms
5691 timing reifyNode:node_modules/shebang-command Completed in 6601ms
5692 timing reifyNode:node_modules/imurmurhash Completed in 6596ms
5693 timing reifyNode:node_modules/ms Completed in 6594ms
5694 timing reifyNode:node_modules/strip-ansi Completed in 6615ms
5695 timing reifyNode:node_modules/strip-json-comments Completed in 6615ms
5696 timing reifyNode:node_modules/is-path-inside Completed in 6615ms
5697 timing reifyNode:node_modules/is-glob Completed in 6616ms
5698 timing reifyNode:node_modules/normalize-range Completed in 6553ms
5699 timing reifyNode:node_modules/send/node_modules/debug/node_modules/ms Completed in 6728ms
5700 timing reifyNode:node_modules/finalhandler/node_modules/ms Completed in 6724ms
5701 timing reifyNode:node_modules/body-parser/node_modules/ms Completed in 6723ms
5702 timing reifyNode:node_modules/coa/node_modules/has-flag Completed in 6704ms
5703 timing reifyNode:node_modules/coa/node_modules/escape-string-regexp Completed in 6706ms
5704 timing reifyNode:node_modules/coa/node_modules/ansi-styles Completed in 6706ms
5705 timing reifyNode:node_modules/pkg-up/node_modules/path-exists Completed in 6695ms
5706 timing reifyNode:node_modules/pkg-up/node_modules/p-locate Completed in 6696ms
5707 timing reifyNode:node_modules/pkg-up/node_modules/locate-path Completed in 6696ms
5708 timing reifyNode:node_modules/pkg-up/node_modules/find-up Completed in 6696ms
5709 timing reifyNode:node_modules/send/node_modules/encodeurl Completed in 6733ms
5710 timing reifyNode:node_modules/serve-index/node_modules/inherits Completed in 6725ms
5711 timing reifyNode:node_modules/serve-index/node_modules/setprototypeof Completed in 6726ms
5712 timing reifyNode:node_modules/wrap-ansi Completed in 6759ms
5713 timing reifyNode:node_modules/@jest/transform/node_modules/convert-source-map Completed in 6609ms
5714 timing reifyNode:node_modules/svgo/node_modules/has-flag Completed in 6609ms
5715 timing reifyNode:node_modules/jsonpointer Completed in 6772ms
5716 timing reifyNode:node_modules/strip-ansi-cjs Completed in 6768ms
5717 timing reifyNode:node_modules/string-width-cjs Completed in 6767ms
5718 timing reifyNode:node_modules/core-util-is Completed in 6765ms
5719 timing reifyNode:node_modules/yocto-queue Completed in 6765ms
5720 timing reifyNode:node_modules/is-obj Completed in 6761ms
5721 timing reifyNode:node_modules/stringify-object Completed in 6755ms
5722 timing reifyNode:node_modules/svgo/node_modules/supports-color Completed in 6616ms
5723 timing reifyNode:node_modules/minimalistic-assert Completed in 6754ms
5724 timing reifyNode:node_modules/import-fresh/node_modules/resolve-from Completed in 6632ms
5725 timing reifyNode:node_modules/is-module Completed in 6766ms
5726 timing reifyNode:node_modules/@types/retry Completed in 6755ms
5727 timing reifyNode:node_modules/@types/http-proxy Completed in 6758ms
5728 timing reifyNode:node_modules/ee-first Completed in 6758ms
5729 timing reifyNode:node_modules/destroy Completed in 6757ms
5730 timing reifyNode:node_modules/range-parser Completed in 6763ms
5731 timing reifyNode:node_modules/parseurl Completed in 6760ms
5732 timing reifyNode:node_modules/methods Completed in 6760ms
5733 timing reifyNode:node_modules/fresh Completed in 6759ms
5734 timing reifyNode:node_modules/accepts Completed in 6759ms
5735 timing reifyNode:node_modules/etag Completed in 6762ms
5736 timing reifyNode:node_modules/bytes Completed in 6760ms
5737 timing reifyNode:node_modules/vary Completed in 6762ms
5738 timing reifyNode:node_modules/resolve-url-loader/node_modules/convert-source-map Completed in 6615ms
5739 timing reifyNode:node_modules/cookie-signature Completed in 6766ms
5740 timing reifyNode:node_modules/compressible Completed in 6764ms
5741 timing reifyNode:node_modules/content-type Completed in 6766ms
5742 timing reifyNode:node_modules/p-retry Completed in 6762ms
5743 timing reifyNode:node_modules/on-headers Completed in 6766ms
5744 timing reifyNode:node_modules/connect-history-api-fallback Completed in 6766ms
5745 timing reifyNode:node_modules/@types/eslint-scope Completed in 6763ms
5746 timing reifyNode:node_modules/querystringify Completed in 6762ms
5747 timing reifyNode:node_modules/@types/mime Completed in 6771ms
5748 timing reifyNode:node_modules/@types/express-serve-static-core Completed in 6770ms
5749 timing reifyNode:node_modules/unicode-property-aliases-ecmascript Completed in 6763ms
5750 timing reifyNode:node_modules/unicode-canonical-property-names-ecmascript Completed in 6763ms
5751 timing reifyNode:node_modules/@types/json5 Completed in 6762ms
5752 timing reifyNode:node_modules/is-number Completed in 6762ms
5753 timing reifyNode:node_modules/pify Completed in 6763ms
5754 timing reifyNode:node_modules/global-modules Completed in 6745ms
5755 timing reifyNode:node_modules/object-assign Completed in 6745ms
5756 timing reifyNode:node_modules/eslint/node_modules/locate-path Completed in 6621ms
5757 timing reifyNode:node_modules/eslint/node_modules/find-up Completed in 6621ms
5758 timing reifyNode:node_modules/is-binary-path Completed in 6752ms
5759 timing reifyNode:node_modules/postcss-nested Completed in 6767ms
5760 timing reifyNode:node_modules/pkg-up Completed in 6751ms
5761 timing reifyNode:node_modules/eslint/node_modules/p-locate Completed in 6625ms
5762 timing reifyNode:node_modules/postcss-opacity-percentage Completed in 6748ms
5763 timing reifyNode:node_modules/tmpl Completed in 6779ms
5764 timing reifyNode:node_modules/browser-process-hrtime Completed in 6777ms
5765 timing reifyNode:node_modules/eslint/node_modules/p-limit Completed in 6632ms
5766 timing reifyNode:node_modules/char-regex Completed in 6767ms
5767 timing reifyNode:node_modules/didyoumean Completed in 6776ms
5768 timing reifyNode:node_modules/arg Completed in 6775ms
5769 timing reifyNode:node_modules/unquote Completed in 6774ms
5770 warn deprecated stable@0.1.8: Modern JS already guarantees Array#sort() is a stable sort, so this library is deprecated. See the compatibility table on MDN: https://developer.mozilla.org/en-US/docs/Web/JavaScript/Reference/Global_Objects/Array/sort#browser_compatibility
5771 timing reifyNode:node_modules/stable Completed in 6775ms
5772 timing reifyNode:node_modules/has-flag Completed in 6770ms
5773 timing reifyNode:node_modules/queue-microtask Completed in 6768ms
5774 timing reifyNode:node_modules/strip-indent Completed in 6765ms
5775 timing reifyNode:node_modules/indent-string Completed in 6765ms
5776 timing reifyNode:node_modules/define-lazy-prop Completed in 6765ms
5777 timing reifyNode:node_modules/is-wsl Completed in 6766ms
5778 timing reifyNode:node_modules/lodash.uniq Completed in 6756ms
5779 timing reifyNode:node_modules/lodash.memoize Completed in 6757ms
5780 timing reifyNode:node_modules/json-parse-even-better-errors Completed in 6756ms
5781 timing reifyNode:node_modules/p-try Completed in 6756ms
5782 timing reifyNode:node_modules/p-limit Completed in 6756ms
5783 timing reifyNode:node_modules/word-wrap Completed in 6758ms
5784 timing reifyNode:node_modules/mimic-fn Completed in 6758ms
5785 timing reifyNode:node_modules/to-regex-range Completed in 6753ms
5786 timing reifyNode:node_modules/fill-range Completed in 6753ms
5787 timing reifyNode:node_modules/p-locate Completed in 6754ms
5788 timing reifyNode:node_modules/kind-of Completed in 6772ms
5789 timing reifyNode:node_modules/is-potential-custom-element-name Completed in 6751ms
5790 timing reifyNode:node_modules/acorn-globals Completed in 6754ms
5791 timing reifyNode:node_modules/escape-string-regexp Completed in 6709ms
5792 timing reifyNode:node_modules/html-encoding-sniffer Completed in 6758ms
5793 timing reifyNode:node_modules/@types/stack-utils Completed in 6755ms
5794 timing reifyNode:node_modules/@types/graceful-fs Completed in 6754ms
5795 timing reifyNode:node_modules/parse-json Completed in 6706ms
5796 timing reifyNode:node_modules/@types/parse-json Completed in 6706ms
5797 timing reifyNode:node_modules/mime-types Completed in 6766ms
5798 timing reifyNode:node_modules/find-cache-dir Completed in 6702ms
5799 timing reifyNode:node_modules/@types/yargs-parser Completed in 6701ms
5800 timing reifyNode:node_modules/@types/istanbul-lib-report Completed in 6701ms
5801 timing reifyNode:node_modules/@types/babel__template Completed in 6700ms
5802 timing reifyNode:node_modules/@types/babel__generator Completed in 6701ms
5803 timing reifyNode:node_modules/delayed-stream Completed in 6786ms
5804 timing reifyNode:node_modules/@types/istanbul-reports Completed in 6719ms
5805 timing reifyNode:node_modules/dedent Completed in 6777ms
5806 warn deprecated @babel/plugin-proposal-nullish-coalescing-operator@7.18.6: This proposal has been merged to the ECMAScript standard and thus this plugin is no longer maintained. Please use @babel/plugin-transform-nullish-coalescing-operator instead.
5807 timing reifyNode:node_modules/@babel/plugin-proposal-nullish-coalescing-operator Completed in 6725ms
5808 timing reifyNode:node_modules/@types/istanbul-lib-coverage Completed in 6721ms
5809 timing reifyNode:node_modules/babel-preset-jest Completed in 6717ms
5810 timing reifyNode:node_modules/resolve-cwd Completed in 6775ms
5811 timing reifyNode:node_modules/inherits Completed in 6776ms
5812 timing reifyNode:node_modules/terminal-link Completed in 6776ms
5813 timing reifyNode:node_modules/jest-resolve-dependencies Completed in 6774ms
5814 timing reifyNode:node_modules/array-union Completed in 6767ms
5815 timing reifyNode:node_modules/jsonfile Completed in 6767ms
5816 timing reifyNode:node_modules/co Completed in 6783ms
5817 timing reifyNode:node_modules/throat Completed in 6780ms
5818 timing reifyNode:node_modules/path-exists Completed in 6769ms
5819 timing reifyNode:node_modules/locate-path Completed in 6769ms
5820 timing reifyNode:node_modules/pkg-dir Completed in 6769ms
5821 timing reifyNode:node_modules/collect-v8-coverage Completed in 6781ms
5822 timing reifyNode:node_modules/path-key Completed in 6758ms
5823 timing metavuln:cache:get:security-advisory:webpack-dev-server:Z7AjNusKl1CgBZPCPTItg7KHh+BhgGHeWH0S+sBeqHqZs6dIK6PrrIf3i8QOPOIxSjzxXTMcMmEB2czw7D5FmQ== Completed in 4334ms
5824 timing metavuln:load:security-advisory:webpack-dev-server:1105256 Completed in 2ms
5825 timing metavuln:calculate:security-advisory:webpack-dev-server:1105256 Completed in 4336ms
5826 timing metavuln:cache:get:security-advisory:webpack-dev-server:puhljcRntNlKhY0rTSto+zi31YOKastUQmvjyoKmDPVNVEqQcqVcjyYJCIa0t/JsSwbDYktSwzSNqVW8Px/nEA== Completed in 4337ms
5827 timing metavuln:load:security-advisory:webpack-dev-server:1105257 Completed in 3ms
5828 timing metavuln:calculate:security-advisory:webpack-dev-server:1105257 Completed in 4340ms
5829 timing metavuln:cache:get:security-advisory:nth-check:u9kIbs88jjqPq0zHVBinwei/KZ5GCRRfUp85vuDQlT/Si01qI5XVVQOSRujFCbyFsnHqETob3CApPmYQZ74K2A== Completed in 4340ms
5830 timing metavuln:load:security-advisory:nth-check:1095141 Completed in 0ms
5831 timing metavuln:calculate:security-advisory:nth-check:1095141 Completed in 4340ms
5832 timing reifyNode:node_modules/@types/json-schema Completed in 6774ms
5833 timing metavuln:cache:get:security-advisory:postcss:ylHlqxOD5gx7vcQurwTZyQHJsodRCM2yV95izcDPSahj+DDa6IEdlDh7BWAlf7fDDEd+NyVQHm50pHmcApHI4w== Completed in 4343ms
5834 timing metavuln:load:security-advisory:postcss:1094544 Completed in 1ms
5835 timing metavuln:calculate:security-advisory:postcss:1094544 Completed in 4346ms
5836 timing metavuln:packument:resolve-url-loader Completed in 1ms
5837 timing reifyNode:node_modules/css.escape Completed in 6710ms
5838 timing reifyNode:node_modules/@types/aria-query Completed in 6709ms
5839 timing reifyNode:node_modules/@svgr/babel-plugin-remove-jsx-attribute Completed in 6755ms
5840 timing reifyNode:node_modules/@svgr/babel-plugin-add-jsx-attribute Completed in 6756ms
5841 timing reifyNode:node_modules/@svgr/babel-preset Completed in 6757ms
5842 timing reifyNode:node_modules/@babel/plugin-syntax-jsx Completed in 6757ms
5843 timing reifyNode:node_modules/camelcase Completed in 6726ms
5844 timing reifyNode:node_modules/ansi-regex Completed in 6723ms
5845 timing reifyNode:node_modules/@babel/plugin-syntax-import-assertions Completed in 6749ms
5846 timing reifyNode:node_modules/coa/node_modules/supports-color Completed in 6869ms
5847 timing reifyNode:node_modules/chokidar/node_modules/glob-parent Completed in 6859ms
5848 timing reifyNode:node_modules/detect-port-alt/node_modules/ms Completed in 6858ms
5849 timing reifyNode:node_modules/tough-cookie/node_modules/universalify Completed in 6837ms
5850 timing reifyNode:node_modules/v8-to-istanbul/node_modules/convert-source-map Completed in 6827ms
5851 timing reifyNode:node_modules/tsconfig-paths/node_modules/strip-bom Completed in 6805ms
5852 timing reifyNode:node_modules/serve-index/node_modules/http-errors Completed in 6888ms
5853 timing reifyNode:node_modules/sucrase/node_modules/brace-expansion Completed in 6878ms
5854 timing reifyNode:node_modules/is-typedarray Completed in 6918ms
5855 timing reifyNode:node_modules/is-fullwidth-code-point Completed in 6920ms
5856 timing reifyNode:node_modules/string-width Completed in 6920ms
5857 timing reifyNode:node_modules/crypto-random-string Completed in 6919ms
5858 timing reifyNode:node_modules/unique-string Completed in 6920ms
5859 timing reifyNode:node_modules/@jest/schemas Completed in 6925ms
5860 timing reifyNode:node_modules/temp-dir Completed in 6921ms
5861 timing reifyNode:node_modules/pretty-bytes Completed in 6913ms
5862 timing reifyNode:node_modules/jest-worker/node_modules/supports-color Completed in 6792ms
5863 timing reifyNode:node_modules/@istanbuljs/load-nyc-config/node_modules/camelcase Completed in 6787ms
5864 timing reifyNode:node_modules/http-parser-js Completed in 6916ms
5865 timing reifyNode:node_modules/media-typer Completed in 6915ms
5866 timing reifyNode:node_modules/unpipe Completed in 6915ms
5867 timing reifyNode:node_modules/forwarded Completed in 6918ms
5868 timing reifyNode:node_modules/is-plain-obj Completed in 6918ms
5869 timing reifyNode:node_modules/toidentifier Completed in 6918ms
5870 timing reifyNode:node_modules/utils-merge Completed in 6917ms
5871 timing reifyNode:node_modules/type-is Completed in 6918ms
5872 timing reifyNode:node_modules/proxy-addr Completed in 6918ms
5873 timing reifyNode:node_modules/on-finished Completed in 6914ms
5874 timing reifyNode:node_modules/detect-node Completed in 6923ms
5875 timing reifyNode:node_modules/statuses Completed in 6919ms
5876 timing reifyNode:node_modules/setprototypeof Completed in 6920ms
5877 timing reifyNode:node_modules/jest-watch-typeahead/node_modules/slash Completed in 6760ms
5878 timing reifyNode:node_modules/thenify Completed in 6902ms
5879 timing reifyNode:node_modules/supports-hyperlinks Completed in 6902ms
5880 timing reifyNode:node_modules/thenify-all Completed in 6902ms
5881 timing reifyNode:node_modules/camelcase-css Completed in 6902ms
5882 timing reifyNode:node_modules/is-root Completed in 6885ms
5883 timing reifyNode:node_modules/gzip-size Completed in 6884ms
5884 timing reifyNode:node_modules/kleur Completed in 6884ms
5885 timing reifyNode:node_modules/postcss-replace-overflow-wrap Completed in 6884ms
5886 timing reifyNode:node_modules/postcss-page-break Completed in 6883ms
5887 timing reifyNode:node_modules/glob-to-regexp Completed in 6910ms
5888 timing reifyNode:node_modules/makeerror Completed in 6909ms
5889 timing reifyNode:node_modules/postcss-font-variant Completed in 6885ms
5890 timing reifyNode:node_modules/is-docker Completed in 6894ms
5891 timing reifyNode:node_modules/@types/q Completed in 6906ms
5892 timing reifyNode:node_modules/duplexer Completed in 6896ms
5893 timing reifyNode:node_modules/normalize-url Completed in 6886ms
5894 timing reifyNode:node_modules/lines-and-columns Completed in 6885ms
5895 timing reifyNode:node_modules/balanced-match Completed in 6884ms
5896 timing reifyNode:node_modules/yallist Completed in 6880ms
5897 timing reifyNode:node_modules/binary-extensions Completed in 6899ms
5898 timing reifyNode:node_modules/anymatch Completed in 6870ms
5899 timing reifyNode:node_modules/@jest/globals Completed in 6874ms
5900 timing reifyNode:node_modules/detect-newline Completed in 6874ms
5901 timing reifyNode:node_modules/leven Completed in 6875ms
5902 timing reifyNode:node_modules/strip-bom Completed in 6875ms
5903 timing reifyNode:node_modules/callsites Completed in 6873ms
5904 timing reifyNode:node_modules/bser Completed in 6873ms
5905 timing reifyNode:node_modules/stack-utils Completed in 6873ms
5906 timing reifyNode:node_modules/is-generator-fn Completed in 6872ms
5907 timing reifyNode:node_modules/postcss-discard-overridden Completed in 6825ms
5908 timing reifyNode:node_modules/serialize-javascript Completed in 6824ms
5909 timing reifyNode:node_modules/path-type Completed in 6824ms
5910 timing reifyNode:node_modules/import-fresh Completed in 6824ms
5911 timing reifyNode:node_modules/supports-color Completed in 6824ms
5912 warn deprecated @babel/plugin-proposal-private-methods@7.18.6: This proposal has been merged to the ECMAScript standard and thus this plugin is no longer maintained. Please use @babel/plugin-transform-private-methods instead.
5913 timing reifyNode:node_modules/@babel/plugin-proposal-private-methods Completed in 6823ms
5914 warn deprecated @babel/plugin-proposal-numeric-separator@7.18.6: This proposal has been merged to the ECMAScript standard and thus this plugin is no longer maintained. Please use @babel/plugin-transform-numeric-separator instead.
5915 timing reifyNode:node_modules/@babel/plugin-proposal-numeric-separator Completed in 6824ms
5916 warn deprecated @babel/plugin-proposal-class-properties@7.18.6: This proposal has been merged to the ECMAScript standard and thus this plugin is no longer maintained. Please use @babel/plugin-transform-class-properties instead.
5917 timing reifyNode:node_modules/@babel/plugin-proposal-class-properties Completed in 6823ms
5918 timing reifyNode:node_modules/@babel/plugin-syntax-top-level-await Completed in 6823ms
5919 timing reifyNode:node_modules/@babel/plugin-syntax-optional-chaining Completed in 6823ms
5920 timing reifyNode:node_modules/@babel/plugin-syntax-private-property-in-object Completed in 6824ms
5921 timing reifyNode:node_modules/@babel/plugin-syntax-optional-catch-binding Completed in 6823ms
5922 timing reifyNode:node_modules/@babel/plugin-syntax-object-rest-spread Completed in 6823ms
5923 timing reifyNode:node_modules/@babel/plugin-syntax-numeric-separator Completed in 6823ms
5924 timing reifyNode:node_modules/@babel/plugin-syntax-nullish-coalescing-operator Completed in 6823ms
5925 timing reifyNode:node_modules/@babel/plugin-syntax-logical-assignment-operators Completed in 6823ms
5926 timing reifyNode:node_modules/@babel/plugin-syntax-json-strings Completed in 6823ms
5927 timing reifyNode:node_modules/@babel/plugin-syntax-import-meta Completed in 6824ms
5928 timing reifyNode:node_modules/@babel/plugin-syntax-class-static-block Completed in 6824ms
5929 timing reifyNode:node_modules/@babel/plugin-syntax-bigint Completed in 6824ms
5930 timing reifyNode:node_modules/@babel/plugin-syntax-class-properties Completed in 6824ms
5931 timing reifyNode:node_modules/@babel/plugin-syntax-async-generators Completed in 6824ms
5932 timing reifyNode:node_modules/lodash.debounce Completed in 6825ms
5933 timing reifyNode:node_modules/resolve-from Completed in 6825ms
5934 timing reifyNode:node_modules/find-up Completed in 6825ms
5935 timing reifyNode:node_modules/make-dir Completed in 6824ms
5936 timing reifyNode:node_modules/jest-pnp-resolver Completed in 6884ms
5937 timing reifyNode:node_modules/jest-regex-util Completed in 6820ms
5938 timing reifyNode:node_modules/slash Completed in 6820ms
5939 timing reifyNode:node_modules/fs.realpath Completed in 6879ms
5940 timing reifyNode:node_modules/ansi-escapes Completed in 6877ms
5941 timing reifyNode:node_modules/get-stream Completed in 6881ms
5942 timing reifyNode:node_modules/esrecurse Completed in 6871ms
5943 timing reifyNode:node_modules/keyv Completed in 6880ms
5944 timing reifyNode:node_modules/@types/estree Completed in 6881ms
5945 timing reifyNode:node_modules/@rtsao/scc Completed in 6873ms
5946 timing reifyNode:node_modules/file-entry-cache Completed in 6862ms
5947 timing reifyNode:node_modules/@svgr/babel-plugin-transform-react-native-svg Completed in 6839ms
5948 timing reifyNode:node_modules/@svgr/babel-plugin-svg-em-dimensions Completed in 6839ms
5949 timing reifyNode:node_modules/@svgr/babel-plugin-svg-dynamic-title Completed in 6838ms
5950 timing reifyNode:node_modules/@svgr/babel-plugin-replace-jsx-attribute-value Completed in 6839ms
5951 timing reifyNode:node_modules/@svgr/babel-plugin-remove-jsx-empty-expression Completed in 6839ms
5952 timing reifyNode:node_modules/@babel/plugin-transform-react-pure-annotations Completed in 6839ms
5953 timing reifyNode:node_modules/@babel/plugin-transform-react-jsx-development Completed in 6838ms
5954 timing reifyNode:node_modules/@babel/plugin-transform-react-display-name Completed in 6839ms
5955 timing reifyNode:node_modules/@babel/helper-optimise-call-expression Completed in 6839ms
5956 timing reifyNode:node_modules/@babel/helper-remap-async-to-generator Completed in 6838ms
5957 timing reifyNode:node_modules/@babel/helper-annotate-as-pure Completed in 6839ms
5958 timing reifyNode:node_modules/@babel/helper-skip-transparent-expression-wrappers Completed in 6839ms
5959 timing reifyNode:node_modules/@babel/plugin-transform-unicode-sets-regex Completed in 6838ms
5960 timing reifyNode:node_modules/@babel/plugin-transform-unicode-regex Completed in 6838ms
5961 timing reifyNode:node_modules/@babel/plugin-transform-unicode-property-regex Completed in 6839ms
5962 timing reifyNode:node_modules/@babel/plugin-transform-unicode-escapes Completed in 6838ms
5963 timing reifyNode:node_modules/@babel/plugin-transform-typeof-symbol Completed in 6837ms
5964 timing reifyNode:node_modules/@babel/plugin-transform-sticky-regex Completed in 6836ms
5965 timing reifyNode:node_modules/@babel/plugin-transform-shorthand-properties Completed in 6836ms
5966 timing reifyNode:node_modules/@babel/plugin-transform-regexp-modifiers Completed in 6836ms
5967 timing reifyNode:node_modules/@babel/plugin-transform-reserved-words Completed in 6836ms
5968 timing reifyNode:node_modules/@babel/plugin-transform-property-literals Completed in 6837ms
5969 timing reifyNode:node_modules/@babel/plugin-transform-member-expression-literals Completed in 6835ms
5970 timing reifyNode:node_modules/@babel/plugin-transform-private-methods Completed in 6837ms
5971 timing reifyNode:node_modules/@babel/plugin-transform-optional-catch-binding Completed in 6836ms
5972 timing reifyNode:node_modules/@babel/plugin-transform-object-super Completed in 6836ms
5973 timing reifyNode:node_modules/@babel/plugin-transform-numeric-separator Completed in 6836ms
5974 timing reifyNode:node_modules/@babel/plugin-transform-nullish-coalescing-operator Completed in 6836ms
5975 timing reifyNode:node_modules/@babel/plugin-transform-new-target Completed in 6837ms
5976 timing reifyNode:node_modules/@babel/plugin-transform-named-capturing-groups-regex Completed in 6837ms
5977 timing reifyNode:node_modules/@babel/plugin-transform-logical-assignment-operators Completed in 6836ms
5978 timing reifyNode:node_modules/@babel/plugin-transform-literals Completed in 6837ms
5979 timing reifyNode:node_modules/@babel/plugin-syntax-unicode-sets-regex Completed in 6835ms
5980 timing reifyNode:node_modules/lru-cache Completed in 6832ms
5981 timing reifyNode:node_modules/convert-source-map Completed in 6845ms
5982 timing reifyNode:node_modules/redent Completed in 6820ms
5983 timing reifyNode:node_modules/minimatch Completed in 6888ms
5984 timing reifyNode:node_modules/@isaacs/cliui/node_modules/ansi-regex Completed in 7023ms
5985 timing reifyNode:node_modules/@isaacs/cliui/node_modules/wrap-ansi Completed in 7023ms
5986 timing reifyNode:node_modules/@isaacs/cliui/node_modules/strip-ansi Completed in 7023ms
5987 timing reifyNode:node_modules/@isaacs/cliui/node_modules/string-width Completed in 7023ms
5988 timing reifyNode:node_modules/postcss-load-config/node_modules/lilconfig Completed in 6978ms
5989 timing reifyNode:node_modules/set-cookie-parser Completed in 6831ms
5990 timing reifyNode:node_modules/ansi-styles Completed in 6831ms
5991 timing reifyNode:node_modules/workbox-build/node_modules/webidl-conversions Completed in 7010ms
5992 timing reifyNode:node_modules/stack-utils/node_modules/escape-string-regexp Completed in 6936ms
5993 timing reifyNode:node_modules/istanbul-lib-report/node_modules/make-dir Completed in 6932ms
5994 timing reifyNode:node_modules/fast-glob/node_modules/glob-parent Completed in 6923ms
5995 timing reifyNode:node_modules/express/node_modules/cookie Completed in 6994ms
5996 timing reifyNode:node_modules/@types/express/node_modules/@types/express-serve-static-core Completed in 6992ms
5997 timing reifyNode:node_modules/hpack.js/node_modules/safe-buffer Completed in 7010ms
5998 timing reifyNode:node_modules/hpack.js/node_modules/string_decoder Completed in 7010ms
5999 timing reifyNode:node_modules/get-caller-file Completed in 7026ms
6000 timing reifyNode:node_modules/@types/trusted-types Completed in 7025ms
6001 timing reifyNode:node_modules/svgo/node_modules/dom-serializer Completed in 6876ms
6002 timing reifyNode:node_modules/svgo/node_modules/nth-check Completed in 6877ms
6003 timing reifyNode:node_modules/svgo/node_modules/color-name Completed in 6879ms
6004 timing reifyNode:node_modules/string_decoder Completed in 7017ms
6005 timing reifyNode:node_modules/wbuf Completed in 7017ms
6006 timing reifyNode:node_modules/filelist Completed in 7029ms
6007 timing reifyNode:node_modules/react-dev-utils/node_modules/locate-path Completed in 6858ms
6008 timing reifyNode:node_modules/react-dev-utils/node_modules/p-limit Completed in 6860ms
6009 timing reifyNode:node_modules/react-dev-utils/node_modules/p-locate Completed in 6860ms
6010 timing reifyNode:node_modules/react-dev-utils/node_modules/find-up Completed in 6859ms
6011 timing reifyNode:node_modules/jest-watch-typeahead/node_modules/jest-message-util/node_modules/slash Completed in 6860ms
6012 timing reifyNode:node_modules/jest-watch-typeahead/node_modules/@jest/console/node_modules/slash Completed in 6860ms
6013 timing reifyNode:node_modules/jest-watch-typeahead/node_modules/strip-ansi Completed in 6860ms
6014 timing reifyNode:node_modules/jest-watch-typeahead/node_modules/strip-ansi/node_modules/ansi-regex Completed in 6860ms
6015 timing reifyNode:node_modules/jest-watch-typeahead/node_modules/string-length Completed in 6860ms
6016 timing reifyNode:node_modules/jest-watch-typeahead/node_modules/string-length/node_modules/char-regex Completed in 6859ms
6017 timing reifyNode:node_modules/eslint-webpack-plugin/node_modules/supports-color Completed in 6857ms
6018 timing reifyNode:node_modules/jest-watch-typeahead/node_modules/jest-watcher/node_modules/strip-ansi Completed in 6860ms
6019 timing reifyNode:node_modules/serve-static Completed in 7021ms
6020 timing reifyNode:node_modules/jest-watch-typeahead/node_modules/jest-watcher/node_modules/string-length Completed in 6861ms
6021 timing reifyNode:node_modules/jest-watch-typeahead/node_modules/jest-regex-util Completed in 6861ms
6022 timing reifyNode:node_modules/content-disposition Completed in 7016ms
6023 timing reifyNode:node_modules/compression Completed in 7012ms
6024 timing reifyNode:node_modules/jest-watch-typeahead/node_modules/jest-message-util Completed in 6867ms
6025 timing reifyNode:node_modules/@xtuc/ieee754 Completed in 7011ms
6026 timing reifyNode:node_modules/@webassemblyjs/helper-api-error Completed in 7011ms
6027 timing reifyNode:node_modules/sisteransi Completed in 6988ms
6028 timing reifyNode:node_modules/util-deprecate Completed in 6987ms
6029 timing reifyNode:node_modules/readdirp Completed in 6993ms
6030 timing reifyNode:node_modules/regenerator-runtime Completed in 6990ms
6031 timing reifyNode:node_modules/loader-runner Completed in 7016ms
6032 timing reifyNode:node_modules/chrome-trace-event Completed in 7015ms
6033 timing reifyNode:node_modules/requires-port Completed in 7014ms
6034 timing reifyNode:node_modules/mkdirp Completed in 7011ms
6035 timing reifyNode:node_modules/regex-parser Completed in 7003ms
6036 timing reifyNode:node_modules/@webassemblyjs/floating-point-hex-parser Completed in 7023ms
6037 timing reifyNode:node_modules/@csstools/normalize.css Completed in 6991ms
6038 timing reifyNode:node_modules/json-buffer Completed in 6985ms
6039 timing reifyNode:node_modules/dom-converter Completed in 7008ms
6040 timing reifyNode:node_modules/data-urls Completed in 6980ms
6041 timing reifyNode:node_modules/safe-buffer Completed in 7011ms
6042 timing reifyNode:node_modules/randombytes Completed in 7013ms
6043 timing reifyNode:node_modules/jest-leak-detector Completed in 6981ms
6044 timing reifyNode:node_modules/jest-docblock Completed in 6983ms
6045 timing reifyNode:node_modules/walker Completed in 6983ms
6046 timing reifyNode:node_modules/postcss-modules-values Completed in 6933ms
6047 timing reifyNode:node_modules/postcss-modules-extract-imports Completed in 6932ms
6048 timing reifyNode:node_modules/@babel/plugin-syntax-decorators Completed in 6932ms
6049 timing reifyNode:node_modules/@babel/plugin-syntax-typescript Completed in 6933ms
6050 timing reifyNode:node_modules/@babel/plugin-syntax-flow Completed in 6934ms
6051 timing reifyNode:node_modules/@istanbuljs/load-nyc-config Completed in 6930ms
6052 timing reifyNode:node_modules/write-file-atomic Completed in 6928ms
6053 timing reifyNode:node_modules/pirates Completed in 6928ms
6054 timing reifyNode:node_modules/@types/babel__core Completed in 6925ms
6055 timing reifyNode:node_modules/import-local Completed in 6980ms
6056 timing reifyNode:node_modules/ci-info Completed in 6989ms
6057 timing reifyNode:node_modules/commondir Completed in 6978ms
6058 timing reifyNode:node_modules/acorn-jsx Completed in 6978ms
6059 timing reifyNode:node_modules/which Completed in 6963ms
6060 warn deprecated @humanwhocodes/config-array@0.13.0: Use @eslint/config-array instead
6061 timing reifyNode:node_modules/@humanwhocodes/config-array Completed in 6956ms
6062 timing reifyNode:node_modules/postcss-unique-selectors Completed in 6956ms
6063 timing reifyNode:node_modules/postcss-reduce-transforms Completed in 6956ms
6064 timing reifyNode:node_modules/postcss-normalize-whitespace Completed in 6957ms
6065 timing reifyNode:node_modules/postcss-normalize-url Completed in 6957ms
6066 timing reifyNode:node_modules/postcss-normalize-unicode Completed in 6958ms
6067 timing reifyNode:node_modules/postcss-normalize-timing-functions Completed in 6958ms
6068 timing reifyNode:node_modules/postcss-normalize-string Completed in 6958ms
6069 timing reifyNode:node_modules/postcss-normalize-positions Completed in 6959ms
6070 timing reifyNode:node_modules/postcss-normalize-charset Completed in 6958ms
6071 timing reifyNode:node_modules/@babel/plugin-transform-dynamic-import Completed in 6932ms
6072 timing reifyNode:node_modules/@babel/plugin-transform-json-strings Completed in 6933ms
6073 timing reifyNode:node_modules/@babel/plugin-transform-function-name Completed in 6934ms
6074 timing reifyNode:node_modules/@babel/plugin-transform-export-namespace-from Completed in 6934ms
6075 timing reifyNode:node_modules/@babel/plugin-transform-block-scoped-functions Completed in 6932ms
6076 timing reifyNode:node_modules/@babel/plugin-transform-exponentiation-operator Completed in 6934ms
6077 timing reifyNode:node_modules/@babel/plugin-transform-duplicate-named-capturing-groups-regex Completed in 6934ms
6078 timing reifyNode:node_modules/@babel/plugin-transform-duplicate-keys Completed in 6934ms
6079 timing reifyNode:node_modules/@babel/plugin-transform-dotall-regex Completed in 6934ms
6080 timing reifyNode:node_modules/@babel/plugin-transform-class-properties Completed in 6933ms
6081 timing reifyNode:node_modules/@babel/plugin-transform-arrow-functions Completed in 6934ms
6082 timing reifyNode:node_modules/@babel/plugin-transform-async-to-generator Completed in 6934ms
6083 timing reifyNode:node_modules/@babel/plugin-syntax-import-attributes Completed in 6933ms
6084 timing reifyNode:node_modules/@babel/plugin-bugfix-v8-spread-parameters-in-optional-chaining Completed in 6933ms
6085 timing reifyNode:node_modules/@babel/plugin-bugfix-safari-id-destructuring-collision-in-function-expression Completed in 6934ms
6086 timing reifyNode:node_modules/@babel/plugin-bugfix-safari-class-field-initializer-scope Completed in 6934ms
6087 timing reifyNode:node_modules/@babel/plugin-bugfix-firefox-class-in-computed-class-key Completed in 6933ms
6088 timing reifyNode:node_modules/@babel/helper-plugin-utils Completed in 6933ms
6089 timing reifyNode:node_modules/@svgr/plugin-jsx Completed in 6934ms
6090 timing reifyNode:node_modules/@babel/preset-react Completed in 6935ms
6091 timing reifyNode:node_modules/js-tokens Completed in 6906ms
6092 timing reifyNode:node_modules/lodash.merge Completed in 6974ms
6093 timing reifyNode:node_modules/@alloc/quick-lru Completed in 6903ms
6094 timing reifyNode:node_modules/wrap-ansi-cjs/node_modules/ansi-styles Completed in 7113ms
6095 timing reifyNode:node_modules/@isaacs/cliui/node_modules/ansi-styles Completed in 7111ms
6096 timing reifyNode:node_modules/wrap-ansi/node_modules/ansi-styles Completed in 7107ms
6097 timing reifyNode:node_modules/filelist/node_modules/brace-expansion Completed in 7104ms
6098 timing reifyNode:node_modules/@rollup/pluginutils/node_modules/@types/estree Completed in 7101ms
6099 timing reifyNode:node_modules/case-sensitive-paths-webpack-plugin Completed in 6922ms
6100 timing reifyNode:node_modules/react-app-polyfill Completed in 6932ms
6101 timing reifyNode:node_modules/dotenv-expand Completed in 6925ms
6102 timing reifyNode:node_modules/@svgr/webpack Completed in 6923ms
6103 timing reifyNode:node_modules/graceful-fs Completed in 6918ms
6104 timing reifyNode:node_modules/coa/node_modules/color-name Completed in 7068ms
6105 timing reifyNode:node_modules/global-prefix/node_modules/which Completed in 7057ms
6106 timing reifyNode:node_modules/domexception/node_modules/webidl-conversions Completed in 7033ms
6107 timing reifyNode:node_modules/hpack.js/node_modules/isarray Completed in 7100ms
6108 timing reifyNode:node_modules/chalk/node_modules/ansi-styles Completed in 6970ms
6109 timing reifyNode:node_modules/lodash.sortby Completed in 7132ms
6110 timing reifyNode:node_modules/json-schema Completed in 7131ms
6111 timing reifyNode:node_modules/@trysound/sax Completed in 7124ms
6112 warn deprecated rollup-plugin-terser@7.0.2: This package has been deprecated and is no longer maintained. Please use @rollup/plugin-terser
6113 timing reifyNode:node_modules/rollup-plugin-terser Completed in 7113ms
6114 timing reifyNode:node_modules/obuf Completed in 7110ms
6115 timing reifyNode:node_modules/builtin-modules Completed in 7120ms
6116 timing reifyNode:node_modules/thunky Completed in 7109ms
6117 timing reifyNode:node_modules/jest-watch-typeahead/node_modules/emittery Completed in 6949ms
6118 timing reifyNode:node_modules/tailwindcss/node_modules/lilconfig Completed in 6928ms
6119 timing reifyNode:node_modules/finalhandler Completed in 7105ms
6120 timing reifyNode:node_modules/colorette Completed in 7100ms
6121 timing reifyNode:node_modules/ansi-html-community Completed in 7099ms
6122 timing reifyNode:node_modules/resolve-url-loader/node_modules/picocolors Completed in 6957ms
6123 timing reifyNode:node_modules/address Completed in 7075ms
6124 timing reifyNode:node_modules/raf Completed in 7074ms
6125 warn deprecated @babel/plugin-proposal-private-property-in-object@7.21.11: This proposal has been merged to the ECMAScript standard and thus this plugin is no longer maintained. Please use @babel/plugin-transform-private-property-in-object instead.
6126 timing reifyNode:node_modules/babel-preset-react-app/node_modules/@babel/plugin-proposal-private-property-in-object Completed in 6951ms
6127 timing reifyNode:node_modules/@webassemblyjs/helper-numbers Completed in 7102ms
6128 timing reifyNode:node_modules/postcss-gap-properties Completed in 7079ms
6129 timing reifyNode:node_modules/postcss-env-function Completed in 7080ms
6130 timing reifyNode:node_modules/postcss-dir-pseudo-class Completed in 7079ms
6131 timing reifyNode:node_modules/sax Completed in 7100ms
6132 timing reifyNode:node_modules/unicode-match-property-value-ecmascript Completed in 7090ms
6133 timing reifyNode:node_modules/regenerate Completed in 7089ms
6134 timing reifyNode:node_modules/caniuse-api Completed in 7080ms
6135 timing reifyNode:node_modules/is-arrayish Completed in 7079ms
6136 timing reifyNode:node_modules/type-check Completed in 7076ms
6137 timing reifyNode:node_modules/webidl-conversions Completed in 7071ms
6138 timing reifyNode:node_modules/jest-serializer Completed in 7075ms
6139 timing reifyNode:node_modules/postcss-minify-params Completed in 7029ms
6140 timing reifyNode:node_modules/postcss-discard-empty Completed in 7029ms
6141 timing reifyNode:node_modules/postcss-discard-duplicates Completed in 7030ms
6142 timing reifyNode:node_modules/postcss-modules-local-by-default Completed in 7029ms
6143 timing reifyNode:node_modules/babel-plugin-macros Completed in 7028ms
6144 timing reifyNode:node_modules/@istanbuljs/schema Completed in 7024ms
6145 timing reifyNode:node_modules/lilconfig Completed in 7033ms
6146 timing reifyNode:node_modules/emittery Completed in 7078ms
6147 warn deprecated rimraf@3.0.2: Rimraf versions prior to v4 are no longer supported
6148 timing reifyNode:node_modules/rimraf Completed in 7073ms
6149 timing reifyNode:node_modules/@babel/helper-member-expression-to-functions Completed in 7048ms
6150 timing reifyNode:node_modules/globby Completed in 7086ms
6151 timing reifyNode:node_modules/@babel/helper-replace-supers Completed in 7049ms
6152 timing reifyNode:node_modules/@babel/helper-wrap-function Completed in 7049ms
6153 timing reifyNode:node_modules/@babel/plugin-transform-optional-chaining Completed in 7043ms
6154 timing reifyNode:node_modules/babel-plugin-polyfill-regenerator Completed in 7051ms
6155 timing reifyNode:node_modules/@babel/plugin-transform-template-literals Completed in 7048ms
6156 timing reifyNode:node_modules/@babel/plugin-transform-spread Completed in 7048ms
6157 timing reifyNode:node_modules/@babel/plugin-transform-private-property-in-object Completed in 7048ms
6158 timing reifyNode:node_modules/@babel/plugin-transform-modules-umd Completed in 7047ms
6159 timing reifyNode:node_modules/@babel/plugin-transform-modules-amd Completed in 7047ms
6160 timing reifyNode:node_modules/@svgr/plugin-svgo Completed in 7043ms
6161 timing reifyNode:node_modules/picocolors Completed in 7014ms
6162 timing reifyNode:node_modules/levn Completed in 7083ms
6163 timing reifyNode:node_modules/rollup-plugin-terser/node_modules/serialize-javascript Completed in 7203ms
6164 timing reifyNode:node_modules/jest Completed in 7035ms
6165 timing reifyNode:node_modules/eslint-config-react-app Completed in 7033ms
6166 timing reifyNode:node_modules/babel-jest Completed in 7030ms
6167 timing reifyNode:node_modules/serve-index/node_modules/statuses Completed in 7193ms
6168 timing reifyNode:node_modules/require-directory Completed in 7223ms
6169 timing reifyNode:node_modules/typedarray-to-buffer Completed in 7223ms
6170 timing reifyNode:node_modules/color-convert Completed in 7226ms
6171 timing reifyNode:node_modules/get-own-enumerable-property-symbols Completed in 7222ms
6172 timing reifyNode:node_modules/svgo/node_modules/color-convert Completed in 7075ms
6173 timing reifyNode:node_modules/batch Completed in 7213ms
6174 timing reifyNode:node_modules/handle-thing Completed in 7214ms
6175 timing reifyNode:node_modules/@leichtgewicht/ip-codec Completed in 7215ms
6176 timing reifyNode:node_modules/@types/ws Completed in 7202ms
6177 timing reifyNode:node_modules/@webassemblyjs/ieee754 Completed in 7202ms
6178 timing reifyNode:node_modules/@webassemblyjs/helper-buffer Completed in 7201ms
6179 timing reifyNode:node_modules/postcss-clamp Completed in 7172ms
6180 timing reifyNode:node_modules/loose-envify Completed in 7177ms
6181 timing reifyNode:node_modules/postcss-selector-not Completed in 7177ms
6182 timing reifyNode:node_modules/acorn-import-phases Completed in 7204ms
6183 timing reifyNode:node_modules/postcss-media-minmax Completed in 7178ms
6184 timing reifyNode:node_modules/punycode Completed in 7203ms
6185 timing reifyNode:node_modules/es-array-method-boxes-properly Completed in 7205ms
6186 timing reifyNode:node_modules/postcss-overflow-shorthand Completed in 7181ms
6187 timing reifyNode:node_modules/postcss-color-hex-alpha Completed in 7181ms
6188 timing reifyNode:node_modules/postcss-attribute-case-insensitive Completed in 7180ms
6189 timing reifyNode:node_modules/@csstools/postcss-nested-calc Completed in 7181ms
6190 timing reifyNode:node_modules/@csstools/postcss-ic-unit Completed in 7181ms
6191 timing reifyNode:node_modules/@csstools/postcss-font-format-keywords Completed in 7181ms
6192 timing reifyNode:node_modules/concat-map Completed in 7179ms
6193 timing reifyNode:node_modules/emojis-list Completed in 7175ms
6194 timing reifyNode:node_modules/whatwg-encoding Completed in 7170ms
6195 timing reifyNode:node_modules/w3c-xmlserializer Completed in 7171ms
6196 warn deprecated abab@2.0.6: Use your platform's native atob() and btoa() methods instead
6197 timing reifyNode:node_modules/abab Completed in 7171ms
6198 timing reifyNode:node_modules/css-select-base-adapter Completed in 7209ms
6199 timing reifyNode:node_modules/safer-buffer Completed in 7204ms
6200 timing reifyNode:node_modules/http-proxy-agent Completed in 7175ms
6201 timing reifyNode:node_modules/node-int64 Completed in 7172ms
6202 timing reifyNode:node_modules/type-detect Completed in 7171ms
6203 timing reifyNode:node_modules/postcss-modules-scope Completed in 7122ms
6204 timing reifyNode:node_modules/@babel/preset-typescript Completed in 7121ms
6205 timing reifyNode:node_modules/@babel/plugin-transform-flow-strip-types Completed in 7121ms
6206 warn deprecated @babel/plugin-proposal-optional-chaining@7.21.0: This proposal has been merged to the ECMAScript standard and thus this plugin is no longer maintained. Please use @babel/plugin-transform-optional-chaining instead.
6207 timing reifyNode:node_modules/@babel/plugin-proposal-optional-chaining Completed in 7122ms
6208 timing reifyNode:node_modules/babel-plugin-jest-hoist Completed in 7119ms
6209 timing reifyNode:node_modules/@jest/source-map Completed in 7177ms
6210 timing reifyNode:node_modules/micromatch Completed in 7117ms
6211 timing reifyNode:node_modules/jest-message-util Completed in 7170ms
6212 timing reifyNode:node_modules/language-tags Completed in 7162ms
6213 timing reifyNode:node_modules/damerau-levenshtein Completed in 7161ms
6214 timing reifyNode:node_modules/flat-cache Completed in 7166ms
6215 timing reifyNode:node_modules/stackframe Completed in 7145ms
6216 timing reifyNode:node_modules/globals Completed in 7147ms
6217 timing reifyNode:node_modules/@svgr/babel-plugin-transform-svg-component Completed in 7125ms
6218 timing reifyNode:node_modules/@babel/plugin-transform-explicit-resource-management Completed in 7117ms
6219 timing reifyNode:node_modules/@babel/plugin-transform-computed-properties Completed in 7117ms
6220 timing reifyNode:node_modules/@babel/plugin-transform-class-static-block Completed in 7117ms
6221 timing reifyNode:node_modules/@babel/plugin-transform-async-generator-functions Completed in 7117ms
6222 timing reifyNode:node_modules/@babel/plugin-proposal-private-property-in-object Completed in 7116ms
6223 timing reifyNode:node_modules/@babel/plugin-bugfix-v8-static-class-fields-redefine-readonly Completed in 7117ms
6224 timing reifyNode:node_modules/@babel/plugin-transform-react-constant-elements Completed in 7116ms
6225 timing reifyNode:node_modules/ansi-html Completed in 7115ms
6226 timing reifyNode:node_modules/@babel/helper-string-parser Completed in 7115ms
6227 timing reifyNode:node_modules/@babel/code-frame Completed in 7087ms
6228 timing reifyNode:node_modules/@tailwindcss/oxide Completed in 7084ms
6229 timing reifyNode:node_modules/react-router-dom Completed in 7084ms
6230 timing reifyNode:node_modules/filelist/node_modules/minimatch Completed in 7284ms
6231 timing reifyNode:node_modules/postcss-flexbugs-fixes Completed in 7112ms
6232 timing reifyNode:node_modules/coa/node_modules/color-convert Completed in 7248ms
6233 timing reifyNode:node_modules/static-eval/node_modules/type-check Completed in 7223ms
6234 timing reifyNode:node_modules/upath Completed in 7288ms
6235 timing reifyNode:node_modules/svgo/node_modules/chalk Completed in 7149ms
6236 timing reifyNode:node_modules/@types/node-forge Completed in 7287ms
6237 timing reifyNode:node_modules/raw-body Completed in 7285ms
6238 timing reifyNode:node_modules/depd Completed in 7279ms
6239 timing reifyNode:node_modules/selfsigned Completed in 7276ms
6240 timing reifyNode:node_modules/launch-editor Completed in 7276ms
6241 timing reifyNode:node_modules/@babel/helper-create-regexp-features-plugin/node_modules/semver Completed in 7152ms
6242 timing reifyNode:node_modules/postcss-custom-media Completed in 7245ms
6243 timing reifyNode:node_modules/postcss-pseudo-class-any-link Completed in 7249ms
6244 timing reifyNode:node_modules/postcss-place Completed in 7249ms
6245 timing reifyNode:node_modules/postcss-js Completed in 7270ms
6246 timing reifyNode:node_modules/object-hash Completed in 7270ms
6247 timing reifyNode:node_modules/asap Completed in 7253ms
6248 timing reifyNode:node_modules/webpack/node_modules/estraverse Completed in 7125ms
6249 timing reifyNode:node_modules/postcss-logical Completed in 7251ms
6250 timing reifyNode:node_modules/postcss-custom-selectors Completed in 7250ms
6251 timing reifyNode:node_modules/dlv Completed in 7273ms
6252 timing reifyNode:node_modules/@csstools/postcss-text-decoration-shorthand Completed in 7250ms
6253 timing reifyNode:node_modules/sanitize.css Completed in 7252ms
6254 timing reifyNode:node_modules/@csstools/postcss-unset-value Completed in 7254ms
6255 timing reifyNode:node_modules/xml-name-validator Completed in 7240ms
6256 timing reifyNode:node_modules/resolve.exports Completed in 7240ms
6257 timing reifyNode:node_modules/postcss-minify-gradients Completed in 7190ms
6258 timing reifyNode:node_modules/cssnano-preset-default Completed in 7189ms
6259 timing reifyNode:node_modules/postcss-colormin Completed in 7190ms
6260 timing reifyNode:node_modules/babel-preset-current-node-syntax Completed in 7184ms
6261 timing reifyNode:node_modules/get-package-type Completed in 7184ms
6262 timing reifyNode:node_modules/babel-plugin-istanbul Completed in 7178ms
6263 timing reifyNode:node_modules/harmony-reflect Completed in 7233ms
6264 timing reifyNode:node_modules/estraverse Completed in 7226ms
6265 warn deprecated glob@7.2.3: Glob versions prior to v9 are no longer supported
6266 timing reifyNode:node_modules/glob Completed in 7242ms
6267 timing reifyNode:node_modules/postcss-reduce-initial Completed in 7207ms
6268 timing reifyNode:node_modules/@eslint/js Completed in 7209ms
6269 timing reifyNode:node_modules/@babel/helper-globals Completed in 7175ms
6270 timing reifyNode:node_modules/debug Completed in 7174ms
6271 warn deprecated @humanwhocodes/object-schema@2.0.3: Use @eslint/object-schema instead
6272 timing reifyNode:node_modules/@humanwhocodes/object-schema Completed in 7221ms
6273 timing reifyNode:node_modules/optionator Completed in 7221ms
6274 timing reifyNode:node_modules/postcss-normalize Completed in 7169ms
6275 timing reifyNode:node_modules/cookie Completed in 7174ms
6276 timing reifyNode:node_modules/update-browserslist-db Completed in 7171ms
6277 timing reifyNode:node_modules/coa/node_modules/chalk Completed in 7319ms
6278 timing reifyNode:node_modules/proxy-addr/node_modules/ipaddr.js Completed in 7344ms
6279 timing reifyNode:node_modules/@babel/eslint-parser/node_modules/eslint-visitor-keys Completed in 7244ms
6280 timing reifyNode:node_modules/@typescript-eslint/utils/node_modules/estraverse Completed in 7255ms
6281 timing reifyNode:node_modules/@nicolo-ribaudo/eslint-scope-5-internals/node_modules/estraverse Completed in 7255ms
6282 timing reifyNode:node_modules/isexe Completed in 7360ms
6283 timing reifyNode:node_modules/http-deceiver Completed in 7358ms
6284 timing reifyNode:node_modules/retry Completed in 7358ms
6285 timing reifyNode:node_modules/follow-redirects Completed in 7357ms
6286 timing reifyNode:node_modules/jest-watch-typeahead/node_modules/@jest/test-result Completed in 7198ms
6287 timing reifyNode:node_modules/multicast-dns Completed in 7348ms
6288 timing reifyNode:node_modules/@webassemblyjs/wasm-opt Completed in 7344ms
6289 timing reifyNode:node_modules/cssesc Completed in 7320ms
6290 timing reifyNode:node_modules/@csstools/selector-specificity Completed in 7321ms
6291 timing reifyNode:node_modules/postcss-load-config Completed in 7340ms
6292 timing reifyNode:node_modules/mz Completed in 7341ms
6293 timing reifyNode:node_modules/open Completed in 7325ms
6294 timing reifyNode:node_modules/postcss-focus-visible Completed in 7321ms
6295 timing reifyNode:node_modules/postcss-focus-within Completed in 7322ms
6296 timing reifyNode:node_modules/postcss-double-position-gradients Completed in 7323ms
6297 timing reifyNode:node_modules/postcss-color-rebeccapurple Completed in 7322ms
6298 timing reifyNode:node_modules/regjsparser Completed in 7333ms
6299 timing reifyNode:node_modules/@csstools/postcss-normalize-display-values Completed in 7322ms
6300 timing reifyNode:node_modules/deep-is Completed in 7320ms
6301 timing reifyNode:node_modules/whatwg-mimetype Completed in 7309ms
6302 timing reifyNode:node_modules/cross-spawn Completed in 7263ms
6303 timing reifyNode:node_modules/jest-mock Completed in 7307ms
6304 timing reifyNode:node_modules/hoopy Completed in 7256ms
6305 timing reifyNode:node_modules/@types/babel__traverse Completed in 7250ms
6306 timing reifyNode:node_modules/@types/yargs Completed in 7250ms
6307 timing reifyNode:node_modules/test-exclude Completed in 7254ms
6308 timing reifyNode:node_modules/@jest/test-result Completed in 7305ms
6309 timing reifyNode:node_modules/@typescript-eslint/experimental-utils Completed in 7294ms
6310 timing reifyNode:node_modules/iterator.prototype Completed in 7299ms
6311 timing reifyNode:node_modules/possible-typed-array-names Completed in 7298ms
6312 timing reifyNode:node_modules/hasown Completed in 7290ms
6313 timing reifyNode:node_modules/postcss-normalize-repeat-style Completed in 7274ms
6314 timing reifyNode:node_modules/postcss-normalize-display-values Completed in 7273ms
6315 timing reifyNode:node_modules/detect-libc Completed in 7214ms
6316 timing reifyNode:node_modules/static-eval/node_modules/estraverse Completed in 7341ms
6317 timing reifyNode:node_modules/@isaacs/cliui Completed in 7424ms
6318 timing reifyNode:node_modules/@babel/helper-create-class-features-plugin/node_modules/semver Completed in 7268ms
6319 timing reifyNode:node_modules/babel-plugin-polyfill-corejs2/node_modules/semver Completed in 7266ms
6320 timing reifyNode:node_modules/jest-watch-typeahead/node_modules/@jest/console Completed in 7245ms
6321 timing reifyNode:node_modules/send Completed in 7403ms
6322 timing reifyNode:node_modules/strip-comments Completed in 7415ms
6323 timing reifyNode:node_modules/ipaddr.js Completed in 7395ms
6324 timing reifyNode:node_modules/default-gateway Completed in 7394ms
6325 timing reifyNode:node_modules/dns-packet Completed in 7409ms
6326 timing reifyNode:node_modules/@webassemblyjs/wast-printer Completed in 7393ms
6327 timing reifyNode:node_modules/whatwg-fetch Completed in 7368ms
6328 timing reifyNode:node_modules/supports-preserve-symlinks-flag Completed in 7378ms
6329 timing reifyNode:node_modules/@csstools/postcss-stepped-value-functions Completed in 7366ms
6330 timing reifyNode:node_modules/postcss-browser-comments Completed in 7364ms
6331 timing reifyNode:node_modules/big.js Completed in 7358ms
6332 timing reifyNode:node_modules/static-eval Completed in 7357ms
6333 timing reifyNode:node_modules/icss-utils Completed in 7297ms
6334 timing reifyNode:node_modules/check-types Completed in 7297ms
6335 timing reifyNode:node_modules/chalk Completed in 7289ms
6336 timing reifyNode:node_modules/set-function-name Completed in 7343ms
6337 timing reifyNode:node_modules/ast-types-flow Completed in 7336ms
6338 timing reifyNode:node_modules/typed-array-buffer Completed in 7335ms
6339 timing reifyNode:node_modules/define-properties Completed in 7328ms
6340 timing reifyNode:node_modules/ignore Completed in 7316ms
6341 timing reifyNode:node_modules/@babel/helper-create-regexp-features-plugin Completed in 7294ms
6342 timing reifyNode:node_modules/@babel/plugin-transform-object-rest-spread Completed in 7289ms
6343 timing reifyNode:node_modules/@babel/plugin-transform-modules-systemjs Completed in 7289ms
6344 timing reifyNode:node_modules/gensync Completed in 7286ms
6345 timing reifyNode:node_modules/json-schema-traverse Completed in 7330ms
6346 timing reifyNode:node_modules/svg-parser Completed in 7302ms
6347 timing reifyNode:node_modules/file-loader Completed in 7275ms
6348 timing reifyNode:node_modules/babel-preset-react-app Completed in 7272ms
6349 timing reifyNode:node_modules/node-releases Completed in 7263ms
6350 timing reifyNode:node_modules/regjsparser/node_modules/jsesc Completed in 7404ms
6351 timing reifyNode:node_modules/prop-types/node_modules/react-is Completed in 7357ms
6352 timing reifyNode:node_modules/@babel/preset-env/node_modules/semver Completed in 7297ms
6353 timing reifyNode:node_modules/eslint-plugin-react/node_modules/semver Completed in 7346ms
6354 timing reifyNode:node_modules/@babel/plugin-transform-runtime/node_modules/semver Completed in 7326ms
6355 timing reifyNode:node_modules/istanbul-lib-instrument/node_modules/semver Completed in 7323ms
6356 timing reifyNode:node_modules/make-dir/node_modules/semver Completed in 7322ms
6357 timing reifyNode:node_modules/estree-walker Completed in 7462ms
6358 timing reifyNode:node_modules/workbox-sw Completed in 7459ms
6359 timing reifyNode:node_modules/eslint-module-utils/node_modules/debug Completed in 7353ms
6360 timing reifyNode:node_modules/negotiator Completed in 7439ms
6361 timing reifyNode:node_modules/jest-watch-typeahead/node_modules/react-is Completed in 7292ms
6362 timing reifyNode:node_modules/@webassemblyjs/helper-wasm-section Completed in 7434ms
6363 timing reifyNode:node_modules/@webassemblyjs/helper-wasm-bytecode Completed in 7434ms
6364 timing reifyNode:node_modules/postcss-color-functional-notation Completed in 7407ms
6365 timing reifyNode:node_modules/@webassemblyjs/wasm-edit Completed in 7435ms
6366 timing reifyNode:node_modules/escalade Completed in 7435ms
6367 timing reifyNode:node_modules/url-parse Completed in 7433ms
6368 timing reifyNode:node_modules/@csstools/postcss-hwb-function Completed in 7408ms
6369 timing reifyNode:node_modules/symbol-tree Completed in 7395ms
6370 warn deprecated domexception@2.0.1: Use your platform's native DOMException instead
6371 timing reifyNode:node_modules/domexception Completed in 7396ms
6372 timing reifyNode:node_modules/domhandler Completed in 7424ms
6373 timing reifyNode:node_modules/@jest/fake-timers Completed in 7404ms
6374 timing reifyNode:node_modules/@babel/plugin-proposal-decorators Completed in 7351ms
6375 timing reifyNode:node_modules/cssnano-utils Completed in 7356ms
6376 timing reifyNode:node_modules/typed-array-byte-length Completed in 7387ms
6377 timing reifyNode:node_modules/safe-regex-test Completed in 7386ms
6378 timing reifyNode:node_modules/typed-array-length Completed in 7387ms
6379 timing reifyNode:node_modules/stop-iteration-iterator Completed in 7386ms
6380 timing reifyNode:node_modules/safe-push-apply Completed in 7387ms
6381 timing reifyNode:node_modules/html-escaper Completed in 7407ms
6382 timing reifyNode:node_modules/es-set-tostringtag Completed in 7388ms
6383 timing reifyNode:node_modules/has-property-descriptors Completed in 7387ms
6384 timing reifyNode:node_modules/call-bound Completed in 7385ms
6385 timing reifyNode:node_modules/fast-deep-equal Completed in 7371ms
6386 timing reifyNode:node_modules/@babel/plugin-transform-destructuring Completed in 7338ms
6387 timing reifyNode:node_modules/@babel/plugin-transform-for-of Completed in 7341ms
6388 timing reifyNode:node_modules/jsesc Completed in 7335ms
6389 timing reifyNode:node_modules/@svgr/core Completed in 7338ms
6390 timing reifyNode:node_modules/@babel/helper-validator-option Completed in 7336ms
6391 timing reifyNode:node_modules/@babel/helper-validator-identifier Completed in 7308ms
6392 timing reifyNode:node_modules/@jridgewell/resolve-uri Completed in 7306ms
6393 timing reifyNode:node_modules/string-width-cjs/node_modules/emoji-regex Completed in 7512ms
6394 timing reifyNode:node_modules/string-width/node_modules/emoji-regex Completed in 7505ms
6395 timing reifyNode:node_modules/sucrase/node_modules/commander Completed in 7466ms
6396 timing reifyNode:node_modules/react-is Completed in 7318ms
6397 timing reifyNode:node_modules/postcss-value-parser Completed in 7314ms
6398 timing reifyNode:node_modules/accepts/node_modules/negotiator Completed in 7482ms
6399 timing reifyNode:node_modules/static-eval/node_modules/optionator Completed in 7435ms
6400 timing reifyNode:node_modules/terser/node_modules/commander Completed in 7415ms
6401 timing reifyNode:node_modules/eslint-plugin-import/node_modules/semver Completed in 7392ms
6402 timing reifyNode:node_modules/@babel/eslint-parser/node_modules/semver Completed in 7390ms
6403 timing reifyNode:node_modules/static-eval/node_modules/levn Completed in 7439ms
6404 timing reifyNode:node_modules/@rollup/plugin-replace Completed in 7505ms
6405 timing reifyNode:node_modules/eslint-import-resolver-node/node_modules/debug Completed in 7400ms
6406 timing reifyNode:node_modules/is-async-function Completed in 7506ms
6407 timing reifyNode:node_modules/select-hose Completed in 7504ms
6408 timing reifyNode:node_modules/eventemitter3 Completed in 7502ms
6409 timing reifyNode:node_modules/@babel/helper-compilation-targets/node_modules/semver Completed in 7351ms
6410 timing reifyNode:node_modules/jest-watch-typeahead/node_modules/@jest/types Completed in 7343ms
6411 timing reifyNode:node_modules/@babel/core/node_modules/semver Completed in 7333ms
6412 warn deprecated q@1.5.1: You or someone you depend on is using Q, the JavaScript Promise library that gave JavaScript developers strong feelings about promises. They can almost certainly migrate to the native JavaScript promise now. Thank you literally everyone for joining me in this bet against the odds. Be excellent to each other.
6412 warn deprecated
6412 warn deprecated (For a CapTP with native promises, see @endo/eventual-send and @endo/captp)
6413 timing reifyNode:node_modules/q Completed in 7483ms
6414 timing reifyNode:node_modules/side-channel-weakmap Completed in 7477ms
6415 warn deprecated w3c-hr-time@1.0.2: Use your platform's native performance.now() and performance.timeOrigin.
6416 timing reifyNode:node_modules/w3c-hr-time Completed in 7449ms
6417 timing reifyNode:node_modules/escodegen Completed in 7449ms
6418 timing reifyNode:node_modules/side-channel-list Completed in 7480ms
6419 timing reifyNode:node_modules/domelementtype Completed in 7479ms
6420 timing reifyNode:node_modules/@sinonjs/fake-timers Completed in 7447ms
6421 timing reifyNode:node_modules/functions-have-names Completed in 7433ms
6422 timing reifyNode:node_modules/jest-changed-files Completed in 7442ms
6423 timing reifyNode:node_modules/is-typed-array Completed in 7429ms
6424 timing reifyNode:node_modules/is-regex Completed in 7429ms
6425 timing reifyNode:node_modules/is-negative-zero Completed in 7429ms
6426 timing reifyNode:node_modules/istanbul-lib-report Completed in 7447ms
6427 timing reifyNode:node_modules/is-core-module Completed in 7426ms
6428 timing reifyNode:node_modules/is-array-buffer Completed in 7431ms
6429 timing reifyNode:node_modules/@humanwhocodes/module-importer Completed in 7410ms
6430 timing reifyNode:node_modules/postcss-svgo Completed in 7408ms
6431 timing metavuln:cache:get:security-advisory:resolve-url-loader:NMmXK6xVhonFWyuVjVZvtHCgDtIj2Xt/NObjzI+nKFgCMVK0SPWnlUyO5ZfDMa1dK6KZVYB4z5/E6SGUubEZmA== Completed in 643ms
6432 timing metavuln:load:security-advisory:resolve-url-loader:ylHlqxOD5gx7vcQurwTZyQHJsodRCM2yV95izcDPSahj+DDa6IEdlDh7BWAlf7fDDEd+NyVQHm50pHmcApHI4w== Completed in 0ms
6433 timing metavuln:calculate:security-advisory:resolve-url-loader:ylHlqxOD5gx7vcQurwTZyQHJsodRCM2yV95izcDPSahj+DDa6IEdlDh7BWAlf7fDDEd+NyVQHm50pHmcApHI4w== Completed in 643ms
6434 timing metavuln:packument:react-scripts Completed in 0ms
6435 timing metavuln:packument:@pmmmwh/react-refresh-webpack-plugin Completed in 0ms
6436 timing reifyNode:node_modules/own-keys Completed in 7438ms
6437 timing reifyNode:node_modules/esutils Completed in 7392ms
6438 timing reifyNode:node_modules/error-stack-parser Completed in 7381ms
6439 timing reifyNode:node_modules/source-map-loader Completed in 7377ms
6440 timing reifyNode:node_modules/postcss-preset-env Completed in 7375ms
6441 timing reifyNode:node_modules/postcss-loader Completed in 7378ms
6442 timing reifyNode:node_modules/static-eval/node_modules/escodegen Completed in 7480ms
6443 timing reifyNode:node_modules/eslint-plugin-import/node_modules/debug Completed in 7441ms
6444 timing reifyNode:node_modules/y18n Completed in 7560ms
6445 timing reifyNode:node_modules/cliui Completed in 7560ms
6446 timing reifyNode:node_modules/svgo/node_modules/css-what Completed in 7412ms
6447 timing reifyNode:node_modules/which-collection Completed in 7552ms
6448 timing reifyNode:node_modules/is-finalizationregistry Completed in 7551ms
6449 timing reifyNode:node_modules/jest-watch-typeahead/node_modules/@types/yargs Completed in 7389ms
6450 timing reifyNode:node_modules/@webassemblyjs/leb128 Completed in 7534ms
6451 timing reifyNode:node_modules/postcss-import Completed in 7526ms
6452 timing reifyNode:node_modules/which-builtin-type Completed in 7530ms
6453 timing reifyNode:node_modules/@csstools/postcss-progressive-custom-properties Completed in 7505ms
6454 timing reifyNode:node_modules/braces Completed in 7496ms
6455 timing reifyNode:node_modules/prelude-ls Completed in 7496ms
6456 timing reifyNode:node_modules/saxes Completed in 7492ms
6457 timing reifyNode:node_modules/eslint-visitor-keys Completed in 7444ms
6458 timing reifyNode:node_modules/fs-monkey Completed in 7517ms
6459 timing reifyNode:node_modules/side-channel-map Completed in 7523ms
6460 timing reifyNode:node_modules/form-data Completed in 7494ms
6461 timing reifyNode:node_modules/source-map-support Completed in 7491ms
6462 timing reifyNode:node_modules/jest-matcher-utils Completed in 7488ms
6463 timing reifyNode:node_modules/diff-sequences Completed in 7491ms
6464 timing reifyNode:node_modules/jest-runtime Completed in 7483ms
6465 timing reifyNode:node_modules/jest-runner Completed in 7484ms
6466 timing reifyNode:node_modules/istanbul-lib-coverage Completed in 7483ms
6467 timing reifyNode:node_modules/typed-array-byte-offset Completed in 7474ms
6468 timing reifyNode:node_modules/istanbul-lib-source-maps Completed in 7488ms
6469 timing reifyNode:node_modules/safe-array-concat Completed in 7473ms
6470 timing reifyNode:node_modules/is-weakref Completed in 7473ms
6471 timing reifyNode:node_modules/is-shared-array-buffer Completed in 7473ms
6472 timing reifyNode:node_modules/data-view-byte-offset Completed in 7471ms
6473 timing reifyNode:node_modules/data-view-byte-length Completed in 7471ms
6474 timing reifyNode:node_modules/data-view-buffer Completed in 7472ms
6475 timing reifyNode:node_modules/available-typed-arrays Completed in 7474ms
6476 timing reifyNode:node_modules/array-buffer-byte-length Completed in 7474ms
6477 timing reifyNode:node_modules/set-function-length Completed in 7473ms
6478 timing reifyNode:node_modules/es-define-property Completed in 7473ms
6479 timing reifyNode:node_modules/internal-slot Completed in 7478ms
6480 timing reifyNode:node_modules/eslint-plugin-react-hooks Completed in 7469ms
6481 timing reifyNode:node_modules/@tailwindcss/postcss Completed in 7388ms
6482 timing reifyNode:node_modules/browserslist Completed in 7403ms
6483 warn deprecated sourcemap-codec@1.4.8: Please use @jridgewell/sourcemap-codec instead
6484 timing reifyNode:node_modules/sourcemap-codec Completed in 7601ms
6485 timing reifyNode:node_modules/source-list-map Completed in 7613ms
6486 timing reifyNode:node_modules/static-eval/node_modules/prelude-ls Completed in 7527ms
6487 timing reifyNode:node_modules/svgo/node_modules/css-select Completed in 7452ms
6488 timing reifyNode:node_modules/is-generator-function Completed in 7593ms
6489 timing reifyNode:node_modules/is-number-object Completed in 7592ms
6490 timing reifyNode:node_modules/is-bigint Completed in 7592ms
6491 timing reifyNode:node_modules/mime Completed in 7589ms
6492 timing reifyNode:node_modules/@webassemblyjs/utf8 Completed in 7575ms
6493 timing reifyNode:node_modules/has-bigints Completed in 7570ms
6494 timing reifyNode:node_modules/ts-interface-checker Completed in 7569ms
6495 timing reifyNode:node_modules/which-boxed-primitive Completed in 7571ms
6496 timing reifyNode:node_modules/cssdb Completed in 7546ms
6497 timing reifyNode:node_modules/agent-base Completed in 7537ms
6498 timing reifyNode:node_modules/https-proxy-agent Completed in 7545ms
6499 timing reifyNode:node_modules/postcss-minify-selectors Completed in 7493ms
6500 timing reifyNode:node_modules/side-channel Completed in 7533ms
6501 timing reifyNode:node_modules/he Completed in 7530ms
6502 timing reifyNode:node_modules/is-symbol Completed in 7524ms
6503 timing reifyNode:node_modules/is-date-object Completed in 7524ms
6504 timing reifyNode:node_modules/unbox-primitive Completed in 7523ms
6505 timing reifyNode:node_modules/execa Completed in 7541ms
6506 timing reifyNode:node_modules/is-data-view Completed in 7523ms
6507 timing reifyNode:node_modules/is-callable Completed in 7523ms
6508 timing reifyNode:node_modules/string.prototype.repeat Completed in 7530ms
6509 timing reifyNode:node_modules/gopd Completed in 7523ms
6510 timing reifyNode:node_modules/object-keys Completed in 7523ms
6511 timing reifyNode:node_modules/es-shim-unscopables Completed in 7521ms
6512 timing reifyNode:node_modules/is-string Completed in 7521ms
6513 timing reifyNode:node_modules/call-bind Completed in 7521ms
6514 timing reifyNode:node_modules/get-symbol-description Completed in 7527ms
6515 timing reifyNode:node_modules/@typescript-eslint/parser Completed in 7517ms
6516 timing reifyNode:node_modules/@babel/plugin-transform-react-jsx Completed in 7483ms
6517 timing reifyNode:node_modules/webpack-manifest-plugin Completed in 7469ms
6518 timing reifyNode:node_modules/dequal Completed in 7444ms
6519 timing reifyNode:node_modules/@svgr/hast-util-to-babel-ast Completed in 7487ms
6520 timing reifyNode:node_modules/sass-loader Completed in 7466ms
6521 timing reifyNode:node_modules/babel-loader Completed in 7455ms
6522 timing reifyNode:node_modules/fraction.js Completed in 7448ms
6523 timing reifyNode:node_modules/@rollup/plugin-babel Completed in 7635ms
6524 timing reifyNode:node_modules/is-weakmap Completed in 7634ms
6525 timing reifyNode:node_modules/tsutils/node_modules/tslib Completed in 7531ms
6526 timing reifyNode:node_modules/is-map Completed in 7635ms
6527 timing reifyNode:node_modules/async-function Completed in 7635ms
6528 timing reifyNode:node_modules/@webassemblyjs/wasm-gen Completed in 7615ms
6529 timing reifyNode:node_modules/watchpack Completed in 7615ms
6530 timing reifyNode:node_modules/object.getownpropertydescriptors Completed in 7614ms
6531 timing reifyNode:node_modules/reflect.getprototypeof Completed in 7613ms
6532 timing reifyNode:node_modules/postcss-image-set-function Completed in 7589ms
6533 timing reifyNode:node_modules/util.promisify Completed in 7608ms
6534 timing reifyNode:node_modules/lower-case Completed in 7585ms
6535 timing reifyNode:node_modules/@csstools/postcss-trigonometric-functions Completed in 7589ms
6536 timing reifyNode:node_modules/utila Completed in 7603ms
6537 timing reifyNode:node_modules/postcss-convert-values Completed in 7523ms
6538 timing reifyNode:node_modules/deepmerge Completed in 7507ms
6539 timing reifyNode:node_modules/v8-to-istanbul Completed in 7569ms
6540 timing reifyNode:node_modules/dunder-proto Completed in 7559ms
6541 timing reifyNode:node_modules/html-minifier-terser Completed in 7561ms
6542 timing reifyNode:node_modules/string.prototype.trimstart Completed in 7555ms
6543 timing reifyNode:node_modules/is-set Completed in 7555ms
6544 timing reifyNode:node_modules/define-data-property Completed in 7553ms
6545 timing reifyNode:node_modules/get-intrinsic Completed in 7551ms
6546 timing reifyNode:node_modules/object.fromentries Completed in 7551ms
6547 timing reifyNode:node_modules/has-proto Completed in 7556ms
6548 timing reifyNode:node_modules/babel-plugin-polyfill-corejs2 Completed in 7512ms
6549 timing reifyNode:node_modules/@babel/plugin-transform-classes Completed in 7505ms
6550 timing reifyNode:node_modules/@babel/plugin-transform-modules-commonjs Completed in 7508ms
6551 timing reifyNode:node_modules/text-table Completed in 7546ms
6552 timing reifyNode:node_modules/serve-index/node_modules/depd Completed in 7642ms
6553 timing reifyNode:node_modules/package-json-from-dist Completed in 7678ms
6554 timing reifyNode:node_modules/is-weakset Completed in 7663ms
6555 timing reifyNode:node_modules/@rollup/pluginutils Completed in 7670ms
6556 timing reifyNode:node_modules/eslint/node_modules/argparse Completed in 7497ms
6557 timing reifyNode:node_modules/chokidar Completed in 7625ms
6558 timing reifyNode:node_modules/espree Completed in 7556ms
6559 timing reifyNode:node_modules/doctrine Completed in 7555ms
6560 timing reifyNode:node_modules/postcss-minify-font-values Completed in 7552ms
6561 timing reifyNode:node_modules/postcss-merge-rules Completed in 7552ms
6562 timing reifyNode:node_modules/istanbul-lib-instrument Completed in 7547ms
6563 timing reifyNode:node_modules/@jest/types Completed in 7540ms
6564 timing reifyNode:node_modules/@jest/console Completed in 7596ms
6565 timing reifyNode:node_modules/which-typed-array Completed in 7587ms
6566 timing reifyNode:node_modules/camel-case Completed in 7594ms
6567 timing reifyNode:node_modules/cssnano Completed in 7557ms
6568 timing reifyNode:node_modules/arraybuffer.prototype.slice Completed in 7585ms
6569 timing reifyNode:node_modules/function-bind Completed in 7583ms
6570 timing reifyNode:node_modules/es-object-atoms Completed in 7583ms
6571 timing reifyNode:node_modules/get-proto Completed in 7588ms
6572 timing reifyNode:node_modules/react-refresh Completed in 7514ms
6573 timing reifyNode:node_modules/dotenv Completed in 7518ms
6574 timing reifyNode:node_modules/terser-webpack-plugin Completed in 7529ms
6575 timing reifyNode:node_modules/@rollup/plugin-node-resolve Completed in 7699ms
6576 timing reifyNode:node_modules/svgo/node_modules/domutils Completed in 7561ms
6577 timing reifyNode:node_modules/eslint-plugin-react/node_modules/doctrine Completed in 7595ms
6578 timing reifyNode:node_modules/is-boolean-object Completed in 7700ms
6579 timing reifyNode:node_modules/detect-port-alt Completed in 7660ms
6580 timing reifyNode:node_modules/for-each Completed in 7681ms
6581 timing reifyNode:node_modules/postcss-custom-properties Completed in 7656ms
6582 timing reifyNode:node_modules/no-case Completed in 7654ms
6583 timing reifyNode:node_modules/dot-case Completed in 7653ms
6584 timing reifyNode:node_modules/nwsapi Completed in 7642ms
6585 timing reifyNode:node_modules/acorn-walk Completed in 7646ms
6586 timing reifyNode:node_modules/cjs-module-lexer Completed in 7642ms
6587 timing reifyNode:node_modules/picomatch Completed in 7640ms
6588 timing reifyNode:node_modules/asynckit Completed in 7648ms
6589 timing reifyNode:node_modules/pascal-case Completed in 7632ms
6590 timing reifyNode:node_modules/param-case Completed in 7629ms
6591 timing reifyNode:node_modules/set-proto Completed in 7623ms
6592 timing reifyNode:node_modules/postcss-discard-comments Completed in 7596ms
6593 timing reifyNode:node_modules/string.prototype.trimend Completed in 7617ms
6594 timing reifyNode:node_modules/has-tostringtag Completed in 7627ms
6595 timing reifyNode:node_modules/globalthis Completed in 7624ms
6596 timing reifyNode:node_modules/array.prototype.flat Completed in 7621ms
6597 timing reifyNode:node_modules/@babel/helper-module-imports Completed in 7569ms
6598 timing reifyNode:node_modules/json-stable-stringify-without-jsonify Completed in 7609ms
6599 timing reifyNode:node_modules/workbox-build/node_modules/json-schema-traverse Completed in 7731ms
6600 timing reifyNode:node_modules/eslint-plugin-import/node_modules/doctrine Completed in 7624ms
6601 timing reifyNode:node_modules/@eslint/eslintrc/node_modules/argparse Completed in 7612ms
6602 timing reifyNode:node_modules/postcss-svgo/node_modules/commander Completed in 7616ms
6603 timing reifyNode:node_modules/workbox-webpack-plugin/node_modules/webpack-sources Completed in 7579ms
6604 timing reifyNode:node_modules/@jridgewell/source-map Completed in 7712ms
6605 timing reifyNode:node_modules/array.prototype.reduce Completed in 7715ms
6606 timing reifyNode:node_modules/mime-db Completed in 7685ms
6607 timing reifyNode:node_modules/es-module-lexer Completed in 7719ms
6608 timing reifyNode:node_modules/ajv-formats Completed in 7706ms
6609 timing reifyNode:node_modules/@jest/transform Completed in 7610ms
6610 timing reifyNode:node_modules/prop-types Completed in 7657ms
6611 timing reifyNode:node_modules/array.prototype.tosorted Completed in 7658ms
6612 timing reifyNode:node_modules/reusify Completed in 7674ms
6613 timing reifyNode:node_modules/human-signals Completed in 7691ms
6614 timing reifyNode:node_modules/object.groupby Completed in 7666ms
6615 timing reifyNode:node_modules/object.values Completed in 7666ms
6616 timing reifyNode:node_modules/array.prototype.findlastindex Completed in 7666ms
6617 timing reifyNode:node_modules/@babel/plugin-transform-parameters Completed in 7624ms
6618 timing reifyNode:node_modules/css-minimizer-webpack-plugin Completed in 7601ms
6619 timing reifyNode:node_modules/ajv-formats/node_modules/json-schema-traverse Completed in 7736ms
6620 timing reifyNode:node_modules/workbox-build/node_modules/whatwg-url Completed in 7777ms
6621 timing reifyNode:node_modules/tsconfig-paths/node_modules/json5 Completed in 7674ms
6622 timing reifyNode:node_modules/schema-utils/node_modules/json-schema-traverse Completed in 7624ms
6623 timing reifyNode:node_modules/send/node_modules/debug Completed in 7770ms
6624 timing reifyNode:node_modules/tr46 Completed in 7779ms
6625 timing reifyNode:node_modules/websocket-extensions Completed in 7780ms
6626 timing reifyNode:node_modules/body-parser Completed in 7769ms
6627 timing reifyNode:node_modules/chownr Completed in 7757ms
6628 timing reifyNode:node_modules/filesize Completed in 7738ms
6629 timing reifyNode:node_modules/@csstools/postcss-is-pseudo-class Completed in 7732ms
6630 timing reifyNode:node_modules/tryer Completed in 7662ms
6631 timing reifyNode:node_modules/babel-plugin-transform-react-remove-prop-types Completed in 7661ms
6632 timing reifyNode:node_modules/string.prototype.trim Completed in 7695ms
6633 timing reifyNode:node_modules/@ungap/structured-clone Completed in 7672ms
6634 timing reifyNode:node_modules/jest-each Completed in 7716ms
6635 timing reifyNode:node_modules/flatted Completed in 7701ms
6636 timing reifyNode:node_modules/string.prototype.matchall Completed in 7699ms
6637 timing reifyNode:node_modules/array-includes Completed in 7689ms
6638 timing reifyNode:node_modules/@typescript-eslint/visitor-keys Completed in 7688ms
6639 timing reifyNode:node_modules/regexpu-core Completed in 7650ms
6640 timing reifyNode:node_modules/@babel/plugin-transform-block-scoping Completed in 7643ms
6641 timing reifyNode:node_modules/@babel/compat-data Completed in 7639ms
6642 timing reifyNode:node_modules/@tailwindcss/node Completed in 7607ms
6643 timing reifyNode:node_modules/express/node_modules/debug Completed in 7779ms
6644 timing reifyNode:node_modules/serve-index/node_modules/debug Completed in 7779ms
6645 timing reifyNode:node_modules/compression/node_modules/debug Completed in 7779ms
6646 timing reifyNode:node_modules/ejs Completed in 7811ms
6647 timing reifyNode:node_modules/jest-watch-typeahead/node_modules/jest-watcher Completed in 7635ms
6648 timing reifyNode:node_modules/react-dev-utils/node_modules/loader-utils Completed in 7639ms
6649 timing reifyNode:node_modules/performance-now Completed in 7756ms
6650 timing reifyNode:node_modules/postcss-initial Completed in 7754ms
6651 timing reifyNode:node_modules/tough-cookie Completed in 7738ms
6652 timing reifyNode:node_modules/webpack/node_modules/eslint-scope Completed in 7631ms
6653 timing reifyNode:node_modules/klona Completed in 7752ms
6654 timing reifyNode:node_modules/css-declaration-sorter Completed in 7685ms
6655 timing reifyNode:node_modules/regexp.prototype.flags Completed in 7714ms
6656 timing reifyNode:node_modules/has-symbols Completed in 7714ms
6657 timing reifyNode:node_modules/array.prototype.flatmap Completed in 7710ms
6658 timing reifyNode:node_modules/finalhandler/node_modules/debug Completed in 7801ms
6659 timing reifyNode:node_modules/body-parser/node_modules/debug Completed in 7800ms
6660 timing reifyNode:node_modules/fork-ts-checker-webpack-plugin/node_modules/tapable Completed in 7770ms
6661 timing reifyNode:node_modules/detect-port-alt/node_modules/debug Completed in 7771ms
6662 timing reifyNode:node_modules/sockjs Completed in 7802ms
6663 timing reifyNode:node_modules/@webassemblyjs/wasm-parser Completed in 7797ms
6664 timing reifyNode:node_modules/css-blank-pseudo Completed in 7768ms
6665 timing reifyNode:node_modules/@types/prettier Completed in 7753ms
6666 timing reifyNode:node_modules/coa Completed in 7793ms
6667 timing reifyNode:node_modules/array.prototype.findlast Completed in 7735ms
6668 timing reifyNode:node_modules/fast-json-stable-stringify Completed in 7690ms
6669 timing reifyNode:node_modules/object.entries Completed in 7736ms
6670 timing metavuln:cache:get:security-advisory:react-scripts:HOx7uJgd8zagssmnMeq1umqLRNfvqTgHh0T2xpM1KzywEwvSluXQm/nLLZWEXzKURF+92ocCOJaDshdAIXDC7A== Completed in 299ms
6671 timing metavuln:load:security-advisory:react-scripts:Z7AjNusKl1CgBZPCPTItg7KHh+BhgGHeWH0S+sBeqHqZs6dIK6PrrIf3i8QOPOIxSjzxXTMcMmEB2czw7D5FmQ== Completed in 1ms
6672 timing metavuln:calculate:security-advisory:react-scripts:Z7AjNusKl1CgBZPCPTItg7KHh+BhgGHeWH0S+sBeqHqZs6dIK6PrrIf3i8QOPOIxSjzxXTMcMmEB2czw7D5FmQ== Completed in 300ms
6673 timing metavuln:cache:get:security-advisory:@pmmmwh/react-refresh-webpack-plugin:d/fNnxq57jDHa7YIrKp9f5BQ9ywJdUUkwNLwKklTVceHnzA8HzVEuzgAfsN/5AW0Dmb8hm18Sv0kKaNuBKPJ0g== Completed in 300ms
6674 timing metavuln:load:security-advisory:@pmmmwh/react-refresh-webpack-plugin:Z7AjNusKl1CgBZPCPTItg7KHh+BhgGHeWH0S+sBeqHqZs6dIK6PrrIf3i8QOPOIxSjzxXTMcMmEB2czw7D5FmQ== Completed in 0ms
6675 timing metavuln:calculate:security-advisory:@pmmmwh/react-refresh-webpack-plugin:Z7AjNusKl1CgBZPCPTItg7KHh+BhgGHeWH0S+sBeqHqZs6dIK6PrrIf3i8QOPOIxSjzxXTMcMmEB2czw7D5FmQ== Completed in 300ms
6676 timing metavuln:packument:css-select Completed in 0ms
6677 timing reifyNode:node_modules/jest-watch-typeahead Completed in 7674ms
6678 timing reifyNode:node_modules/identity-obj-proxy Completed in 7670ms
6679 timing reifyNode:node_modules/tslib Completed in 7659ms
6680 timing reifyNode:node_modules/@typescript-eslint/utils/node_modules/eslint-scope Completed in 7738ms
6681 timing reifyNode:node_modules/@nicolo-ribaudo/eslint-scope-5-internals/node_modules/eslint-scope Completed in 7738ms
6682 timing reifyNode:node_modules/faye-websocket Completed in 7840ms
6683 timing reifyNode:node_modules/shell-quote Completed in 7801ms
6684 timing reifyNode:node_modules/dom-serializer Completed in 7806ms
6685 timing reifyNode:node_modules/postcss-lab-function Completed in 7797ms
6686 timing reifyNode:node_modules/commander Completed in 7763ms
6687 timing reifyNode:node_modules/@babel/helper-compilation-targets Completed in 7696ms
6688 timing reifyNode:node_modules/@nodelib/fs.stat Completed in 7756ms
6689 timing reifyNode:node_modules/html-webpack-plugin Completed in 7699ms
6690 timing reifyNode:node_modules/eslint-webpack-plugin Completed in 7698ms
6691 timing reifyNode:node_modules/@pkgjs/parseargs Completed in 7888ms
6692 timing reifyNode:node_modules/@xtuc/long Completed in 7851ms
6693 timing reifyNode:node_modules/@isaacs/fs-minipass Completed in 7845ms
6694 timing reifyNode:node_modules/@csstools/postcss-cascade-layers Completed in 7821ms
6695 timing reifyNode:node_modules/decimal.js Completed in 7807ms
6696 timing reifyNode:node_modules/sprintf-js Completed in 7806ms
6697 timing reifyNode:node_modules/call-bind-apply-helpers Completed in 7779ms
6698 timing reifyNode:node_modules/fastq Completed in 7770ms
6699 timing reifyNode:node_modules/tapable Completed in 7702ms
6700 timing reifyNode:node_modules/electron-to-chromium Completed in 7702ms
6701 timing reifyNode:node_modules/yargs-parser Completed in 7897ms
6702 timing reifyNode:node_modules/webpack-manifest-plugin/node_modules/webpack-sources Completed in 7728ms
6703 timing reifyNode:node_modules/spdy Completed in 7870ms
6704 timing reifyNode:node_modules/tar/node_modules/yallist Completed in 7704ms
6705 timing reifyNode:node_modules/@csstools/postcss-oklab-function Completed in 7836ms
6706 timing reifyNode:node_modules/css-prefers-color-scheme Completed in 7838ms
6707 timing reifyNode:node_modules/emoji-regex Completed in 7799ms
6708 timing reifyNode:node_modules/string.prototype.includes Completed in 7800ms
6709 timing reifyNode:node_modules/function.prototype.name Completed in 7795ms
6710 timing reifyNode:node_modules/es-errors Completed in 7793ms
6711 timing reifyNode:node_modules/loader-utils Completed in 7741ms
6712 timing reifyNode:node_modules/scheduler Completed in 7720ms
6713 timing reifyNode:node_modules/workbox-build/node_modules/tr46 Completed in 7900ms
6714 timing reifyNode:node_modules/entities Completed in 7862ms
6715 timing reifyNode:node_modules/@csstools/postcss-color-function Completed in 7850ms
6716 timing reifyNode:node_modules/eslint-scope Completed in 7787ms
6717 timing reifyNode:node_modules/jest-watcher Completed in 7828ms
6718 timing reifyNode:node_modules/jest-watch-typeahead/node_modules/pretty-format Completed in 7757ms
6719 timing reifyNode:node_modules/css-has-pseudo Completed in 7871ms
6720 timing reifyNode:node_modules/style-loader Completed in 7769ms
6721 timing reifyNode:node_modules/jest-watch-typeahead/node_modules/jest-util Completed in 7772ms
6722 timing reifyNode:node_modules/react-error-overlay Completed in 7895ms
6723 timing reifyNode:node_modules/eslint-webpack-plugin/node_modules/jest-worker Completed in 7770ms
6724 timing reifyNode:node_modules/whatwg-url Completed in 7875ms
6725 timing reifyNode:node_modules/postcss-nesting Completed in 7891ms
6726 timing reifyNode:node_modules/esprima Completed in 7874ms
6727 timing reifyNode:node_modules/@babel/plugin-transform-typescript Completed in 7818ms
6728 timing reifyNode:node_modules/@babel/plugin-transform-runtime Completed in 7818ms
6729 timing reifyNode:node_modules/exit Completed in 7865ms
6730 timing reifyNode:node_modules/relateurl Completed in 7862ms
6731 timing reifyNode:node_modules/@types/eslint Completed in 7856ms
6732 timing reifyNode:node_modules/jest-resolve Completed in 7785ms
6733 timing reifyNode:node_modules/css-loader Completed in 7779ms
6734 timing reifyNode:node_modules/ws Completed in 7895ms
6735 timing reifyNode:node_modules/cssom Completed in 7892ms
6736 timing reifyNode:node_modules/nth-check Completed in 7922ms
6737 timing reifyNode:node_modules/object.assign Completed in 7868ms
6738 timing reifyNode:node_modules/idb Completed in 8002ms
6739 timing reifyNode:node_modules/xmlchars Completed in 7961ms
6740 timing reifyNode:node_modules/jest-validate Completed in 7927ms
6741 timing reifyNode:node_modules/@babel/template Completed in 7855ms
6742 timing reifyNode:node_modules/@nodelib/fs.scandir Completed in 7904ms
6743 timing reifyNode:node_modules/cssstyle/node_modules/cssom Completed in 7952ms
6744 warn deprecated workbox-cacheable-response@6.6.0: workbox-background-sync@6.6.0
6745 timing reifyNode:node_modules/workbox-cacheable-response Completed in 8026ms
6746 timing reifyNode:node_modules/jest-diff Completed in 7959ms
6747 timing reifyNode:node_modules/domutils Completed in 7993ms
6748 timing metavuln:cache:get:security-advisory:css-select:SLFoDCntvPIX7nfh4g/iCe2/KeoLVy5CIo+Vtscwot4QJeqx55N/LgyavNwRLdiV5D/6y18tMpVEodIgf/9HMA== Completed in 200ms
6749 timing metavuln:load:security-advisory:css-select:u9kIbs88jjqPq0zHVBinwei/KZ5GCRRfUp85vuDQlT/Si01qI5XVVQOSRujFCbyFsnHqETob3CApPmYQZ74K2A== Completed in 0ms
6750 timing metavuln:calculate:security-advisory:css-select:u9kIbs88jjqPq0zHVBinwei/KZ5GCRRfUp85vuDQlT/Si01qI5XVVQOSRujFCbyFsnHqETob3CApPmYQZ74K2A== Completed in 201ms
6751 timing reifyNode:node_modules/pretty-error Completed in 7950ms
6752 timing reifyNode:node_modules/es-to-primitive Completed in 7943ms
6753 timing reifyNode:node_modules/babel-plugin-polyfill-corejs3 Completed in 7901ms
6754 timing reifyNode:node_modules/webpack-dev-server/node_modules/ws Completed in 7902ms
6755 timing reifyNode:node_modules/minimist Completed in 8030ms
6756 timing reifyNode:node_modules/htmlparser2 Completed in 8020ms
6757 timing reifyNode:node_modules/@babel/helper-module-transforms Completed in 7914ms
6758 timing reifyNode:node_modules/nanoid Completed in 7907ms
6759 timing reifyNode:node_modules/workbox-navigation-preload Completed in 8093ms
6760 timing reifyNode:node_modules/jest-snapshot Completed in 8021ms
6761 timing reifyNode:node_modules/source-map-js Completed in 7918ms
6762 timing reifyNode:node_modules/mini-css-extract-plugin Completed in 7945ms
6763 warn deprecated source-map@0.8.0-beta.0: The work that was done in this beta branch won't be included in future versions
6764 timing reifyNode:node_modules/workbox-build/node_modules/source-map Completed in 8117ms
6765 timing reifyNode:node_modules/file-loader/node_modules/schema-utils Completed in 7947ms
6766 timing reifyNode:node_modules/http-proxy-middleware Completed in 8099ms
6767 timing reifyNode:node_modules/jest-circus Completed in 8049ms
6768 timing reifyNode:node_modules/rollup-plugin-terser/node_modules/jest-worker Completed in 8133ms
6769 timing reifyNode:node_modules/jest-cli Completed in 8064ms
6770 timing reifyNode:node_modules/eslint-module-utils Completed in 8046ms
6771 timing reifyNode:node_modules/source-map Completed in 8000ms
6772 timing reifyNode:node_modules/workbox-build/node_modules/@apideck/better-ajv-errors Completed in 8155ms
6773 timing reifyNode:node_modules/hpack.js/node_modules/readable-stream Completed in 8152ms
6774 warn deprecated workbox-google-analytics@6.6.0: It is not compatible with newer versions of GA starting with v4, as long as you are using GAv3 it should be ok, but the package is not longer being maintained
6775 timing reifyNode:node_modules/workbox-google-analytics Completed in 8192ms
6776 timing reifyNode:node_modules/webpack-dev-middleware Completed in 8171ms
6777 timing reifyNode:node_modules/minizlib Completed in 8163ms
6778 timing reifyNode:node_modules/babel-loader/node_modules/schema-utils Completed in 8017ms
6779 timing reifyNode:node_modules/@babel/plugin-transform-regenerator Completed in 8064ms
6780 timing reifyNode:node_modules/@nodelib/fs.walk Completed in 8095ms
6781 timing reifyNode:node_modules/@surma/rollup-plugin-off-main-thread/node_modules/magic-string Completed in 8215ms
6782 timing reifyNode:node_modules/@rollup/plugin-replace/node_modules/magic-string Completed in 8215ms
6783 timing reifyNode:node_modules/resolve-url-loader Completed in 8050ms
6784 timing reifyNode:node_modules/tempy/node_modules/type-fest Completed in 8219ms
6785 timing reifyNode:node_modules/http-proxy Completed in 8213ms
6786 timing reifyNode:node_modules/websocket-driver Completed in 8214ms
6787 timing reifyNode:node_modules/fork-ts-checker-webpack-plugin/node_modules/schema-utils Completed in 8172ms
6788 timing reifyNode:node_modules/express Completed in 8201ms
6789 timing reifyNode:node_modules/minipass Completed in 8193ms
6790 timing reifyNode:node_modules/any-promise Completed in 8195ms
6791 timing reifyNode:node_modules/css-what Completed in 8186ms
6792 timing reifyNode:node_modules/@adobe/css-tools Completed in 8050ms
6793 timing reifyNode:node_modules/lz-string Completed in 8051ms
6794 timing reifyNode:node_modules/events Completed in 8223ms
6795 timing reifyNode:node_modules/postcss-calc Completed in 8126ms
6796 timing reifyNode:node_modules/@eslint-community/regexpp Completed in 8136ms
6797 timing reifyNode:node_modules/pretty-format Completed in 8071ms
6798 timing reifyNode:node_modules/jest-worker Completed in 8132ms
6799 timing reifyNode:node_modules/hpack.js Completed in 8258ms
6800 timing reifyNode:node_modules/adjust-sourcemap-loader Completed in 8225ms
6801 timing reifyNode:node_modules/readable-stream Completed in 8278ms
6802 timing reifyNode:node_modules/ajv-keywords Completed in 8295ms
6803 timing metavuln:cache:get:security-advisory:react-scripts:kKU8uM+qTtInubgYQrn1Pxn81QMWKfkCDfIZjup8wyMg7BSnoJIdXRXTKPG7RjTojqBqBxvALJQnSFxA9BPZoA== Completed in 248ms
6804 timing metavuln:load:security-advisory:react-scripts:NMmXK6xVhonFWyuVjVZvtHCgDtIj2Xt/NObjzI+nKFgCMVK0SPWnlUyO5ZfDMa1dK6KZVYB4z5/E6SGUubEZmA== Completed in 1ms
6805 timing metavuln:calculate:security-advisory:react-scripts:NMmXK6xVhonFWyuVjVZvtHCgDtIj2Xt/NObjzI+nKFgCMVK0SPWnlUyO5ZfDMa1dK6KZVYB4z5/E6SGUubEZmA== Completed in 253ms
6806 timing metavuln:packument:svgo Completed in 0ms
6807 timing reifyNode:node_modules/math-intrinsics Completed in 8215ms
6808 timing reifyNode:node_modules/@jridgewell/sourcemap-codec Completed in 8132ms
6809 timing reifyNode:node_modules/expect Completed in 8265ms
6810 timing reifyNode:node_modules/workbox-range-requests Completed in 8345ms
6811 timing reifyNode:node_modules/@eslint-community/eslint-utils Completed in 8224ms
6812 timing reifyNode:node_modules/schema-utils Completed in 8190ms
6813 timing reifyNode:node_modules/@jridgewell/remapping Completed in 8156ms
6814 timing reifyNode:node_modules/json5 Completed in 8197ms
6815 timing reifyNode:node_modules/foreground-child/node_modules/signal-exit Completed in 8371ms
6816 timing reifyNode:node_modules/qs Completed in 8348ms
6817 timing reifyNode:node_modules/@babel/helper-define-polyfill-provider Completed in 8231ms
6818 timing reifyNode:node_modules/magic-string Completed in 8175ms
6819 timing reifyNode:node_modules/raw-body/node_modules/iconv-lite Completed in 8360ms
6820 timing reifyNode:node_modules/jest-config Completed in 8289ms
6821 timing reifyNode:node_modules/@jest/reporters Completed in 8288ms
6822 timing reifyNode:node_modules/argparse Completed in 8300ms
6823 timing reifyNode:node_modules/html-entities Completed in 8219ms
6824 timing reifyNode:node_modules/workbox-broadcast-update Completed in 8382ms
6825 timing reifyNode:node_modules/object-inspect Completed in 8284ms
6826 timing reifyNode:node_modules/webpack-sources Completed in 8357ms
6827 timing reifyNode:node_modules/acorn Completed in 8290ms
6828 timing reifyNode:node_modules/workbox-webpack-plugin Completed in 8224ms
6829 timing reifyNode:node_modules/@jridgewell/gen-mapping Completed in 8195ms
6830 timing reifyNode:node_modules/react-dev-utils Completed in 8220ms
6831 timing reifyNode:node_modules/jest-util Completed in 8257ms
6832 timing reifyNode:node_modules/react Completed in 8200ms
6833 timing reifyNode:node_modules/body-parser/node_modules/iconv-lite Completed in 8379ms
6834 timing reifyNode:node_modules/whatwg-encoding/node_modules/iconv-lite Completed in 8327ms
6835 timing reifyNode:node_modules/spdy-transport Completed in 8394ms
6836 timing reifyNode:node_modules/workbox-recipes Completed in 8404ms
6837 timing reifyNode:node_modules/postcss-ordered-values Completed in 8281ms
6838 timing reifyNode:node_modules/foreground-child Completed in 8422ms
6839 timing reifyNode:node_modules/@types/semver Completed in 8306ms
6840 timing metavuln:cache:get:security-advisory:svgo:XUKKCUuEIfThVsBLy+oF8GyP7lxkVuLkW//+NY5/KIf8QcWHSFuyi5ASrjDctKGKZ6oI4iYXN2mfMc9AZn06XQ== Completed in 105ms
6841 timing metavuln:load:security-advisory:svgo:SLFoDCntvPIX7nfh4g/iCe2/KeoLVy5CIo+Vtscwot4QJeqx55N/LgyavNwRLdiV5D/6y18tMpVEodIgf/9HMA== Completed in 0ms
6842 timing metavuln:calculate:security-advisory:svgo:SLFoDCntvPIX7nfh4g/iCe2/KeoLVy5CIo+Vtscwot4QJeqx55N/LgyavNwRLdiV5D/6y18tMpVEodIgf/9HMA== Completed in 105ms
6843 timing metavuln:packument:@svgr/plugin-svgo Completed in 1ms
6844 timing reifyNode:node_modules/memfs Completed in 8371ms
6845 timing reifyNode:node_modules/motion-utils Completed in 8235ms
6846 timing reifyNode:node_modules/lightningcss Completed in 8230ms
6847 timing reifyNode:node_modules/workbox-expiration Completed in 8426ms
6848 timing reifyNode:node_modules/jackspeak Completed in 8441ms
6849 timing reifyNode:node_modules/jest-haste-map Completed in 8301ms
6850 timing reifyNode:node_modules/react-scripts Completed in 8252ms
6851 timing reifyNode:node_modules/cosmiconfig Completed in 8301ms
6852 timing reifyNode:node_modules/path-scurry Completed in 8461ms
6853 timing reifyNode:node_modules/bonjour-service Completed in 8423ms
6854 timing reifyNode:node_modules/css-select Completed in 8404ms
6855 timing reifyNode:node_modules/@babel/helper-create-class-features-plugin Completed in 8307ms
6856 timing reifyNode:node_modules/undici-types Completed in 8324ms
6857 timing reifyNode:node_modules/@typescript-eslint/types Completed in 8352ms
6858 timing reifyNode:node_modules/type-fest Completed in 8379ms
6859 timing reifyNode:node_modules/workbox-streams Completed in 8488ms
6860 timing reifyNode:node_modules/ansi-escapes/node_modules/type-fest Completed in 8405ms
6861 timing reifyNode:node_modules/fast-uri Completed in 8504ms
6862 timing reifyNode:node_modules/colord Completed in 8438ms
6863 timing reifyNode:node_modules/promise Completed in 8448ms
6864 timing reifyNode:node_modules/fs-extra Completed in 8333ms
6865 timing metavuln:cache:get:security-advisory:@svgr/plugin-svgo:EsuzSbf7+Y+7kKOmijkK+GD/doYYcoKZ2epSaSjuMjK3D5MenoOfnownHNwRmdBZcaR1NsuBUK35WDllW+AMMw== Completed in 89ms
6866 timing metavuln:load:security-advisory:@svgr/plugin-svgo:XUKKCUuEIfThVsBLy+oF8GyP7lxkVuLkW//+NY5/KIf8QcWHSFuyi5ASrjDctKGKZ6oI4iYXN2mfMc9AZn06XQ== Completed in 0ms
6867 timing metavuln:calculate:security-advisory:@svgr/plugin-svgo:XUKKCUuEIfThVsBLy+oF8GyP7lxkVuLkW//+NY5/KIf8QcWHSFuyi5ASrjDctKGKZ6oI4iYXN2mfMc9AZn06XQ== Completed in 89ms
6868 timing metavuln:packument:@svgr/webpack Completed in 1ms
6869 timing reifyNode:node_modules/fork-ts-checker-webpack-plugin/node_modules/cosmiconfig Completed in 8463ms
6870 timing reifyNode:node_modules/@babel/eslint-parser Completed in 8407ms
6871 timing reifyNode:node_modules/@sinonjs/commons Completed in 8459ms
6872 timing reifyNode:node_modules/mdn-data Completed in 8504ms
6873 timing reifyNode:node_modules/@testing-library/react Completed in 8342ms
6874 timing reifyNode:node_modules/postcss-svgo/node_modules/mdn-data Completed in 8418ms
6875 timing reifyNode:node_modules/psl Completed in 8512ms
6876 timing reifyNode:node_modules/csso/node_modules/mdn-data Completed in 8508ms
6877 timing reifyNode:node_modules/stylehacks Completed in 8492ms
6878 timing reifyNode:node_modules/postcss-selector-parser Completed in 8492ms
6879 timing reifyNode:node_modules/postcss-modules-scope/node_modules/postcss-selector-parser Completed in 8428ms
6880 timing reifyNode:node_modules/postcss-modules-local-by-default/node_modules/postcss-selector-parser Completed in 8429ms
6881 timing reifyNode:node_modules/jest-jasmine2 Completed in 8482ms
6882 timing reifyNode:node_modules/@babel/preset-modules Completed in 8414ms
6883 timing reifyNode:node_modules/workbox-build/node_modules/fs-extra Completed in 8561ms
6884 timing reifyNode:node_modules/semver Completed in 8400ms
6885 timing reifyNode:node_modules/jsonpath Completed in 8438ms
6886 timing reifyNode:node_modules/graphemer Completed in 8451ms
6887 timing reifyNode:node_modules/@babel/preset-env Completed in 8416ms
6888 timing metavuln:cache:get:security-advisory:@svgr/webpack:IqnIHrynVlqAtMhtysIZT7fFR47WkNiVdS0bltwMCNwW6AuOVEGK8Ns3UrtOyzCH0k8s8awx0D1vcr5HtSiaPw== Completed in 69ms
6889 timing metavuln:load:security-advisory:@svgr/webpack:EsuzSbf7+Y+7kKOmijkK+GD/doYYcoKZ2epSaSjuMjK3D5MenoOfnownHNwRmdBZcaR1NsuBUK35WDllW+AMMw== Completed in 0ms
6890 timing metavuln:calculate:security-advisory:@svgr/webpack:EsuzSbf7+Y+7kKOmijkK+GD/doYYcoKZ2epSaSjuMjK3D5MenoOfnownHNwRmdBZcaR1NsuBUK35WDllW+AMMw== Completed in 69ms
6891 timing reifyNode:node_modules/eslint/node_modules/js-yaml Completed in 8402ms
6892 timing reifyNode:node_modules/fork-ts-checker-webpack-plugin/node_modules/fs-extra Completed in 8530ms
6893 timing reifyNode:node_modules/bfj Completed in 8406ms
6894 timing reifyNode:node_modules/@jridgewell/trace-mapping Completed in 8392ms
6895 timing reifyNode:node_modules/workbox-background-sync Completed in 8592ms
6896 timing reifyNode:node_modules/resolve-url-loader/node_modules/postcss Completed in 8426ms
6897 timing reifyNode:node_modules/@eslint/eslintrc/node_modules/js-yaml Completed in 8473ms
6898 timing reifyNode:node_modules/core-js-compat Completed in 8452ms
6899 timing reifyNode:node_modules/iconv-lite Completed in 8562ms
6900 timing reifyNode:node_modules/enhanced-resolve Completed in 8441ms
6901 timing reifyNode:node_modules/escodegen/node_modules/source-map Completed in 8564ms
6902 timing reifyNode:node_modules/eslint-plugin-testing-library Completed in 8529ms
6903 timing reifyNode:node_modules/postcss-merge-longhand Completed in 8514ms
6904 timing reifyNode:node_modules/resolve-url-loader/node_modules/source-map Completed in 8475ms
6905 timing metavuln:cache:get:security-advisory:react-scripts:Oynm4f28m7wqpHeAVQPAu6HUX0KhswQORZBCdzEDs2/Qk227PWimoI5yjY/d79GoOSw+zJpJ6uMhVBngEzK4zQ== Completed in 67ms
6906 timing metavuln:load:security-advisory:react-scripts:IqnIHrynVlqAtMhtysIZT7fFR47WkNiVdS0bltwMCNwW6AuOVEGK8Ns3UrtOyzCH0k8s8awx0D1vcr5HtSiaPw== Completed in 0ms
6907 timing metavuln:calculate:security-advisory:react-scripts:IqnIHrynVlqAtMhtysIZT7fFR47WkNiVdS0bltwMCNwW6AuOVEGK8Ns3UrtOyzCH0k8s8awx0D1vcr5HtSiaPw== Completed in 67ms
6908 timing auditReport:init Completed in 6105ms
6909 timing reify:audit Completed in 8720ms
6910 timing reifyNode:node_modules/css-minimizer-webpack-plugin/node_modules/source-map Completed in 8479ms
6911 timing reifyNode:node_modules/postcss-svgo/node_modules/source-map Completed in 8532ms
6912 timing reifyNode:node_modules/@jest/transform/node_modules/source-map Completed in 8514ms
6913 timing reifyNode:node_modules/css-tree/node_modules/source-map Completed in 8620ms
6914 timing reifyNode:node_modules/@jest/reporters/node_modules/source-map Completed in 8571ms
6915 timing reifyNode:node_modules/csso/node_modules/source-map Completed in 8625ms
6916 timing reifyNode:node_modules/clean-css/node_modules/source-map Completed in 8571ms
6917 timing reifyNode:node_modules/static-eval/node_modules/source-map Completed in 8595ms
6918 timing reifyNode:node_modules/@jest/source-map/node_modules/source-map Completed in 8591ms
6919 timing reifyNode:node_modules/istanbul-lib-source-maps/node_modules/source-map Completed in 8584ms
6920 timing reifyNode:node_modules/source-map-support/node_modules/source-map Completed in 8592ms
6921 timing reifyNode:node_modules/jake Completed in 8674ms
6922 timing reifyNode:node_modules/workbox-webpack-plugin/node_modules/source-map Completed in 8511ms
6923 timing reifyNode:node_modules/webpack-manifest-plugin/node_modules/source-map Completed in 8512ms
6924 timing reifyNode:node_modules/parse5 Completed in 8602ms
6925 timing reifyNode:node_modules/@webassemblyjs/ast Completed in 8652ms
6926 timing reifyNode:node_modules/js-yaml Completed in 8548ms
6927 timing reifyNode:node_modules/jsonpath/node_modules/esprima Completed in 8557ms
6928 timing reifyNode:node_modules/esquery Completed in 8568ms
6929 timing reifyNode:node_modules/path-scurry/node_modules/lru-cache Completed in 8702ms
6930 timing reifyNode:node_modules/@sinclair/typebox Completed in 8712ms
6931 timing reifyNode:node_modules/@testing-library/jest-dom Completed in 8506ms
6932 timing reifyNode:node_modules/fast-glob Completed in 8612ms
6933 timing reifyNode:node_modules/workbox-routing Completed in 8706ms
6934 timing reifyNode:node_modules/@eslint/eslintrc Completed in 8589ms
6935 timing reifyNode:node_modules/postcss Completed in 8521ms
6936 timing reifyNode:node_modules/dom-accessibility-api Completed in 8529ms
6937 timing reifyNode:node_modules/@typescript-eslint/type-utils Completed in 8632ms
6938 timing reifyNode:node_modules/sucrase/node_modules/minimatch Completed in 8709ms
6939 timing reifyNode:node_modules/tar/node_modules/mkdirp Completed in 8562ms
6940 timing reifyNode:node_modules/uuid Completed in 8745ms
6941 timing reifyNode:node_modules/@tailwindcss/postcss/node_modules/tailwindcss Completed in 8557ms
6942 timing reifyNode:node_modules/uri-js Completed in 8643ms
6943 timing reifyNode:node_modules/workbox-strategies Completed in 8760ms
6944 timing reifyNode:node_modules/@tailwindcss/node/node_modules/tailwindcss Completed in 8567ms
6945 timing reifyNode:node_modules/yargs Completed in 8682ms
6946 timing reifyNode:node_modules/workbox-window Completed in 8767ms
6947 timing reifyNode:node_modules/acorn-globals/node_modules/acorn Completed in 8698ms
6948 timing reifyNode:node_modules/@pmmmwh/react-refresh-webpack-plugin Completed in 8603ms
6949 timing reifyNode:node_modules/@testing-library/jest-dom/node_modules/dom-accessibility-api Completed in 8586ms
6950 timing reifyNode:node_modules/bluebird Completed in 8658ms
6951 timing reifyNode:node_modules/@bcoe/v8-coverage Completed in 8721ms
6952 timing reifyNode:node_modules/web-vitals Completed in 8625ms
6953 timing reifyNode:node_modules/@babel/generator Completed in 8672ms
6954 timing reifyNode:node_modules/yaml Completed in 8717ms
6955 timing reifyNode:node_modules/prompts Completed in 8680ms
6956 timing reifyNode:node_modules/tsconfig-paths Completed in 8744ms
6957 timing reifyNode:node_modules/csso Completed in 8826ms
6958 warn deprecated svgo@1.3.2: This SVGO version is no longer supported. Upgrade to v2.x.x.
6959 timing reifyNode:node_modules/svgo Completed in 8722ms
6960 timing reifyNode:node_modules/serve-index Completed in 8843ms
6961 timing reifyNode:node_modules/language-subtag-registry Completed in 8813ms
6962 timing reifyNode:node_modules/@jest/core Completed in 8793ms
6963 timing reifyNode:node_modules/cssstyle Completed in 8813ms
6964 timing reifyNode:node_modules/autoprefixer Completed in 8696ms
6965 timing reifyNode:node_modules/webpack-dev-server Completed in 8729ms
6966 timing reifyNode:node_modules/sucrase/node_modules/glob Completed in 8875ms
6967 timing reifyNode:node_modules/istanbul-reports Completed in 8835ms
6968 timing reifyNode:node_modules/tsutils Completed in 8820ms
6969 timing reifyNode:node_modules/@rushstack/eslint-patch Completed in 8827ms
6970 timing reifyNode:node_modules/eslint-plugin-flowtype Completed in 8837ms
6971 timing reifyNode:node_modules/@babel/traverse Completed in 8794ms
6972 timing reifyNode:node_modules/renderkid Completed in 8908ms
6973 timing reifyNode:node_modules/@babel/parser Completed in 8803ms
6974 timing reifyNode:node_modules/eslint-plugin-jest Completed in 8872ms
6975 timing reifyNode:node_modules/neo-async Completed in 8941ms
6976 timing reifyNode:node_modules/tailwindcss/node_modules/jiti Completed in 8795ms
6977 timing reifyNode:node_modules/jsx-ast-utils Completed in 8904ms
6978 timing reifyNode:node_modules/workbox-precaching Completed in 9000ms
6979 timing reifyNode:node_modules/axobject-query Completed in 8911ms
6980 timing reifyNode:node_modules/@testing-library/user-event Completed in 8825ms
6981 timing reifyNode:node_modules/jiti Completed in 8828ms
6982 timing reifyNode:node_modules/immer Completed in 8986ms
6983 timing reifyNode:node_modules/workbox-core Completed in 9055ms
6984 timing reifyNode:node_modules/postcss-svgo/node_modules/svgo Completed in 8955ms
6985 timing reifyNode:node_modules/workbox-build Completed in 9087ms
6986 timing reifyNode:node_modules/es-iterator-helpers Completed in 9006ms
6987 timing reifyNode:node_modules/ajv Completed in 8984ms
6988 timing reifyNode:node_modules/schema-utils/node_modules/ajv-keywords Completed in 8966ms
6989 timing reifyNode:node_modules/node-forge Completed in 9120ms
6990 timing reifyNode:node_modules/@tailwindcss/oxide-linux-x64-gnu Completed in 8944ms
6991 timing reifyNode:node_modules/@tailwindcss/oxide-linux-x64-musl Completed in 8958ms
6992 timing reifyNode:node_modules/aria-query Completed in 8972ms
6993 timing reifyNode:node_modules/eslint-plugin-jsx-a11y/node_modules/aria-query Completed in 9053ms
6994 timing reifyNode:node_modules/terser Completed in 9078ms
6995 timing reifyNode:node_modules/common-tags Completed in 9181ms
6996 timing reifyNode:node_modules/clean-css Completed in 9093ms
6997 timing reifyNode:node_modules/async Completed in 9201ms
6998 timing reifyNode:node_modules/axe-core Completed in 9103ms
6999 timing reifyNode:node_modules/resolve Completed in 9060ms
7000 timing reifyNode:node_modules/@testing-library/dom Completed in 9036ms
7001 timing reifyNode:node_modules/eslint-plugin-react/node_modules/resolve Completed in 9131ms
7002 timing reifyNode:node_modules/@babel/core Completed in 9091ms
7003 timing reifyNode:node_modules/@typescript-eslint/typescript-estree Completed in 9198ms
7004 timing reifyNode:node_modules/css-tree Completed in 9271ms
7005 timing reifyNode:node_modules/@types/node Completed in 9182ms
7006 timing reifyNode:node_modules/csso/node_modules/css-tree Completed in 9293ms
7007 timing reifyNode:node_modules/postcss-svgo/node_modules/css-tree Completed in 9210ms
7008 timing reifyNode:node_modules/eslint-plugin-import Completed in 9303ms
7009 timing reifyNode:node_modules/@surma/rollup-plugin-off-main-thread Completed in 9418ms
7010 timing reifyNode:node_modules/@babel/runtime Completed in 9239ms
7011 timing reifyNode:node_modules/fork-ts-checker-webpack-plugin Completed in 9481ms
7012 timing reifyNode:node_modules/@babel/helpers Completed in 9397ms
7013 timing reifyNode:node_modules/react-router Completed in 9391ms
7014 timing reifyNode:node_modules/@typescript-eslint/utils Completed in 9465ms
7015 timing reifyNode:node_modules/eslint-plugin-jsx-a11y Completed in 9480ms
7016 timing reifyNode:node_modules/tar Completed in 9471ms
7017 timing reifyNode:node_modules/sucrase Completed in 9643ms
7018 timing reifyNode:node_modules/motion-dom Completed in 9505ms
7019 timing reifyNode:node_modules/postcss-load-config/node_modules/yaml Completed in 9702ms
7020 timing reifyNode:node_modules/@babel/types Completed in 9645ms
7021 timing reifyNode:node_modules/rollup Completed in 9810ms
7022 timing reifyNode:node_modules/react-dom Completed in 9663ms
7023 timing reifyNode:node_modules/regenerate-unicode-properties Completed in 9994ms
7024 timing reifyNode:node_modules/eslint-plugin-react Completed in 9942ms
7025 timing reifyNode:node_modules/lightningcss-linux-x64-gnu Completed in 9978ms
7026 timing reifyNode:node_modules/lightningcss-linux-x64-musl Completed in 9990ms
7027 timing reifyNode:node_modules/framer-motion Completed in 10108ms
7028 timing reifyNode:node_modules/@typescript-eslint/scope-manager Completed in 10199ms
7029 timing reifyNode:node_modules/underscore Completed in 10243ms
7030 timing reifyNode:node_modules/workbox-build/node_modules/ajv Completed in 10386ms
7031 timing reifyNode:node_modules/schema-utils/node_modules/ajv Completed in 10236ms
7032 timing reifyNode:node_modules/ajv-formats/node_modules/ajv Completed in 10352ms
7033 timing reifyNode:node_modules/tailwindcss Completed in 10260ms
7034 warn deprecated eslint@8.57.1: This version is no longer supported. Please see https://eslint.org/version-support for other options.
7035 timing reifyNode:node_modules/eslint Completed in 10347ms
7036 timing reifyNode:node_modules/@typescript-eslint/eslint-plugin Completed in 10435ms
7037 timing reifyNode:node_modules/jsdom Completed in 10521ms
7038 timing reifyNode:node_modules/caniuse-lite Completed in 10644ms
7039 timing reifyNode:node_modules/lodash Completed in 10782ms
7040 timing reifyNode:node_modules/webpack Completed in 10795ms
7041 timing reifyNode:node_modules/typescript Completed in 11173ms
7042 timing reifyNode:node_modules/es-abstract Completed in 12043ms
7043 timing reifyNode:node_modules/core-js Completed in 12881ms
7044 timing reifyNode:node_modules/core-js-pure Completed in 12779ms
7045 timing reify:unpack Completed in 12957ms
7046 timing reify:unretire Completed in 2ms
7047 timing build:queue Completed in 71ms
7048 timing build:link:node_modules/ansi-html-community Completed in 14ms
7049 timing build:link:node_modules/jest-cli Completed in 11ms
7050 timing build:link:node_modules/@babel/parser Completed in 17ms
7051 timing build:link:node_modules/@babel/core/node_modules/semver Completed in 12ms
7052 timing build:link:node_modules/@babel/eslint-parser/node_modules/semver Completed in 12ms
7053 timing build:link:node_modules/@babel/helper-compilation-targets/node_modules/semver Completed in 12ms
7054 timing build:link:node_modules/@babel/helper-create-class-features-plugin/node_modules/semver Completed in 12ms
7055 timing build:link:node_modules/@babel/helper-create-regexp-features-plugin/node_modules/semver Completed in 12ms
7056 timing build:link:node_modules/@babel/plugin-transform-runtime/node_modules/semver Completed in 12ms
7057 timing build:link:node_modules/@babel/preset-env/node_modules/semver Completed in 12ms
7058 timing build:link:node_modules/@eslint/eslintrc/node_modules/js-yaml Completed in 12ms
7059 timing build:link:node_modules/acorn-globals/node_modules/acorn Completed in 12ms
7060 timing build:link:node_modules/babel-plugin-polyfill-corejs2/node_modules/semver Completed in 12ms
7061 timing build:link:node_modules/eslint-plugin-import/node_modules/semver Completed in 12ms
7062 timing build:link:node_modules/eslint-plugin-react/node_modules/resolve Completed in 12ms
7063 timing build:link:node_modules/eslint/node_modules/js-yaml Completed in 12ms
7064 timing build:link:node_modules/global-prefix/node_modules/which Completed in 12ms
7065 timing build:link:node_modules/istanbul-lib-instrument/node_modules/semver Completed in 12ms
7066 timing build:link:node_modules/make-dir/node_modules/semver Completed in 12ms
7067 timing build:link:node_modules/postcss-load-config/node_modules/yaml Completed in 12ms
7068 timing build:link:node_modules/postcss-svgo/node_modules/svgo Completed in 12ms
7069 timing build:link:node_modules/regjsparser/node_modules/jsesc Completed in 11ms
7070 timing build:link:node_modules/sucrase/node_modules/glob Completed in 11ms
7071 timing build:link:node_modules/tailwindcss/node_modules/jiti Completed in 11ms
7072 timing build:link:node_modules/tar/node_modules/mkdirp Completed in 11ms
7073 timing build:link:node_modules/tsconfig-paths/node_modules/json5 Completed in 11ms
7074 timing build:link:node_modules/acorn Completed in 18ms
7075 timing build:link:node_modules/ansi-html Completed in 18ms
7076 timing build:link:node_modules/autoprefixer Completed in 17ms
7077 timing build:link:node_modules/browserslist Completed in 15ms
7078 timing build:link:node_modules/css-blank-pseudo Completed in 15ms
7079 timing build:link:node_modules/css-has-pseudo Completed in 15ms
7080 timing build:link:node_modules/css-prefers-color-scheme Completed in 15ms
7081 timing build:link:node_modules/cssesc Completed in 15ms
7082 timing build:link:node_modules/detect-port-alt Completed in 15ms
7083 timing build:link:node_modules/ejs Completed in 15ms
7084 timing build:link:node_modules/escodegen Completed in 15ms
7085 timing build:link:node_modules/eslint Completed in 15ms
7086 timing build:link:node_modules/esprima Completed in 14ms
7087 timing build:link:node_modules/he Completed in 14ms
7088 timing build:link:node_modules/html-minifier-terser Completed in 14ms
7089 timing build:link:node_modules/import-local Completed in 14ms
7090 timing build:link:node_modules/is-docker Completed in 14ms
7091 timing build:link:node_modules/jake Completed in 14ms
7092 timing build:link:node_modules/jest Completed in 14ms
7093 timing build:link:node_modules/jiti Completed in 14ms
7094 timing build:link:node_modules/js-yaml Completed in 14ms
7095 timing build:link:node_modules/jsesc Completed in 14ms
7096 timing build:link:node_modules/json5 Completed in 14ms
7097 timing build:link:node_modules/loose-envify Completed in 14ms
7098 timing build:link:node_modules/lz-string Completed in 14ms
7099 timing build:link:node_modules/mime Completed in 14ms
7100 timing build:link:node_modules/mkdirp Completed in 14ms
7101 timing build:link:node_modules/multicast-dns Completed in 14ms
7102 timing build:link:node_modules/nanoid Completed in 14ms
7103 timing build:link:node_modules/react-scripts Completed in 14ms
7104 timing build:link:node_modules/regjsparser Completed in 14ms
7105 timing build:link:node_modules/resolve Completed in 14ms
7106 timing build:link:node_modules/rimraf Completed in 14ms
7107 timing build:link:node_modules/rollup Completed in 14ms
7108 timing build:link:node_modules/semver Completed in 14ms
7109 timing build:link:node_modules/sucrase Completed in 14ms
7110 timing build:link:node_modules/svgo Completed in 14ms
7111 timing build:link:node_modules/tailwindcss Completed in 14ms
7112 timing build:link:node_modules/terser Completed in 14ms
7113 timing build:link:node_modules/typescript Completed in 13ms
7114 timing build:link:node_modules/update-browserslist-db Completed in 13ms
7115 timing build:link:node_modules/uuid Completed in 13ms
7116 timing build:link:node_modules/webpack Completed in 13ms
7117 timing build:link:node_modules/webpack-dev-server Completed in 15ms
7118 timing build:link:node_modules/which Completed in 15ms
7119 timing build:link:node_modules/eslint-plugin-react/node_modules/semver Completed in 15ms
7120 timing build:link:node_modules/jsonpath/node_modules/esprima Completed in 15ms
7121 timing build:link:node_modules/static-eval/node_modules/escodegen Completed in 14ms
7122 timing build:link Completed in 20ms
7123 info run @tailwindcss/oxide@4.1.13 postinstall node_modules/@tailwindcss/oxide node ./scripts/install.js
7124 info run core-js@3.45.1 postinstall node_modules/core-js node -e "try{require('./postinstall')}catch(e){}"
7125 info run core-js@3.45.1 postinstall { code: 0, signal: null }
7126 timing build:run:postinstall:node_modules/core-js Completed in 172ms
7127 info run core-js-pure@3.45.1 postinstall node_modules/core-js-pure node -e "try{require('./postinstall')}catch(e){}"
7128 info run @tailwindcss/oxide@4.1.13 postinstall { code: 0, signal: null }
7129 timing build:run:postinstall:node_modules/@tailwindcss/oxide Completed in 270ms
7130 info run core-js-pure@3.45.1 postinstall { code: 0, signal: null }
7131 timing build:run:postinstall:node_modules/core-js-pure Completed in 173ms
7132 timing build:run:postinstall Completed in 367ms
7133 timing build:deps Completed in 460ms
7134 timing build Completed in 460ms
7135 timing reify:build Completed in 466ms
7136 timing reify:trash Completed in 1ms
7137 timing reify:save Completed in 405ms
7138 timing reify Completed in 56476ms
7139 silly ADD node_modules/lodash.sortby
7140 silly ADD node_modules/jsonpointer
7141 silly ADD node_modules/json-schema
7142 silly ADD node_modules/source-list-map
7143 silly ADD node_modules/eastasianwidth
7144 silly ADD node_modules/wrap-ansi-cjs
7145 silly ADD node_modules/wrap-ansi-cjs/node_modules/ansi-styles
7146 silly ADD node_modules/strip-ansi-cjs
7147 silly ADD node_modules/string-width-cjs
7148 silly ADD node_modules/string-width-cjs/node_modules/emoji-regex
7149 silly ADD node_modules/@pkgjs/parseargs
7150 silly ADD node_modules/@isaacs/cliui
7151 silly ADD node_modules/@isaacs/cliui/node_modules/ansi-styles
7152 silly ADD node_modules/@isaacs/cliui/node_modules/ansi-regex
7153 silly ADD node_modules/@isaacs/cliui/node_modules/wrap-ansi
7154 silly ADD node_modules/@isaacs/cliui/node_modules/strip-ansi
7155 silly ADD node_modules/@isaacs/cliui/node_modules/string-width
7156 silly ADD node_modules/path-scurry
7157 silly ADD node_modules/path-scurry/node_modules/lru-cache
7158 silly ADD node_modules/package-json-from-dist
7159 silly ADD node_modules/jackspeak
7160 silly ADD node_modules/foreground-child
7161 silly ADD node_modules/foreground-child/node_modules/signal-exit
7162 silly ADD node_modules/@trysound/sax
7163 silly ADD node_modules/@sinclair/typebox
7164 silly ADD node_modules/@jest/schemas
7165 silly ADD node_modules/process-nextick-args
7166 silly ADD node_modules/core-util-is
7167 silly ADD node_modules/at-least-node
7168 silly ADD node_modules/yocto-queue
7169 silly ADD node_modules/color-name
7170 silly ADD node_modules/color-convert
7171 silly ADD node_modules/ajv-keywords
7172 silly ADD node_modules/require-from-string
7173 silly ADD node_modules/fast-uri
7174 silly ADD node_modules/sourcemap-codec
7175 silly ADD node_modules/is-fullwidth-code-point
7176 silly ADD node_modules/wrap-ansi
7177 silly ADD node_modules/wrap-ansi/node_modules/ansi-styles
7178 silly ADD node_modules/yargs-parser
7179 silly ADD node_modules/y18n
7180 silly ADD node_modules/string-width
7181 silly ADD node_modules/string-width/node_modules/emoji-regex
7182 silly ADD node_modules/require-directory
7183 silly ADD node_modules/get-caller-file
7184 silly ADD node_modules/cliui
7185 silly ADD node_modules/typedarray-to-buffer
7186 silly ADD node_modules/is-typedarray
7187 silly ADD node_modules/@types/trusted-types
7188 silly ADD node_modules/idb
7189 silly ADD node_modules/crypto-random-string
7190 silly ADD node_modules/unique-string
7191 silly ADD node_modules/temp-dir
7192 silly ADD node_modules/is-regexp
7193 silly ADD node_modules/is-obj
7194 silly ADD node_modules/get-own-enumerable-property-symbols
7195 silly ADD node_modules/filelist
7196 silly ADD node_modules/filelist/node_modules/brace-expansion
7197 silly ADD node_modules/filelist/node_modules/minimatch
7198 silly ADD node_modules/async
7199 silly ADD node_modules/jake
7200 silly ADD node_modules/ejs
7201 silly ADD node_modules/estree-walker
7202 silly ADD node_modules/is-module
7203 silly ADD node_modules/builtin-modules
7204 silly ADD node_modules/@types/resolve
7205 silly ADD node_modules/@rollup/pluginutils
7206 silly ADD node_modules/@rollup/pluginutils/node_modules/@types/estree
7207 silly ADD node_modules/workbox-window
7208 silly ADD node_modules/workbox-sw
7209 silly ADD node_modules/workbox-streams
7210 silly ADD node_modules/workbox-strategies
7211 silly ADD node_modules/workbox-routing
7212 silly ADD node_modules/workbox-recipes
7213 silly ADD node_modules/workbox-range-requests
7214 silly ADD node_modules/workbox-precaching
7215 silly ADD node_modules/workbox-navigation-preload
7216 silly ADD node_modules/workbox-google-analytics
7217 silly ADD node_modules/workbox-expiration
7218 silly ADD node_modules/workbox-core
7219 silly ADD node_modules/workbox-cacheable-response
7220 silly ADD node_modules/workbox-broadcast-update
7221 silly ADD node_modules/workbox-background-sync
7222 silly ADD node_modules/tempy
7223 silly ADD node_modules/tempy/node_modules/type-fest
7224 silly ADD node_modules/strip-comments
7225 silly ADD node_modules/stringify-object
7226 silly ADD node_modules/rollup-plugin-terser
7227 silly ADD node_modules/rollup-plugin-terser/node_modules/serialize-javascript
7228 silly ADD node_modules/rollup-plugin-terser/node_modules/jest-worker
7229 silly ADD node_modules/common-tags
7230 silly ADD node_modules/@surma/rollup-plugin-off-main-thread
7231 silly ADD node_modules/@surma/rollup-plugin-off-main-thread/node_modules/magic-string
7232 silly ADD node_modules/@rollup/plugin-replace
7233 silly ADD node_modules/@rollup/plugin-replace/node_modules/magic-string
7234 silly ADD node_modules/@rollup/plugin-node-resolve
7235 silly ADD node_modules/rollup
7236 silly ADD node_modules/@rollup/plugin-babel
7237 silly ADD node_modules/workbox-build
7238 silly ADD node_modules/workbox-build/node_modules/webidl-conversions
7239 silly ADD node_modules/workbox-build/node_modules/tr46
7240 silly ADD node_modules/workbox-build/node_modules/whatwg-url
7241 silly ADD node_modules/workbox-build/node_modules/json-schema-traverse
7242 silly ADD node_modules/workbox-build/node_modules/source-map
7243 silly ADD node_modules/workbox-build/node_modules/fs-extra
7244 silly ADD node_modules/workbox-build/node_modules/ajv
7245 silly ADD node_modules/workbox-build/node_modules/@apideck/better-ajv-errors
7246 silly ADD node_modules/upath
7247 silly ADD node_modules/pretty-bytes
7248 silly ADD node_modules/is-weakset
7249 silly ADD node_modules/is-weakmap
7250 silly ADD node_modules/is-map
7251 silly ADD node_modules/async-function
7252 silly ADD node_modules/which-collection
7253 silly ADD node_modules/is-generator-function
7254 silly ADD node_modules/is-finalizationregistry
7255 silly ADD node_modules/is-async-function
7256 silly ADD node_modules/is-number-object
7257 silly ADD node_modules/is-boolean-object
7258 silly ADD node_modules/is-bigint
7259 silly ADD node_modules/isexe
7260 silly ADD node_modules/tr46
7261 silly ADD node_modules/websocket-extensions
7262 silly ADD node_modules/http-parser-js
7263 silly ADD node_modules/minimalistic-assert
7264 silly ADD node_modules/media-typer
7265 silly ADD node_modules/string_decoder
7266 silly ADD node_modules/wbuf
7267 silly ADD node_modules/readable-stream
7268 silly ADD node_modules/obuf
7269 silly ADD node_modules/hpack.js
7270 silly ADD node_modules/hpack.js/node_modules/string_decoder
7271 silly ADD node_modules/hpack.js/node_modules/safe-buffer
7272 silly ADD node_modules/hpack.js/node_modules/isarray
7273 silly ADD node_modules/hpack.js/node_modules/readable-stream
7274 silly ADD node_modules/detect-node
7275 silly ADD node_modules/spdy-transport
7276 silly ADD node_modules/select-hose
7277 silly ADD node_modules/http-deceiver
7278 silly ADD node_modules/handle-thing
7279 silly ADD node_modules/websocket-driver
7280 silly ADD node_modules/uuid
7281 silly ADD node_modules/faye-websocket
7282 silly ADD node_modules/batch
7283 silly ADD node_modules/mime
7284 silly ADD node_modules/node-forge
7285 silly ADD node_modules/@types/node-forge
7286 silly ADD node_modules/forwarded
7287 silly ADD node_modules/retry
7288 silly ADD node_modules/@types/retry
7289 silly ADD node_modules/ee-first
7290 silly ADD node_modules/@leichtgewicht/ip-codec
7291 silly ADD node_modules/thunky
7292 silly ADD node_modules/dns-packet
7293 silly ADD node_modules/follow-redirects
7294 silly ADD node_modules/eventemitter3
7295 silly ADD node_modules/is-plain-obj
7296 silly ADD node_modules/http-proxy
7297 silly ADD node_modules/@types/http-proxy
7298 silly ADD node_modules/toidentifier
7299 silly ADD node_modules/unpipe
7300 silly ADD node_modules/raw-body
7301 silly ADD node_modules/raw-body/node_modules/iconv-lite
7302 silly ADD node_modules/destroy
7303 silly ADD node_modules/utils-merge
7304 silly ADD node_modules/type-is
7305 silly ADD node_modules/statuses
7306 silly ADD node_modules/setprototypeof
7307 silly ADD node_modules/serve-static
7308 silly ADD node_modules/send
7309 silly ADD node_modules/send/node_modules/encodeurl
7310 silly ADD node_modules/send/node_modules/debug
7311 silly ADD node_modules/send/node_modules/debug/node_modules/ms
7312 silly ADD node_modules/range-parser
7313 silly ADD node_modules/qs
7314 silly ADD node_modules/proxy-addr
7315 silly ADD node_modules/proxy-addr/node_modules/ipaddr.js
7316 silly ADD node_modules/path-to-regexp
7317 silly ADD node_modules/parseurl
7318 silly ADD node_modules/on-finished
7319 silly ADD node_modules/methods
7320 silly ADD node_modules/merge-descriptors
7321 silly ADD node_modules/http-errors
7322 silly ADD node_modules/fresh
7323 silly ADD node_modules/finalhandler
7324 silly ADD node_modules/finalhandler/node_modules/ms
7325 silly ADD node_modules/finalhandler/node_modules/debug
7326 silly ADD node_modules/etag
7327 silly ADD node_modules/escape-html
7328 silly ADD node_modules/encodeurl
7329 silly ADD node_modules/depd
7330 silly ADD node_modules/cookie-signature
7331 silly ADD node_modules/content-type
7332 silly ADD node_modules/content-disposition
7333 silly ADD node_modules/body-parser
7334 silly ADD node_modules/body-parser/node_modules/ms
7335 silly ADD node_modules/body-parser/node_modules/iconv-lite
7336 silly ADD node_modules/body-parser/node_modules/debug
7337 silly ADD node_modules/array-flatten
7338 silly ADD node_modules/accepts
7339 silly ADD node_modules/accepts/node_modules/negotiator
7340 silly ADD node_modules/vary
7341 silly ADD node_modules/on-headers
7342 silly ADD node_modules/negotiator
7343 silly ADD node_modules/compressible
7344 silly ADD node_modules/bytes
7345 silly ADD node_modules/multicast-dns
7346 silly ADD node_modules/@types/http-errors
7347 silly ADD node_modules/@types/mime
7348 silly ADD node_modules/@types/send
7349 silly ADD node_modules/@types/range-parser
7350 silly ADD node_modules/@types/connect
7351 silly ADD node_modules/@types/qs
7352 silly ADD node_modules/@types/body-parser
7353 silly ADD node_modules/@types/express-serve-static-core
7354 silly ADD node_modules/webpack-dev-middleware
7355 silly ADD node_modules/spdy
7356 silly ADD node_modules/sockjs
7357 silly ADD node_modules/serve-index
7358 silly ADD node_modules/serve-index/node_modules/statuses
7359 silly ADD node_modules/serve-index/node_modules/setprototypeof
7360 silly ADD node_modules/serve-index/node_modules/inherits
7361 silly ADD node_modules/serve-index/node_modules/depd
7362 silly ADD node_modules/serve-index/node_modules/ms
7363 silly ADD node_modules/serve-index/node_modules/http-errors
7364 silly ADD node_modules/serve-index/node_modules/debug
7365 silly ADD node_modules/selfsigned
7366 silly ADD node_modules/p-retry
7367 silly ADD node_modules/launch-editor
7368 silly ADD node_modules/ipaddr.js
7369 silly ADD node_modules/http-proxy-middleware
7370 silly ADD node_modules/express
7371 silly ADD node_modules/express/node_modules/ms
7372 silly ADD node_modules/express/node_modules/debug
7373 silly ADD node_modules/express/node_modules/cookie
7374 silly ADD node_modules/default-gateway
7375 silly ADD node_modules/connect-history-api-fallback
7376 silly ADD node_modules/compression
7377 silly ADD node_modules/compression/node_modules/ms
7378 silly ADD node_modules/compression/node_modules/debug
7379 silly ADD node_modules/colorette
7380 silly ADD node_modules/bonjour-service
7381 silly ADD node_modules/ansi-html-community
7382 silly ADD node_modules/@types/ws
7383 silly ADD node_modules/@types/sockjs
7384 silly ADD node_modules/@types/serve-static
7385 silly ADD node_modules/@types/serve-index
7386 silly ADD node_modules/@types/express
7387 silly ADD node_modules/@types/express/node_modules/@types/express-serve-static-core
7388 silly ADD node_modules/@types/connect-history-api-fallback
7389 silly ADD node_modules/@types/bonjour
7390 silly ADD node_modules/@xtuc/ieee754
7391 silly ADD node_modules/@webassemblyjs/utf8
7392 silly ADD node_modules/@webassemblyjs/leb128
7393 silly ADD node_modules/@webassemblyjs/ieee754
7394 silly ADD node_modules/@webassemblyjs/wast-printer
7395 silly ADD node_modules/@webassemblyjs/wasm-opt
7396 silly ADD node_modules/@webassemblyjs/wasm-gen
7397 silly ADD node_modules/@webassemblyjs/helper-wasm-section
7398 silly ADD node_modules/@webassemblyjs/helper-buffer
7399 silly ADD node_modules/@xtuc/long
7400 silly ADD node_modules/@webassemblyjs/helper-api-error
7401 silly ADD node_modules/@webassemblyjs/floating-point-hex-parser
7402 silly ADD node_modules/@webassemblyjs/helper-wasm-bytecode
7403 silly ADD node_modules/@webassemblyjs/helper-numbers
7404 silly ADD node_modules/webpack-sources
7405 silly ADD node_modules/watchpack
7406 silly ADD node_modules/loader-runner
7407 silly ADD node_modules/glob-to-regexp
7408 silly ADD node_modules/events
7409 silly ADD node_modules/es-module-lexer
7410 silly ADD node_modules/chrome-trace-event
7411 silly ADD node_modules/acorn-import-phases
7412 silly ADD node_modules/@webassemblyjs/wasm-parser
7413 silly ADD node_modules/@webassemblyjs/wasm-edit
7414 silly ADD node_modules/@webassemblyjs/ast
7415 silly ADD node_modules/@types/eslint-scope
7416 silly ADD node_modules/tmpl
7417 silly ADD node_modules/makeerror
7418 silly ADD node_modules/browser-process-hrtime
7419 silly ADD node_modules/es-array-method-boxes-properly
7420 silly ADD node_modules/array.prototype.reduce
7421 silly ADD node_modules/object.getownpropertydescriptors
7422 silly ADD node_modules/requires-port
7423 silly ADD node_modules/querystringify
7424 silly ADD node_modules/escalade
7425 silly ADD node_modules/unicode-property-aliases-ecmascript
7426 silly ADD node_modules/unicode-canonical-property-names-ecmascript
7427 silly ADD node_modules/which-boxed-primitive
7428 silly ADD node_modules/has-bigints
7429 silly ADD node_modules/which-builtin-type
7430 silly ADD node_modules/reflect.getprototypeof
7431 silly ADD node_modules/for-each
7432 silly ADD node_modules/@types/json5
7433 silly ADD node_modules/url-parse
7434 silly ADD node_modules/punycode
7435 silly ADD node_modules/psl
7436 silly ADD node_modules/is-number
7437 silly ADD node_modules/thenify
7438 silly ADD node_modules/@jridgewell/source-map
7439 silly ADD node_modules/supports-hyperlinks
7440 silly ADD node_modules/minizlib
7441 silly ADD node_modules/minipass
7442 silly ADD node_modules/chownr
7443 silly ADD node_modules/@isaacs/fs-minipass
7444 silly ADD node_modules/thenify-all
7445 silly ADD node_modules/any-promise
7446 silly ADD node_modules/ts-interface-checker
7447 silly ADD node_modules/mz
7448 silly ADD node_modules/pify
7449 silly ADD node_modules/camelcase-css
7450 silly ADD node_modules/read-cache
7451 silly ADD node_modules/sucrase
7452 silly ADD node_modules/sucrase/node_modules/brace-expansion
7453 silly ADD node_modules/sucrase/node_modules/minimatch
7454 silly ADD node_modules/sucrase/node_modules/glob
7455 silly ADD node_modules/sucrase/node_modules/commander
7456 silly ADD node_modules/postcss-nested
7457 silly ADD node_modules/postcss-load-config
7458 silly ADD node_modules/postcss-load-config/node_modules/yaml
7459 silly ADD node_modules/postcss-load-config/node_modules/lilconfig
7460 silly ADD node_modules/postcss-js
7461 silly ADD node_modules/postcss-import
7462 silly ADD node_modules/object-hash
7463 silly ADD node_modules/dlv
7464 silly ADD node_modules/didyoumean
7465 silly ADD node_modules/arg
7466 silly ADD node_modules/minimist
7467 silly ADD node_modules/mdn-data
7468 silly ADD node_modules/q
7469 silly ADD node_modules/@types/q
7470 silly ADD node_modules/util.promisify
7471 silly ADD node_modules/unquote
7472 silly ADD node_modules/stable
7473 silly ADD node_modules/sax
7474 silly ADD node_modules/mkdirp
7475 silly ADD node_modules/csso
7476 silly ADD node_modules/csso/node_modules/source-map
7477 silly ADD node_modules/csso/node_modules/mdn-data
7478 silly ADD node_modules/csso/node_modules/css-tree
7479 silly ADD node_modules/css-tree
7480 silly ADD node_modules/css-tree/node_modules/source-map
7481 silly ADD node_modules/css-select-base-adapter
7482 silly ADD node_modules/coa
7483 silly ADD node_modules/coa/node_modules/has-flag
7484 silly ADD node_modules/coa/node_modules/color-name
7485 silly ADD node_modules/coa/node_modules/color-convert
7486 silly ADD node_modules/coa/node_modules/supports-color
7487 silly ADD node_modules/coa/node_modules/escape-string-regexp
7488 silly ADD node_modules/coa/node_modules/ansi-styles
7489 silly ADD node_modules/coa/node_modules/chalk
7490 silly ADD node_modules/has-flag
7491 silly ADD node_modules/min-indent
7492 silly ADD node_modules/char-regex
7493 silly ADD node_modules/buffer-from
7494 silly ADD node_modules/safer-buffer
7495 silly ADD node_modules/iconv-lite
7496 silly ADD node_modules/side-channel-weakmap
7497 silly ADD node_modules/side-channel-map
7498 silly ADD node_modules/side-channel-list
7499 silly ADD node_modules/shebang-regex
7500 silly ADD node_modules/safe-buffer
7501 silly ADD node_modules/randombytes
7502 silly ADD node_modules/ajv-formats
7503 silly ADD node_modules/ajv-formats/node_modules/json-schema-traverse
7504 silly ADD node_modules/ajv-formats/node_modules/ajv
7505 silly ADD node_modules/xmlchars
7506 silly ADD node_modules/neo-async
7507 silly ADD node_modules/isarray
7508 silly ADD node_modules/queue-microtask
7509 silly ADD node_modules/regex-parser
7510 silly ADD node_modules/adjust-sourcemap-loader
7511 silly ADD node_modules/supports-preserve-symlinks-flag
7512 silly ADD node_modules/path-parse
7513 silly ADD node_modules/entities
7514 silly ADD node_modules/dom-serializer
7515 silly ADD node_modules/domelementtype
7516 silly ADD node_modules/utila
7517 silly ADD node_modules/nth-check
7518 silly ADD node_modules/domutils
7519 silly ADD node_modules/domhandler
7520 silly ADD node_modules/css-what
7521 silly ADD node_modules/boolbase
7522 silly ADD node_modules/htmlparser2
7523 silly ADD node_modules/dom-converter
7524 silly ADD node_modules/css-select
7525 silly ADD node_modules/unicode-match-property-value-ecmascript
7526 silly ADD node_modules/unicode-match-property-ecmascript
7527 silly ADD node_modules/regjsparser
7528 silly ADD node_modules/regjsparser/node_modules/jsesc
7529 silly ADD node_modules/regjsgen
7530 silly ADD node_modules/regenerate-unicode-properties
7531 silly ADD node_modules/regenerate
7532 silly ADD node_modules/strip-indent
7533 silly ADD node_modules/indent-string
7534 silly ADD node_modules/is-wsl
7535 silly ADD node_modules/is-docker
7536 silly ADD node_modules/define-lazy-prop
7537 silly ADD node_modules/fs-monkey
7538 silly ADD node_modules/binary-extensions
7539 silly ADD node_modules/duplexer
7540 silly ADD node_modules/kind-of
7541 silly ADD node_modules/ini
7542 silly ADD node_modules/global-prefix
7543 silly ADD node_modules/global-prefix/node_modules/which
7544 silly ADD node_modules/readdirp
7545 silly ADD node_modules/is-binary-path
7546 silly ADD node_modules/memfs
7547 silly ADD node_modules/chokidar
7548 silly ADD node_modules/chokidar/node_modules/glob-parent
7549 silly ADD node_modules/shell-quote
7550 silly ADD node_modules/recursive-readdir
7551 silly ADD node_modules/react-error-overlay
7552 silly ADD node_modules/pkg-up
7553 silly ADD node_modules/pkg-up/node_modules/path-exists
7554 silly ADD node_modules/pkg-up/node_modules/p-locate
7555 silly ADD node_modules/pkg-up/node_modules/locate-path
7556 silly ADD node_modules/pkg-up/node_modules/find-up
7557 silly ADD node_modules/open
7558 silly ADD node_modules/is-root
7559 silly ADD node_modules/immer
7560 silly ADD node_modules/gzip-size
7561 silly ADD node_modules/global-modules
7562 silly ADD node_modules/fork-ts-checker-webpack-plugin
7563 silly ADD node_modules/fork-ts-checker-webpack-plugin/node_modules/tapable
7564 silly ADD node_modules/fork-ts-checker-webpack-plugin/node_modules/schema-utils
7565 silly ADD node_modules/fork-ts-checker-webpack-plugin/node_modules/fs-extra
7566 silly ADD node_modules/fork-ts-checker-webpack-plugin/node_modules/cosmiconfig
7567 silly ADD node_modules/filesize
7568 silly ADD node_modules/detect-port-alt
7569 silly ADD node_modules/detect-port-alt/node_modules/ms
7570 silly ADD node_modules/detect-port-alt/node_modules/debug
7571 silly ADD node_modules/address
7572 silly ADD node_modules/performance-now
7573 silly ADD node_modules/asap
7574 silly ADD node_modules/whatwg-fetch
7575 silly ADD node_modules/regenerator-runtime
7576 silly ADD node_modules/raf
7577 silly ADD node_modules/promise
7578 silly ADD node_modules/core-js
7579 silly ADD node_modules/object-assign
7580 silly ADD node_modules/loose-envify
7581 silly ADD node_modules/sisteransi
7582 silly ADD node_modules/kleur
7583 silly ADD node_modules/renderkid
7584 silly ADD node_modules/util-deprecate
7585 silly ADD node_modules/cssesc
7586 silly ADD node_modules/@csstools/selector-specificity
7587 silly ADD node_modules/postcss-selector-not
7588 silly ADD node_modules/postcss-replace-overflow-wrap
7589 silly ADD node_modules/postcss-pseudo-class-any-link
7590 silly ADD node_modules/postcss-place
7591 silly ADD node_modules/postcss-page-break
7592 silly ADD node_modules/postcss-overflow-shorthand
7593 silly ADD node_modules/postcss-opacity-percentage
7594 silly ADD node_modules/postcss-nesting
7595 silly ADD node_modules/postcss-media-minmax
7596 silly ADD node_modules/postcss-logical
7597 silly ADD node_modules/postcss-lab-function
7598 silly ADD node_modules/postcss-initial
7599 silly ADD node_modules/postcss-image-set-function
7600 silly ADD node_modules/postcss-gap-properties
7601 silly ADD node_modules/postcss-font-variant
7602 silly ADD node_modules/postcss-focus-within
7603 silly ADD node_modules/postcss-focus-visible
7604 silly ADD node_modules/postcss-env-function
7605 silly ADD node_modules/postcss-double-position-gradients
7606 silly ADD node_modules/postcss-dir-pseudo-class
7607 silly ADD node_modules/postcss-custom-selectors
7608 silly ADD node_modules/postcss-custom-properties
7609 silly ADD node_modules/postcss-custom-media
7610 silly ADD node_modules/postcss-color-rebeccapurple
7611 silly ADD node_modules/postcss-color-hex-alpha
7612 silly ADD node_modules/postcss-color-functional-notation
7613 silly ADD node_modules/postcss-clamp
7614 silly ADD node_modules/postcss-attribute-case-insensitive
7615 silly ADD node_modules/cssdb
7616 silly ADD node_modules/css-prefers-color-scheme
7617 silly ADD node_modules/css-has-pseudo
7618 silly ADD node_modules/css-blank-pseudo
7619 silly ADD node_modules/@csstools/postcss-unset-value
7620 silly ADD node_modules/@csstools/postcss-trigonometric-functions
7621 silly ADD node_modules/@csstools/postcss-text-decoration-shorthand
7622 silly ADD node_modules/@csstools/postcss-stepped-value-functions
7623 silly ADD node_modules/@csstools/postcss-progressive-custom-properties
7624 silly ADD node_modules/@csstools/postcss-oklab-function
7625 silly ADD node_modules/@csstools/postcss-normalize-display-values
7626 silly ADD node_modules/@csstools/postcss-nested-calc
7627 silly ADD node_modules/@csstools/postcss-is-pseudo-class
7628 silly ADD node_modules/@csstools/postcss-ic-unit
7629 silly ADD node_modules/@csstools/postcss-hwb-function
7630 silly ADD node_modules/@csstools/postcss-font-format-keywords
7631 silly ADD node_modules/@csstools/postcss-color-function
7632 silly ADD node_modules/@csstools/postcss-cascade-layers
7633 silly ADD node_modules/normalize-url
7634 silly ADD node_modules/sanitize.css
7635 silly ADD node_modules/postcss-browser-comments
7636 silly ADD node_modules/@csstools/normalize.css
7637 silly ADD node_modules/stylehacks
7638 silly ADD node_modules/klona
7639 silly ADD node_modules/lodash.uniq
7640 silly ADD node_modules/lodash.memoize
7641 silly ADD node_modules/colord
7642 silly ADD node_modules/caniuse-api
7643 silly ADD node_modules/postcss-selector-parser
7644 silly ADD node_modules/is-arrayish
7645 silly ADD node_modules/lines-and-columns
7646 silly ADD node_modules/json-parse-even-better-errors
7647 silly ADD node_modules/error-ex
7648 silly ADD node_modules/lower-case
7649 silly ADD node_modules/no-case
7650 silly ADD node_modules/dot-case
7651 silly ADD node_modules/p-try
7652 silly ADD node_modules/p-limit
7653 silly ADD node_modules/word-wrap
7654 silly ADD node_modules/fast-levenshtein
7655 silly ADD node_modules/deep-is
7656 silly ADD node_modules/mimic-fn
7657 silly ADD node_modules/concat-map
7658 silly ADD node_modules/balanced-match
7659 silly ADD node_modules/brace-expansion
7660 silly ADD node_modules/mime-db
7661 silly ADD node_modules/to-regex-range
7662 silly ADD node_modules/fill-range
7663 silly ADD node_modules/braces
7664 silly ADD node_modules/yallist
7665 silly ADD node_modules/p-locate
7666 silly ADD node_modules/emojis-list
7667 silly ADD node_modules/big.js
7668 silly ADD node_modules/type-check
7669 silly ADD node_modules/prelude-ls
7670 silly ADD node_modules/language-subtag-registry
7671 silly ADD node_modules/json-buffer
7672 silly ADD node_modules/underscore
7673 silly ADD node_modules/static-eval
7674 silly ADD node_modules/static-eval/node_modules/type-check
7675 silly ADD node_modules/static-eval/node_modules/prelude-ls
7676 silly ADD node_modules/static-eval/node_modules/levn
7677 silly ADD node_modules/static-eval/node_modules/source-map
7678 silly ADD node_modules/static-eval/node_modules/optionator
7679 silly ADD node_modules/static-eval/node_modules/estraverse
7680 silly ADD node_modules/static-eval/node_modules/escodegen
7681 silly ADD node_modules/agent-base
7682 silly ADD node_modules/@tootallnate/once
7683 silly ADD node_modules/delayed-stream
7684 silly ADD node_modules/mime-types
7685 silly ADD node_modules/combined-stream
7686 silly ADD node_modules/asynckit
7687 silly ADD node_modules/acorn-walk
7688 silly ADD node_modules/xml-name-validator
7689 silly ADD node_modules/ws
7690 silly ADD node_modules/whatwg-url
7691 silly ADD node_modules/whatwg-mimetype
7692 silly ADD node_modules/whatwg-encoding
7693 silly ADD node_modules/whatwg-encoding/node_modules/iconv-lite
7694 silly ADD node_modules/webidl-conversions
7695 silly ADD node_modules/w3c-xmlserializer
7696 silly ADD node_modules/w3c-hr-time
7697 silly ADD node_modules/tough-cookie
7698 silly ADD node_modules/tough-cookie/node_modules/universalify
7699 silly ADD node_modules/symbol-tree
7700 silly ADD node_modules/saxes
7701 silly ADD node_modules/parse5
7702 silly ADD node_modules/nwsapi
7703 silly ADD node_modules/is-potential-custom-element-name
7704 silly ADD node_modules/https-proxy-agent
7705 silly ADD node_modules/http-proxy-agent
7706 silly ADD node_modules/html-encoding-sniffer
7707 silly ADD node_modules/form-data
7708 silly ADD node_modules/escodegen
7709 silly ADD node_modules/escodegen/node_modules/source-map
7710 silly ADD node_modules/domexception
7711 silly ADD node_modules/domexception/node_modules/webidl-conversions
7712 silly ADD node_modules/decimal.js
7713 silly ADD node_modules/data-urls
7714 silly ADD node_modules/cssstyle
7715 silly ADD node_modules/cssstyle/node_modules/cssom
7716 silly ADD node_modules/cssom
7717 silly ADD node_modules/acorn-globals
7718 silly ADD node_modules/acorn-globals/node_modules/acorn
7719 silly ADD node_modules/abab
7720 silly ADD node_modules/sprintf-js
7721 silly ADD node_modules/esprima
7722 silly ADD node_modules/argparse
7723 silly ADD node_modules/leven
7724 silly ADD node_modules/@types/prettier
7725 silly ADD node_modules/strip-bom
7726 silly ADD node_modules/cjs-module-lexer
7727 silly ADD node_modules/@jest/globals
7728 silly ADD node_modules/detect-newline
7729 silly ADD node_modules/source-map-support
7730 silly ADD node_modules/source-map-support/node_modules/source-map
7731 silly ADD node_modules/jest-leak-detector
7732 silly ADD node_modules/jest-docblock
7733 silly ADD node_modules/resolve.exports
7734 silly ADD node_modules/jest-pnp-resolver
7735 silly ADD node_modules/@types/stack-utils
7736 silly ADD node_modules/diff-sequences
7737 silly ADD node_modules/jest-diff
7738 silly ADD node_modules/callsites
7739 silly ADD node_modules/@jest/source-map
7740 silly ADD node_modules/@jest/source-map/node_modules/source-map
7741 silly ADD node_modules/node-int64
7742 silly ADD node_modules/bser
7743 silly ADD node_modules/picomatch
7744 silly ADD node_modules/walker
7745 silly ADD node_modules/jest-serializer
7746 silly ADD node_modules/fb-watchman
7747 silly ADD node_modules/anymatch
7748 silly ADD node_modules/@types/graceful-fs
7749 silly ADD node_modules/jsdom
7750 silly ADD node_modules/type-detect
7751 silly ADD node_modules/@sinonjs/commons
7752 silly ADD node_modules/@sinonjs/fake-timers
7753 silly ADD node_modules/jest-mock
7754 silly ADD node_modules/@jest/fake-timers
7755 silly ADD node_modules/stack-utils
7756 silly ADD node_modules/stack-utils/node_modules/escape-string-regexp
7757 silly ADD node_modules/jest-matcher-utils
7758 silly ADD node_modules/jest-each
7759 silly ADD node_modules/is-generator-fn
7760 silly ADD node_modules/expect
7761 silly ADD node_modules/dedent
7762 silly ADD node_modules/co
7763 silly ADD node_modules/@jest/environment
7764 silly ADD node_modules/jest-jasmine2
7765 silly ADD node_modules/jest-get-type
7766 silly ADD node_modules/jest-environment-node
7767 silly ADD node_modules/jest-environment-jsdom
7768 silly ADD node_modules/jest-circus
7769 silly ADD node_modules/ci-info
7770 silly ADD node_modules/@jest/test-sequencer
7771 silly ADD node_modules/yargs
7772 silly ADD node_modules/strip-final-newline
7773 silly ADD node_modules/signal-exit
7774 silly ADD node_modules/onetime
7775 silly ADD node_modules/npm-run-path
7776 silly ADD node_modules/merge-stream
7777 silly ADD node_modules/is-stream
7778 silly ADD node_modules/human-signals
7779 silly ADD node_modules/get-stream
7780 silly ADD node_modules/throat
7781 silly ADD node_modules/execa
7782 silly ADD node_modules/html-escaper
7783 silly ADD node_modules/wrappy
7784 silly ADD node_modules/resolve-cwd
7785 silly ADD node_modules/path-is-absolute
7786 silly ADD node_modules/once
7787 silly ADD node_modules/inherits
7788 silly ADD node_modules/inflight
7789 silly ADD node_modules/fs.realpath
7790 silly ADD node_modules/v8-to-istanbul
7791 silly ADD node_modules/v8-to-istanbul/node_modules/convert-source-map
7792 silly ADD node_modules/terminal-link
7793 silly ADD node_modules/string-length
7794 silly ADD node_modules/istanbul-reports
7795 silly ADD node_modules/istanbul-lib-source-maps
7796 silly ADD node_modules/istanbul-lib-source-maps/node_modules/source-map
7797 silly ADD node_modules/istanbul-lib-report
7798 silly ADD node_modules/istanbul-lib-report/node_modules/make-dir
7799 silly ADD node_modules/glob
7800 silly ADD node_modules/collect-v8-coverage
7801 silly ADD node_modules/@bcoe/v8-coverage
7802 silly ADD node_modules/jest-watcher
7803 silly ADD node_modules/jest-validate
7804 silly ADD node_modules/jest-snapshot
7805 silly ADD node_modules/jest-runtime
7806 silly ADD node_modules/jest-runner
7807 silly ADD node_modules/jest-resolve-dependencies
7808 silly ADD node_modules/jest-message-util
7809 silly ADD node_modules/jest-config
7810 silly ADD node_modules/jest-changed-files
7811 silly ADD node_modules/exit
7812 silly ADD node_modules/emittery
7813 silly ADD node_modules/ansi-escapes
7814 silly ADD node_modules/ansi-escapes/node_modules/type-fest
7815 silly ADD node_modules/@jest/test-result
7816 silly ADD node_modules/@jest/reporters
7817 silly ADD node_modules/@jest/reporters/node_modules/source-map
7818 silly ADD node_modules/@jest/console
7819 silly ADD node_modules/jest-cli
7820 silly ADD node_modules/import-local
7821 silly ADD node_modules/@jest/core
7822 silly ADD node_modules/set-function-name
7823 silly ADD node_modules/istanbul-lib-coverage
7824 silly ADD node_modules/is-extglob
7825 silly ADD node_modules/side-channel
7826 silly ADD node_modules/parent-module
7827 silly ADD node_modules/harmony-reflect
7828 silly ADD node_modules/pascal-case
7829 silly ADD node_modules/terser
7830 silly ADD node_modules/terser/node_modules/commander
7831 silly ADD node_modules/relateurl
7832 silly ADD node_modules/param-case
7833 silly ADD node_modules/he
7834 silly ADD node_modules/commander
7835 silly ADD node_modules/clean-css
7836 silly ADD node_modules/clean-css/node_modules/source-map
7837 silly ADD node_modules/camel-case
7838 silly ADD node_modules/pretty-error
7839 silly ADD node_modules/html-minifier-terser
7840 silly ADD node_modules/@types/html-minifier-terser
7841 silly ADD node_modules/merge2
7842 silly ADD node_modules/fast-glob
7843 silly ADD node_modules/fast-glob/node_modules/glob-parent
7844 silly ADD node_modules/dir-glob
7845 silly ADD node_modules/array-union
7846 silly ADD node_modules/type-fest
7847 silly ADD node_modules/dunder-proto
7848 silly ADD node_modules/functions-have-names
7849 silly ADD node_modules/universalify
7850 silly ADD node_modules/jsonfile
7851 silly ADD node_modules/rimraf
7852 silly ADD node_modules/keyv
7853 silly ADD node_modules/flatted
7854 silly ADD node_modules/path-exists
7855 silly ADD node_modules/locate-path
7856 silly ADD node_modules/pkg-dir
7857 silly ADD node_modules/commondir
7858 silly ADD node_modules/flat-cache
7859 silly ADD node_modules/reusify
7860 silly ADD node_modules/acorn-jsx
7861 silly ADD node_modules/acorn
7862 silly ADD node_modules/@types/estree
7863 silly ADD node_modules/normalize-path
7864 silly ADD node_modules/@types/eslint
7865 silly ADD node_modules/esrecurse
7866 silly ADD node_modules/iterator.prototype
7867 silly ADD node_modules/string.prototype.repeat
7868 silly ADD node_modules/string.prototype.matchall
7869 silly ADD node_modules/prop-types
7870 silly ADD node_modules/prop-types/node_modules/react-is
7871 silly ADD node_modules/object.entries
7872 silly ADD node_modules/estraverse
7873 silly ADD node_modules/es-iterator-helpers
7874 silly ADD node_modules/array.prototype.tosorted
7875 silly ADD node_modules/array.prototype.findlast
7876 silly ADD node_modules/string.prototype.includes
7877 silly ADD node_modules/language-tags
7878 silly ADD node_modules/jsx-ast-utils
7879 silly ADD node_modules/emoji-regex
7880 silly ADD node_modules/damerau-levenshtein
7881 silly ADD node_modules/axobject-query
7882 silly ADD node_modules/axe-core
7883 silly ADD node_modules/ast-types-flow
7884 silly ADD node_modules/@typescript-eslint/experimental-utils
7885 silly ADD node_modules/is-symbol
7886 silly ADD node_modules/is-date-object
7887 silly ADD node_modules/has-tostringtag
7888 silly ADD node_modules/possible-typed-array-names
7889 silly ADD node_modules/which-typed-array
7890 silly ADD node_modules/unbox-primitive
7891 silly ADD node_modules/typed-array-length
7892 silly ADD node_modules/typed-array-byte-offset
7893 silly ADD node_modules/typed-array-byte-length
7894 silly ADD node_modules/typed-array-buffer
7895 silly ADD node_modules/string.prototype.trimstart
7896 silly ADD node_modules/string.prototype.trim
7897 silly ADD node_modules/stop-iteration-iterator
7898 silly ADD node_modules/set-proto
7899 silly ADD node_modules/safe-regex-test
7900 silly ADD node_modules/safe-push-apply
7901 silly ADD node_modules/safe-array-concat
7902 silly ADD node_modules/regexp.prototype.flags
7903 silly ADD node_modules/own-keys
7904 silly ADD node_modules/object.assign
7905 silly ADD node_modules/object-inspect
7906 silly ADD node_modules/is-weakref
7907 silly ADD node_modules/is-typed-array
7908 silly ADD node_modules/is-shared-array-buffer
7909 silly ADD node_modules/is-set
7910 silly ADD node_modules/is-regex
7911 silly ADD node_modules/is-negative-zero
7912 silly ADD node_modules/is-data-view
7913 silly ADD node_modules/is-callable
7914 silly ADD node_modules/is-array-buffer
7915 silly ADD node_modules/internal-slot
7916 silly ADD node_modules/has-symbols
7917 silly ADD node_modules/has-proto
7918 silly ADD node_modules/globalthis
7919 silly ADD node_modules/get-symbol-description
7920 silly ADD node_modules/get-proto
7921 silly ADD node_modules/function.prototype.name
7922 silly ADD node_modules/es-to-primitive
7923 silly ADD node_modules/es-set-tostringtag
7924 silly ADD node_modules/data-view-byte-offset
7925 silly ADD node_modules/data-view-byte-length
7926 silly ADD node_modules/data-view-buffer
7927 silly ADD node_modules/available-typed-arrays
7928 silly ADD node_modules/arraybuffer.prototype.slice
7929 silly ADD node_modules/array-buffer-byte-length
7930 silly ADD node_modules/gopd
7931 silly ADD node_modules/object-keys
7932 silly ADD node_modules/has-property-descriptors
7933 silly ADD node_modules/define-data-property
7934 silly ADD node_modules/function-bind
7935 silly ADD node_modules/set-function-length
7936 silly ADD node_modules/es-define-property
7937 silly ADD node_modules/call-bind-apply-helpers
7938 silly ADD node_modules/es-shim-unscopables
7939 silly ADD node_modules/es-errors
7940 silly ADD node_modules/math-intrinsics
7941 silly ADD node_modules/is-string
7942 silly ADD node_modules/get-intrinsic
7943 silly ADD node_modules/es-object-atoms
7944 silly ADD node_modules/es-abstract
7945 silly ADD node_modules/define-properties
7946 silly ADD node_modules/call-bound
7947 silly ADD node_modules/call-bind
7948 silly ADD node_modules/tsconfig-paths
7949 silly ADD node_modules/tsconfig-paths/node_modules/strip-bom
7950 silly ADD node_modules/tsconfig-paths/node_modules/json5
7951 silly ADD node_modules/string.prototype.trimend
7952 silly ADD node_modules/object.values
7953 silly ADD node_modules/object.groupby
7954 silly ADD node_modules/object.fromentries
7955 silly ADD node_modules/is-core-module
7956 silly ADD node_modules/hasown
7957 silly ADD node_modules/eslint-module-utils
7958 silly ADD node_modules/eslint-module-utils/node_modules/debug
7959 silly ADD node_modules/eslint-import-resolver-node
7960 silly ADD node_modules/eslint-import-resolver-node/node_modules/debug
7961 silly ADD node_modules/array.prototype.flatmap
7962 silly ADD node_modules/array.prototype.flat
7963 silly ADD node_modules/array.prototype.findlastindex
7964 silly ADD node_modules/array-includes
7965 silly ADD node_modules/@rtsao/scc
7966 silly ADD node_modules/string-natural-compare
7967 silly ADD node_modules/lodash
7968 silly ADD node_modules/@types/semver
7969 silly ADD node_modules/@types/json-schema
7970 silly ADD node_modules/globby
7971 silly ADD node_modules/@typescript-eslint/visitor-keys
7972 silly ADD node_modules/@typescript-eslint/typescript-estree
7973 silly ADD node_modules/@typescript-eslint/types
7974 silly ADD node_modules/typescript
7975 silly ADD node_modules/tsutils
7976 silly ADD node_modules/tsutils/node_modules/tslib
7977 silly ADD node_modules/natural-compare-lite
7978 silly ADD node_modules/@typescript-eslint/utils
7979 silly ADD node_modules/@typescript-eslint/utils/node_modules/estraverse
7980 silly ADD node_modules/@typescript-eslint/utils/node_modules/eslint-scope
7981 silly ADD node_modules/@typescript-eslint/type-utils
7982 silly ADD node_modules/@typescript-eslint/scope-manager
7983 silly ADD node_modules/@nicolo-ribaudo/eslint-scope-5-internals
7984 silly ADD node_modules/@nicolo-ribaudo/eslint-scope-5-internals/node_modules/estraverse
7985 silly ADD node_modules/@nicolo-ribaudo/eslint-scope-5-internals/node_modules/eslint-scope
7986 silly ADD node_modules/eslint-plugin-testing-library
7987 silly ADD node_modules/eslint-plugin-react-hooks
7988 silly ADD node_modules/eslint-plugin-react
7989 silly ADD node_modules/eslint-plugin-react/node_modules/semver
7990 silly ADD node_modules/eslint-plugin-react/node_modules/resolve
7991 silly ADD node_modules/eslint-plugin-react/node_modules/doctrine
7992 silly ADD node_modules/eslint-plugin-jsx-a11y
7993 silly ADD node_modules/eslint-plugin-jsx-a11y/node_modules/aria-query
7994 silly ADD node_modules/eslint-plugin-jest
7995 silly ADD node_modules/eslint-plugin-import
7996 silly ADD node_modules/eslint-plugin-import/node_modules/semver
7997 silly ADD node_modules/eslint-plugin-import/node_modules/doctrine
7998 silly ADD node_modules/eslint-plugin-import/node_modules/debug
7999 silly ADD node_modules/eslint-plugin-flowtype
8000 silly ADD node_modules/confusing-browser-globals
8001 silly ADD node_modules/@typescript-eslint/parser
8002 silly ADD node_modules/@typescript-eslint/eslint-plugin
8003 silly ADD node_modules/@rushstack/eslint-patch
8004 silly ADD node_modules/@babel/eslint-parser
8005 silly ADD node_modules/@babel/eslint-parser/node_modules/semver
8006 silly ADD node_modules/@babel/eslint-parser/node_modules/eslint-visitor-keys
8007 silly ADD node_modules/which
8008 silly ADD node_modules/shebang-command
8009 silly ADD node_modules/path-key
8010 silly ADD node_modules/uri-js
8011 silly ADD node_modules/json-schema-traverse
8012 silly ADD node_modules/run-parallel
8013 silly ADD node_modules/@nodelib/fs.stat
8014 silly ADD node_modules/fastq
8015 silly ADD node_modules/@nodelib/fs.scandir
8016 silly ADD node_modules/@humanwhocodes/object-schema
8017 silly ADD node_modules/strip-json-comments
8018 silly ADD node_modules/text-table
8019 silly ADD node_modules/strip-ansi
8020 silly ADD node_modules/optionator
8021 silly ADD node_modules/natural-compare
8022 silly ADD node_modules/minimatch
8023 silly ADD node_modules/lodash.merge
8024 silly ADD node_modules/levn
8025 silly ADD node_modules/json-stable-stringify-without-jsonify
8026 silly ADD node_modules/is-path-inside
8027 silly ADD node_modules/is-glob
8028 silly ADD node_modules/imurmurhash
8029 silly ADD node_modules/ignore
8030 silly ADD node_modules/graphemer
8031 silly ADD node_modules/globals
8032 silly ADD node_modules/glob-parent
8033 silly ADD node_modules/file-entry-cache
8034 silly ADD node_modules/fast-deep-equal
8035 silly ADD node_modules/esquery
8036 silly ADD node_modules/espree
8037 silly ADD node_modules/eslint-visitor-keys
8038 silly ADD node_modules/eslint-scope
8039 silly ADD node_modules/escape-string-regexp
8040 silly ADD node_modules/doctrine
8041 silly ADD node_modules/cross-spawn
8042 silly ADD node_modules/ajv
8043 silly ADD node_modules/@ungap/structured-clone
8044 silly ADD node_modules/@nodelib/fs.walk
8045 silly ADD node_modules/@humanwhocodes/module-importer
8046 silly ADD node_modules/@humanwhocodes/config-array
8047 silly ADD node_modules/@eslint/js
8048 silly ADD node_modules/@eslint/eslintrc
8049 silly ADD node_modules/@eslint/eslintrc/node_modules/argparse
8050 silly ADD node_modules/@eslint/eslintrc/node_modules/js-yaml
8051 silly ADD node_modules/@eslint-community/regexpp
8052 silly ADD node_modules/@eslint-community/eslint-utils
8053 silly ADD node_modules/stackframe
8054 silly ADD node_modules/ms
8055 silly ADD node_modules/postcss-unique-selectors
8056 silly ADD node_modules/postcss-svgo
8057 silly ADD node_modules/postcss-svgo/node_modules/source-map
8058 silly ADD node_modules/postcss-svgo/node_modules/mdn-data
8059 silly ADD node_modules/postcss-svgo/node_modules/css-tree
8060 silly ADD node_modules/postcss-svgo/node_modules/commander
8061 silly ADD node_modules/postcss-svgo/node_modules/svgo
8062 silly ADD node_modules/postcss-reduce-transforms
8063 silly ADD node_modules/postcss-reduce-initial
8064 silly ADD node_modules/postcss-ordered-values
8065 silly ADD node_modules/postcss-normalize-whitespace
8066 silly ADD node_modules/postcss-normalize-url
8067 silly ADD node_modules/postcss-normalize-unicode
8068 silly ADD node_modules/postcss-normalize-timing-functions
8069 silly ADD node_modules/postcss-normalize-string
8070 silly ADD node_modules/postcss-normalize-repeat-style
8071 silly ADD node_modules/postcss-normalize-positions
8072 silly ADD node_modules/postcss-normalize-display-values
8073 silly ADD node_modules/postcss-normalize-charset
8074 silly ADD node_modules/postcss-minify-selectors
8075 silly ADD node_modules/postcss-minify-params
8076 silly ADD node_modules/postcss-minify-gradients
8077 silly ADD node_modules/postcss-minify-font-values
8078 silly ADD node_modules/postcss-merge-rules
8079 silly ADD node_modules/postcss-merge-longhand
8080 silly ADD node_modules/postcss-discard-overridden
8081 silly ADD node_modules/postcss-discard-empty
8082 silly ADD node_modules/postcss-discard-duplicates
8083 silly ADD node_modules/postcss-discard-comments
8084 silly ADD node_modules/postcss-convert-values
8085 silly ADD node_modules/postcss-colormin
8086 silly ADD node_modules/postcss-calc
8087 silly ADD node_modules/cssnano-utils
8088 silly ADD node_modules/css-declaration-sorter
8089 silly ADD node_modules/lilconfig
8090 silly ADD node_modules/cssnano-preset-default
8091 silly ADD node_modules/serialize-javascript
8092 silly ADD node_modules/jest-worker
8093 silly ADD node_modules/jest-worker/node_modules/supports-color
8094 silly ADD node_modules/cssnano
8095 silly ADD node_modules/postcss-modules-values
8096 silly ADD node_modules/postcss-modules-scope
8097 silly ADD node_modules/postcss-modules-scope/node_modules/postcss-selector-parser
8098 silly ADD node_modules/postcss-modules-local-by-default
8099 silly ADD node_modules/postcss-modules-local-by-default/node_modules/postcss-selector-parser
8100 silly ADD node_modules/postcss-modules-extract-imports
8101 silly ADD node_modules/icss-utils
8102 silly ADD node_modules/yaml
8103 silly ADD node_modules/path-type
8104 silly ADD node_modules/parse-json
8105 silly ADD node_modules/import-fresh
8106 silly ADD node_modules/import-fresh/node_modules/resolve-from
8107 silly ADD node_modules/@types/parse-json
8108 silly ADD node_modules/supports-color
8109 silly ADD node_modules/tryer
8110 silly ADD node_modules/jsonpath
8111 silly ADD node_modules/jsonpath/node_modules/esprima
8112 silly ADD node_modules/hoopy
8113 silly ADD node_modules/check-types
8114 silly ADD node_modules/bluebird
8115 silly ADD node_modules/@babel/plugin-syntax-typescript
8116 silly ADD node_modules/@babel/plugin-transform-typescript
8117 silly ADD node_modules/@babel/plugin-syntax-flow
8118 silly ADD node_modules/@babel/plugin-syntax-decorators
8119 silly ADD node_modules/babel-plugin-transform-react-remove-prop-types
8120 silly ADD node_modules/babel-plugin-macros
8121 silly ADD node_modules/@babel/preset-typescript
8122 silly ADD node_modules/@babel/plugin-transform-runtime
8123 silly ADD node_modules/@babel/plugin-transform-runtime/node_modules/semver
8124 silly ADD node_modules/@babel/plugin-transform-flow-strip-types
8125 silly ADD node_modules/@babel/plugin-proposal-private-methods
8126 silly ADD node_modules/@babel/plugin-proposal-optional-chaining
8127 silly ADD node_modules/@babel/plugin-proposal-numeric-separator
8128 silly ADD node_modules/@babel/plugin-proposal-nullish-coalescing-operator
8129 silly ADD node_modules/@babel/plugin-proposal-decorators
8130 silly ADD node_modules/@babel/plugin-proposal-class-properties
8131 silly ADD node_modules/@babel/plugin-syntax-top-level-await
8132 silly ADD node_modules/@babel/plugin-syntax-private-property-in-object
8133 silly ADD node_modules/@babel/plugin-syntax-optional-chaining
8134 silly ADD node_modules/@babel/plugin-syntax-optional-catch-binding
8135 silly ADD node_modules/@babel/plugin-syntax-object-rest-spread
8136 silly ADD node_modules/@babel/plugin-syntax-numeric-separator
8137 silly ADD node_modules/@babel/plugin-syntax-nullish-coalescing-operator
8138 silly ADD node_modules/@babel/plugin-syntax-logical-assignment-operators
8139 silly ADD node_modules/@babel/plugin-syntax-json-strings
8140 silly ADD node_modules/@babel/plugin-syntax-import-meta
8141 silly ADD node_modules/@babel/plugin-syntax-class-static-block
8142 silly ADD node_modules/@babel/plugin-syntax-class-properties
8143 silly ADD node_modules/@babel/plugin-syntax-bigint
8144 silly ADD node_modules/@babel/plugin-syntax-async-generators
8145 silly ADD node_modules/babel-preset-current-node-syntax
8146 silly ADD node_modules/babel-plugin-jest-hoist
8147 silly ADD node_modules/lodash.debounce
8148 silly ADD node_modules/@babel/helper-define-polyfill-provider
8149 silly ADD node_modules/resolve-from
8150 silly ADD node_modules/js-yaml
8151 silly ADD node_modules/get-package-type
8152 silly ADD node_modules/find-up
8153 silly ADD node_modules/test-exclude
8154 silly ADD node_modules/istanbul-lib-instrument
8155 silly ADD node_modules/istanbul-lib-instrument/node_modules/semver
8156 silly ADD node_modules/@istanbuljs/schema
8157 silly ADD node_modules/@istanbuljs/load-nyc-config
8158 silly ADD node_modules/@istanbuljs/load-nyc-config/node_modules/camelcase
8159 silly ADD node_modules/make-dir
8160 silly ADD node_modules/make-dir/node_modules/semver
8161 silly ADD node_modules/find-cache-dir
8162 silly ADD node_modules/@types/yargs-parser
8163 silly ADD node_modules/undici-types
8164 silly ADD node_modules/@types/istanbul-lib-report
8165 silly ADD node_modules/@types/babel__traverse
8166 silly ADD node_modules/@types/babel__template
8167 silly ADD node_modules/@types/babel__generator
8168 silly ADD node_modules/@types/yargs
8169 silly ADD node_modules/@types/node
8170 silly ADD node_modules/@types/istanbul-reports
8171 silly ADD node_modules/@types/istanbul-lib-coverage
8172 silly ADD node_modules/write-file-atomic
8173 silly ADD node_modules/pirates
8174 silly ADD node_modules/micromatch
8175 silly ADD node_modules/jest-util
8176 silly ADD node_modules/jest-regex-util
8177 silly ADD node_modules/jest-haste-map
8178 silly ADD node_modules/fast-json-stable-stringify
8179 silly ADD node_modules/slash
8180 silly ADD node_modules/chalk
8181 silly ADD node_modules/chalk/node_modules/ansi-styles
8182 silly ADD node_modules/babel-preset-jest
8183 silly ADD node_modules/babel-plugin-istanbul
8184 silly ADD node_modules/@types/babel__core
8185 silly ADD node_modules/@jest/types
8186 silly ADD node_modules/@jest/transform
8187 silly ADD node_modules/@jest/transform/node_modules/source-map
8188 silly ADD node_modules/@jest/transform/node_modules/convert-source-map
8189 silly ADD node_modules/svgo
8190 silly ADD node_modules/svgo/node_modules/has-flag
8191 silly ADD node_modules/svgo/node_modules/dom-serializer
8192 silly ADD node_modules/svgo/node_modules/nth-check
8193 silly ADD node_modules/svgo/node_modules/domutils
8194 silly ADD node_modules/svgo/node_modules/domutils/node_modules/domelementtype
8195 silly ADD node_modules/svgo/node_modules/css-what
8196 silly ADD node_modules/svgo/node_modules/color-name
8197 silly ADD node_modules/svgo/node_modules/color-convert
8198 silly ADD node_modules/svgo/node_modules/supports-color
8199 silly ADD node_modules/svgo/node_modules/escape-string-regexp
8200 silly ADD node_modules/svgo/node_modules/ansi-styles
8201 silly ADD node_modules/svgo/node_modules/css-select
8202 silly ADD node_modules/svgo/node_modules/chalk
8203 silly ADD node_modules/deepmerge
8204 silly ADD node_modules/@svgr/babel-plugin-transform-svg-component
8205 silly ADD node_modules/@svgr/babel-plugin-transform-react-native-svg
8206 silly ADD node_modules/@svgr/babel-plugin-svg-em-dimensions
8207 silly ADD node_modules/@svgr/babel-plugin-svg-dynamic-title
8208 silly ADD node_modules/@svgr/babel-plugin-replace-jsx-attribute-value
8209 silly ADD node_modules/@svgr/babel-plugin-remove-jsx-empty-expression
8210 silly ADD node_modules/@svgr/babel-plugin-remove-jsx-attribute
8211 silly ADD node_modules/@svgr/babel-plugin-add-jsx-attribute
8212 silly ADD node_modules/svg-parser
8213 silly ADD node_modules/@svgr/hast-util-to-babel-ast
8214 silly ADD node_modules/@svgr/babel-preset
8215 silly ADD node_modules/cosmiconfig
8216 silly ADD node_modules/@babel/plugin-syntax-jsx
8217 silly ADD node_modules/@babel/plugin-transform-react-pure-annotations
8218 silly ADD node_modules/@babel/plugin-transform-react-jsx-development
8219 silly ADD node_modules/@babel/plugin-transform-react-jsx
8220 silly ADD node_modules/@babel/plugin-transform-react-display-name
8221 silly ADD node_modules/esutils
8222 silly ADD node_modules/@babel/helper-replace-supers
8223 silly ADD node_modules/@babel/helper-optimise-call-expression
8224 silly ADD node_modules/@babel/helper-member-expression-to-functions
8225 silly ADD node_modules/@babel/helper-create-class-features-plugin
8226 silly ADD node_modules/@babel/helper-create-class-features-plugin/node_modules/semver
8227 silly ADD node_modules/@babel/helper-wrap-function
8228 silly ADD node_modules/@babel/helper-remap-async-to-generator
8229 silly ADD node_modules/regexpu-core
8230 silly ADD node_modules/@babel/helper-annotate-as-pure
8231 silly ADD node_modules/@babel/helper-create-regexp-features-plugin
8232 silly ADD node_modules/@babel/helper-create-regexp-features-plugin/node_modules/semver
8233 silly ADD node_modules/@babel/helper-skip-transparent-expression-wrappers
8234 silly ADD node_modules/core-js-compat
8235 silly ADD node_modules/babel-plugin-polyfill-regenerator
8236 silly ADD node_modules/babel-plugin-polyfill-corejs3
8237 silly ADD node_modules/babel-plugin-polyfill-corejs2
8238 silly ADD node_modules/babel-plugin-polyfill-corejs2/node_modules/semver
8239 silly ADD node_modules/@babel/preset-modules
8240 silly ADD node_modules/@babel/plugin-transform-unicode-sets-regex
8241 silly ADD node_modules/@babel/plugin-transform-unicode-regex
8242 silly ADD node_modules/@babel/plugin-transform-unicode-property-regex
8243 silly ADD node_modules/@babel/plugin-transform-unicode-escapes
8244 silly ADD node_modules/@babel/plugin-transform-typeof-symbol
8245 silly ADD node_modules/@babel/plugin-transform-template-literals
8246 silly ADD node_modules/@babel/plugin-transform-sticky-regex
8247 silly ADD node_modules/@babel/plugin-transform-spread
8248 silly ADD node_modules/@babel/plugin-transform-shorthand-properties
8249 silly ADD node_modules/@babel/plugin-transform-reserved-words
8250 silly ADD node_modules/@babel/plugin-transform-regexp-modifiers
8251 silly ADD node_modules/@babel/plugin-transform-regenerator
8252 silly ADD node_modules/@babel/plugin-transform-property-literals
8253 silly ADD node_modules/@babel/plugin-transform-private-property-in-object
8254 silly ADD node_modules/@babel/plugin-transform-private-methods
8255 silly ADD node_modules/@babel/plugin-transform-parameters
8256 silly ADD node_modules/@babel/plugin-transform-optional-chaining
8257 silly ADD node_modules/@babel/plugin-transform-optional-catch-binding
8258 silly ADD node_modules/@babel/plugin-transform-object-super
8259 silly ADD node_modules/@babel/plugin-transform-object-rest-spread
8260 silly ADD node_modules/@babel/plugin-transform-numeric-separator
8261 silly ADD node_modules/@babel/plugin-transform-nullish-coalescing-operator
8262 silly ADD node_modules/@babel/plugin-transform-new-target
8263 silly ADD node_modules/@babel/plugin-transform-named-capturing-groups-regex
8264 silly ADD node_modules/@babel/plugin-transform-modules-umd
8265 silly ADD node_modules/@babel/plugin-transform-modules-systemjs
8266 silly ADD node_modules/@babel/plugin-transform-modules-commonjs
8267 silly ADD node_modules/@babel/plugin-transform-modules-amd
8268 silly ADD node_modules/@babel/plugin-transform-member-expression-literals
8269 silly ADD node_modules/@babel/plugin-transform-logical-assignment-operators
8270 silly ADD node_modules/@babel/plugin-transform-literals
8271 silly ADD node_modules/@babel/plugin-transform-json-strings
8272 silly ADD node_modules/@babel/plugin-transform-function-name
8273 silly ADD node_modules/@babel/plugin-transform-for-of
8274 silly ADD node_modules/@babel/plugin-transform-export-namespace-from
8275 silly ADD node_modules/@babel/plugin-transform-exponentiation-operator
8276 silly ADD node_modules/@babel/plugin-transform-explicit-resource-management
8277 silly ADD node_modules/@babel/plugin-transform-dynamic-import
8278 silly ADD node_modules/@babel/plugin-transform-duplicate-named-capturing-groups-regex
8279 silly ADD node_modules/@babel/plugin-transform-duplicate-keys
8280 silly ADD node_modules/@babel/plugin-transform-dotall-regex
8281 silly ADD node_modules/@babel/plugin-transform-destructuring
8282 silly ADD node_modules/@babel/plugin-transform-computed-properties
8283 silly ADD node_modules/@babel/plugin-transform-classes
8284 silly ADD node_modules/@babel/plugin-transform-class-static-block
8285 silly ADD node_modules/@babel/plugin-transform-class-properties
8286 silly ADD node_modules/@babel/plugin-transform-block-scoping
8287 silly ADD node_modules/@babel/plugin-transform-block-scoped-functions
8288 silly ADD node_modules/@babel/plugin-transform-async-to-generator
8289 silly ADD node_modules/@babel/plugin-transform-async-generator-functions
8290 silly ADD node_modules/@babel/plugin-transform-arrow-functions
8291 silly ADD node_modules/@babel/plugin-syntax-unicode-sets-regex
8292 silly ADD node_modules/@babel/plugin-syntax-import-attributes
8293 silly ADD node_modules/@babel/plugin-syntax-import-assertions
8294 silly ADD node_modules/@babel/plugin-proposal-private-property-in-object
8295 silly ADD node_modules/@babel/plugin-bugfix-v8-static-class-fields-redefine-readonly
8296 silly ADD node_modules/@babel/plugin-bugfix-v8-spread-parameters-in-optional-chaining
8297 silly ADD node_modules/@babel/plugin-bugfix-safari-id-destructuring-collision-in-function-expression
8298 silly ADD node_modules/@babel/plugin-bugfix-safari-class-field-initializer-scope
8299 silly ADD node_modules/@babel/plugin-bugfix-firefox-class-in-computed-class-key
8300 silly ADD node_modules/@babel/helper-plugin-utils
8301 silly ADD node_modules/@svgr/plugin-svgo
8302 silly ADD node_modules/@svgr/plugin-jsx
8303 silly ADD node_modules/@svgr/core
8304 silly ADD node_modules/@babel/preset-react
8305 silly ADD node_modules/@babel/preset-env
8306 silly ADD node_modules/@babel/preset-env/node_modules/semver
8307 silly ADD node_modules/@babel/plugin-transform-react-constant-elements
8308 silly ADD node_modules/source-map
8309 silly ADD node_modules/schema-utils
8310 silly ADD node_modules/schema-utils/node_modules/json-schema-traverse
8311 silly ADD node_modules/schema-utils/node_modules/ajv-keywords
8312 silly ADD node_modules/schema-utils/node_modules/ajv
8313 silly ADD node_modules/loader-utils
8314 silly ADD node_modules/html-entities
8315 silly ADD node_modules/error-stack-parser
8316 silly ADD node_modules/core-js-pure
8317 silly ADD node_modules/ansi-html
8318 silly ADD node_modules/@babel/helper-string-parser
8319 silly ADD node_modules/@babel/helper-globals
8320 silly ADD node_modules/@babel/helper-module-imports
8321 silly ADD node_modules/lru-cache
8322 silly ADD node_modules/@babel/helper-validator-option
8323 silly ADD node_modules/@babel/compat-data
8324 silly ADD node_modules/jsesc
8325 silly ADD node_modules/json5
8326 silly ADD node_modules/gensync
8327 silly ADD node_modules/debug
8328 silly ADD node_modules/convert-source-map
8329 silly ADD node_modules/@babel/types
8330 silly ADD node_modules/@babel/traverse
8331 silly ADD node_modules/@babel/template
8332 silly ADD node_modules/@babel/parser
8333 silly ADD node_modules/@babel/helpers
8334 silly ADD node_modules/@babel/helper-module-transforms
8335 silly ADD node_modules/@babel/helper-compilation-targets
8336 silly ADD node_modules/@babel/helper-compilation-targets/node_modules/semver
8337 silly ADD node_modules/@babel/generator
8338 silly ADD node_modules/workbox-webpack-plugin
8339 silly ADD node_modules/workbox-webpack-plugin/node_modules/source-map
8340 silly ADD node_modules/workbox-webpack-plugin/node_modules/webpack-sources
8341 silly ADD node_modules/webpack-manifest-plugin
8342 silly ADD node_modules/webpack-manifest-plugin/node_modules/source-map
8343 silly ADD node_modules/webpack-manifest-plugin/node_modules/webpack-sources
8344 silly ADD node_modules/webpack-dev-server
8345 silly ADD node_modules/webpack-dev-server/node_modules/ws
8346 silly ADD node_modules/terser-webpack-plugin
8347 silly ADD node_modules/style-loader
8348 silly ADD node_modules/source-map-loader
8349 silly ADD node_modules/semver
8350 silly ADD node_modules/sass-loader
8351 silly ADD node_modules/resolve-url-loader
8352 silly ADD node_modules/resolve-url-loader/node_modules/picocolors
8353 silly ADD node_modules/resolve-url-loader/node_modules/source-map
8354 silly ADD node_modules/resolve-url-loader/node_modules/postcss
8355 silly ADD node_modules/resolve-url-loader/node_modules/convert-source-map
8356 silly ADD node_modules/resolve
8357 silly ADD node_modules/react-dev-utils
8358 silly ADD node_modules/react-dev-utils/node_modules/p-limit
8359 silly ADD node_modules/react-dev-utils/node_modules/p-locate
8360 silly ADD node_modules/react-dev-utils/node_modules/locate-path
8361 silly ADD node_modules/react-dev-utils/node_modules/loader-utils
8362 silly ADD node_modules/react-dev-utils/node_modules/find-up
8363 silly ADD node_modules/react-app-polyfill
8364 silly ADD node_modules/prompts
8365 silly ADD node_modules/postcss-preset-env
8366 silly ADD node_modules/postcss-normalize
8367 silly ADD node_modules/postcss-loader
8368 silly ADD node_modules/postcss-flexbugs-fixes
8369 silly ADD node_modules/mini-css-extract-plugin
8370 silly ADD node_modules/jest-watch-typeahead
8371 silly ADD node_modules/jest-watch-typeahead/node_modules/react-is
8372 silly ADD node_modules/jest-watch-typeahead/node_modules/pretty-format
8373 silly ADD node_modules/jest-watch-typeahead/node_modules/@types/yargs
8374 silly ADD node_modules/jest-watch-typeahead/node_modules/jest-message-util
8375 silly ADD node_modules/jest-watch-typeahead/node_modules/jest-message-util/node_modules/slash
8376 silly ADD node_modules/jest-watch-typeahead/node_modules/@jest/console
8377 silly ADD node_modules/jest-watch-typeahead/node_modules/@jest/console/node_modules/slash
8378 silly ADD node_modules/jest-watch-typeahead/node_modules/jest-util
8379 silly ADD node_modules/jest-watch-typeahead/node_modules/emittery
8380 silly ADD node_modules/jest-watch-typeahead/node_modules/@jest/types
8381 silly ADD node_modules/jest-watch-typeahead/node_modules/@jest/test-result
8382 silly ADD node_modules/jest-watch-typeahead/node_modules/strip-ansi
8383 silly ADD node_modules/jest-watch-typeahead/node_modules/strip-ansi/node_modules/ansi-regex
8384 silly ADD node_modules/jest-watch-typeahead/node_modules/string-length
8385 silly ADD node_modules/jest-watch-typeahead/node_modules/string-length/node_modules/char-regex
8386 silly ADD node_modules/jest-watch-typeahead/node_modules/slash
8387 silly ADD node_modules/jest-watch-typeahead/node_modules/jest-watcher
8388 silly ADD node_modules/jest-watch-typeahead/node_modules/jest-watcher/node_modules/strip-ansi
8389 silly ADD node_modules/jest-watch-typeahead/node_modules/jest-watcher/node_modules/string-length
8390 silly ADD node_modules/jest-watch-typeahead/node_modules/jest-regex-util
8391 silly ADD node_modules/jest-resolve
8392 silly ADD node_modules/jest
8393 silly ADD node_modules/identity-obj-proxy
8394 silly ADD node_modules/html-webpack-plugin
8395 silly ADD
8396 silly ADD node_modules/fs-extra
8397 silly ADD node_modules/file-loader
8398 silly ADD node_modules/file-loader/node_modules/schema-utils
8399 silly ADD node_modules/eslint-webpack-plugin
8400 silly ADD node_modules/eslint-webpack-plugin/node_modules/supports-color
8401 silly ADD node_modules/eslint-webpack-plugin/node_modules/jest-worker
8402 silly ADD node_modules/eslint-config-react-app
8403 silly ADD node_modules/eslint
8404 silly ADD node_modules/eslint/node_modules/p-limit
8405 silly ADD node_modules/eslint/node_modules/p-locate
8406 silly ADD node_modules/eslint/node_modules/argparse
8407 silly ADD node_modules/eslint/node_modules/locate-path
8408 silly ADD node_modules/eslint/node_modules/js-yaml
8409 silly ADD node_modules/eslint/node_modules/find-up
8410 silly ADD node_modules/dotenv-expand
8411 silly ADD node_modules/dotenv
8412 silly ADD node_modules/css-minimizer-webpack-plugin
8413 silly ADD node_modules/css-minimizer-webpack-plugin/node_modules/source-map
8414 silly ADD node_modules/css-loader
8415 silly ADD node_modules/case-sensitive-paths-webpack-plugin
8416 silly ADD node_modules/camelcase
8417 silly ADD node_modules/bfj
8418 silly ADD node_modules/babel-preset-react-app
8419 silly ADD node_modules/babel-preset-react-app/node_modules/@babel/plugin-proposal-private-property-in-object
8420 silly ADD node_modules/babel-plugin-named-asset-import
8421 silly ADD node_modules/babel-loader
8422 silly ADD node_modules/babel-loader/node_modules/schema-utils
8423 silly ADD node_modules/babel-jest
8424 silly ADD node_modules/@svgr/webpack
8425 silly ADD node_modules/react-refresh
8426 silly ADD node_modules/webpack
8427 silly ADD node_modules/webpack/node_modules/estraverse
8428 silly ADD node_modules/webpack/node_modules/eslint-scope
8429 silly ADD node_modules/@pmmmwh/react-refresh-webpack-plugin
8430 silly ADD node_modules/@babel/core
8431 silly ADD node_modules/@babel/core/node_modules/semver
8432 silly ADD node_modules/set-cookie-parser
8433 silly ADD node_modules/cookie
8434 silly ADD node_modules/react-router
8435 silly ADD node_modules/scheduler
8436 silly ADD node_modules/react-is
8437 silly ADD node_modules/ansi-styles
8438 silly ADD node_modules/ansi-regex
8439 silly ADD node_modules/nanoid
8440 silly ADD
8441 silly ADD
8442 silly ADD node_modules/lightningcss-linux-x64-musl
8443 silly ADD node_modules/lightningcss-linux-x64-gnu
8444 silly ADD
8445 silly ADD
8446 silly ADD
8447 silly ADD
8448 silly ADD
8449 silly ADD
8450 silly ADD node_modules/tslib
8451 silly ADD node_modules/motion-utils
8452 silly ADD node_modules/motion-dom
8453 silly ADD node_modules/tapable
8454 silly ADD node_modules/graceful-fs
8455 silly ADD node_modules/update-browserslist-db
8456 silly ADD node_modules/node-releases
8457 silly ADD node_modules/electron-to-chromium
8458 silly ADD node_modules/postcss-value-parser
8459 silly ADD node_modules/normalize-range
8460 silly ADD node_modules/fraction.js
8461 silly ADD node_modules/caniuse-lite
8462 silly ADD node_modules/browserslist
8463 silly ADD node_modules/dequal
8464 silly ADD node_modules/redent
8465 silly ADD node_modules/css.escape
8466 silly ADD node_modules/@adobe/css-tools
8467 silly ADD node_modules/js-tokens
8468 silly ADD node_modules/@babel/helper-validator-identifier
8469 silly ADD node_modules/pretty-format
8470 silly ADD node_modules/picocolors
8471 silly ADD node_modules/lz-string
8472 silly ADD node_modules/dom-accessibility-api
8473 silly ADD node_modules/aria-query
8474 silly ADD node_modules/@types/aria-query
8475 silly ADD node_modules/@babel/runtime
8476 silly ADD node_modules/@babel/code-frame
8477 silly ADD node_modules/tar
8478 silly ADD node_modules/tar/node_modules/yallist
8479 silly ADD node_modules/tar/node_modules/mkdirp
8480 silly ADD node_modules/detect-libc
8481 silly ADD
8482 silly ADD
8483 silly ADD
8484 silly ADD node_modules/@tailwindcss/oxide-linux-x64-musl
8485 silly ADD node_modules/@tailwindcss/oxide-linux-x64-gnu
8486 silly ADD
8487 silly ADD
8488 silly ADD
8489 silly ADD
8490 silly ADD
8491 silly ADD
8492 silly ADD
8493 silly ADD node_modules/@jridgewell/resolve-uri
8494 silly ADD node_modules/@jridgewell/sourcemap-codec
8495 silly ADD node_modules/@jridgewell/trace-mapping
8496 silly ADD node_modules/@jridgewell/gen-mapping
8497 silly ADD node_modules/source-map-js
8498 silly ADD node_modules/magic-string
8499 silly ADD node_modules/lightningcss
8500 silly ADD node_modules/jiti
8501 silly ADD node_modules/enhanced-resolve
8502 silly ADD node_modules/@jridgewell/remapping
8503 silly ADD node_modules/@tailwindcss/oxide
8504 silly ADD node_modules/@tailwindcss/node
8505 silly ADD node_modules/@tailwindcss/node/node_modules/tailwindcss
8506 silly ADD node_modules/@alloc/quick-lru
8507 silly ADD node_modules/web-vitals
8508 silly ADD node_modules/tailwindcss
8509 silly ADD node_modules/tailwindcss/node_modules/lilconfig
8510 silly ADD node_modules/tailwindcss/node_modules/jiti
8511 silly ADD node_modules/react-scripts
8512 silly ADD node_modules/react-router-dom
8513 silly ADD node_modules/framer-motion
8514 silly ADD node_modules/postcss
8515 silly ADD node_modules/autoprefixer
8516 silly ADD node_modules/@testing-library/user-event
8517 silly ADD node_modules/react-dom
8518 silly ADD node_modules/react
8519 silly ADD node_modules/@testing-library/react
8520 silly ADD node_modules/@testing-library/jest-dom
8521 silly ADD node_modules/@testing-library/jest-dom/node_modules/dom-accessibility-api
8522 silly ADD node_modules/@testing-library/dom
8523 silly ADD node_modules/@tailwindcss/postcss
8524 silly ADD node_modules/@tailwindcss/postcss/node_modules/tailwindcss
8525 timing command:install Completed in 56528ms
8526 verbose exit 0
8527 timing npm Completed in 56582ms
8528 info ok
