0 verbose cli /usr/bin/node /usr/bin/npm
1 info using npm@9.2.0
2 info using node@v18.19.1
3 timing npm:load:whichnode Completed in 0ms
4 timing config:load:defaults Completed in 2ms
5 timing config:load:file:/usr/share/nodejs/npm/npmrc Completed in 3ms
6 timing config:load:builtin Completed in 3ms
7 timing config:load:cli Completed in 3ms
8 timing config:load:env Completed in 1ms
9 timing config:load:file:/home/ubuntu/frontend/.npmrc Completed in 0ms
10 timing config:load:project Completed in 1ms
11 timing config:load:file:/home/ubuntu/.npmrc Completed in 0ms
12 timing config:load:user Completed in 0ms
13 timing config:load:file:/etc/npmrc Completed in 0ms
14 timing config:load:global Completed in 1ms
15 timing config:load:setEnvs Completed in 1ms
16 timing config:load Completed in 12ms
17 timing npm:load:configload Completed in 12ms
18 timing npm:load:mkdirpcache Completed in 1ms
19 timing npm:load:mkdirplogs Completed in 0ms
20 verbose title npm install tailwindcss@3.3.3 postcss@8.4.27 autoprefixer@10.4.14
21 verbose argv "install" "--save-dev" "tailwindcss@3.3.3" "postcss@8.4.27" "autoprefixer@10.4.14"
22 timing npm:load:setTitle Completed in 1ms
23 timing config:load:flatten Completed in 4ms
24 timing npm:load:display Completed in 7ms
25 verbose logfile logs-max:10 dir:/home/ubuntu/.npm/_logs/2025-09-11T00_10_24_210Z-
26 verbose logfile /home/ubuntu/.npm/_logs/2025-09-11T00_10_24_210Z-debug-0.log
27 timing npm:load:logFile Completed in 11ms
28 timing npm:load:timers Completed in 0ms
29 timing npm:load:configScope Completed in 0ms
30 timing npm:load Completed in 33ms
31 silly logfile start cleaning logs, removing 1 files
32 timing config:load:flatten Completed in 1ms
33 timing arborist:ctor Completed in 1ms
34 silly logfile done cleaning log files
35 timing idealTree:init Completed in 1183ms
36 timing idealTree:userRequests Completed in 4ms
37 silly idealTree buildDeps
38 silly fetch manifest tailwindcss@3.3.3
39 timing arborist:ctor Completed in 0ms
40 http fetch GET 200 https://registry.npmjs.org/tailwindcss 1084ms (cache hit)
41 silly fetch manifest postcss@8.4.27
42 http fetch GET 200 https://registry.npmjs.org/postcss 9ms (cache hit)
43 silly fetch manifest autoprefixer@10.4.14
44 http fetch GET 200 https://registry.npmjs.org/autoprefixer 5ms (cache hit)
45 silly placeDep ROOT autoprefixer@10.4.14 REPLACE for: frontend@0.1.0 want: 10.4.14
46 silly placeDep ROOT postcss@8.4.27 REPLACE for: frontend@0.1.0 want: 8.4.27
47 silly placeDep ROOT tailwindcss@3.3.3 REPLACE for: frontend@0.1.0 want: 3.3.3
48 silly fetch manifest jiti@^1.18.2
49 http fetch GET 200 https://registry.npmjs.org/jiti 98ms (cache revalidated)
50 timing idealTree:#root Completed in 1289ms
51 silly fetch manifest tailwindcss@4.1.13
52 silly placeDep node_modules/@tailwindcss/node tailwindcss@4.1.13 OK for: @tailwindcss/node@4.1.13 want: 4.1.13
53 timing idealTree:node_modules/@tailwindcss/node Completed in 3ms
54 timing idealTree:node_modules/@tailwindcss/oxide-wasm32-wasi Completed in 0ms
55 silly fetch manifest postcss@^8.4.41
56 silly placeDep node_modules/@tailwindcss/postcss postcss@8.5.6 OK for: @tailwindcss/postcss@4.1.13 want: ^8.4.41
57 silly placeDep node_modules/@tailwindcss/postcss tailwindcss@4.1.13 OK for: @tailwindcss/postcss@4.1.13 want: 4.1.13
58 timing idealTree:node_modules/@tailwindcss/postcss Completed in 4ms
59 timing idealTree:node_modules/autoprefixer Completed in 0ms
60 silly fetch manifest postcss@^8.4.33
61 silly placeDep node_modules/css-loader postcss@8.5.6 OK for: css-loader@6.11.0 want: ^8.4.33
62 timing idealTree:node_modules/css-loader Completed in 2ms
63 timing idealTree:node_modules/postcss Completed in 0ms
64 silly placeDep node_modules/tailwindcss jiti@1.21.7 OK for: tailwindcss@3.3.3 want: ^1.18.2
65 timing idealTree:node_modules/tailwindcss Completed in 1ms
66 timing idealTree:node_modules/@tailwindcss/node/node_modules/tailwindcss Completed in 1ms
67 timing idealTree:node_modules/@tailwindcss/postcss/node_modules/postcss Completed in 0ms
68 timing idealTree:node_modules/@tailwindcss/postcss/node_modules/tailwindcss Completed in 0ms
69 timing idealTree:node_modules/css-loader/node_modules/postcss Completed in 0ms
70 silly fetch manifest postcss@^8.4.47
71 silly placeDep node_modules/react-scripts postcss@8.5.6 OK for: tailwindcss@3.4.17 want: ^8.4.47
72 timing idealTree:node_modules/react-scripts/node_modules/tailwindcss Completed in 4ms
73 timing idealTree:node_modules/react-scripts/node_modules/postcss Completed in 0ms
74 timing idealTree:node_modules/tailwindcss/node_modules/jiti Completed in 0ms
75 timing idealTree:buildDeps Completed in 1307ms
76 timing idealTree:fixDepFlags Completed in 15ms
77 warn EBADENGINE Unsupported engine {
77 warn EBADENGINE   package: 'react-router@7.8.2',
77 warn EBADENGINE   required: { node: '>=20.0.0' },
77 warn EBADENGINE   current: { node: 'v18.19.1', npm: '9.2.0' }
77 warn EBADENGINE }
78 warn EBADENGINE Unsupported engine {
78 warn EBADENGINE   package: 'react-router-dom@7.8.2',
78 warn EBADENGINE   required: { node: '>=20.0.0' },
78 warn EBADENGINE   current: { node: 'v18.19.1', npm: '9.2.0' }
78 warn EBADENGINE }
79 timing idealTree Completed in 2528ms
80 timing reify:loadTrees Completed in 2530ms
81 timing reify:diffTrees Completed in 26ms
82 silly reify mark retired [
82 silly reify   '/home/ubuntu/frontend/node_modules/autoprefixer',
82 silly reify   '/home/ubuntu/frontend/node_modules/.bin/autoprefixer'
82 silly reify ]
83 silly reify mark retired [ '/home/ubuntu/frontend/node_modules/postcss' ]
84 silly reify mark retired [ '/home/ubuntu/frontend/node_modules/tailwindcss' ]
85 silly reify moves {
85 silly reify   '/home/ubuntu/frontend/node_modules/autoprefixer': '/home/ubuntu/frontend/node_modules/.autoprefixer-YG5nAuuF',
85 silly reify   '/home/ubuntu/frontend/node_modules/.bin/autoprefixer': '/home/ubuntu/frontend/node_modules/.bin/.autoprefixer-pGyWFbNk',
85 silly reify   '/home/ubuntu/frontend/node_modules/postcss': '/home/ubuntu/frontend/node_modules/.postcss-xfhcVXJH',
85 silly reify   '/home/ubuntu/frontend/node_modules/tailwindcss': '/home/ubuntu/frontend/node_modules/.tailwindcss-K9G2ARSH'
85 silly reify }
86 timing reify:retireShallow Completed in 3ms
87 timing reify:createSparse Completed in 3ms
88 verbose reify failed optional dependency /home/ubuntu/frontend/node_modules/@tailwindcss/oxide-wasm32-wasi
89 silly reify mark deleted [ '/home/ubuntu/frontend/node_modules/@tailwindcss/oxide-wasm32-wasi' ]
90 timing reifyNode:node_modules/@tailwindcss/oxide-wasm32-wasi Completed in 2ms
91 timing arborist:ctor Completed in 1ms
92 timing reify:diffTrees Completed in 20ms
93 timing reify:loadBundles Completed in 29ms
94 silly audit bulk request {
94 silly audit   '@adobe/css-tools': [ '4.4.4' ],
94 silly audit   '@alloc/quick-lru': [ '5.2.0' ],
94 silly audit   '@babel/code-frame': [ '7.27.1' ],
94 silly audit   '@babel/compat-data': [ '7.28.4' ],
94 silly audit   '@babel/core': [ '7.28.4' ],
94 silly audit   semver: [ '6.3.1', '7.7.2' ],
94 silly audit   '@babel/eslint-parser': [ '7.28.4' ],
94 silly audit   'eslint-visitor-keys': [ '2.1.0', '3.4.3' ],
94 silly audit   '@babel/generator': [ '7.28.3' ],
94 silly audit   '@babel/helper-annotate-as-pure': [ '7.27.3' ],
94 silly audit   '@babel/helper-compilation-targets': [ '7.27.2' ],
94 silly audit   '@babel/helper-create-class-features-plugin': [ '7.28.3' ],
94 silly audit   '@babel/helper-create-regexp-features-plugin': [ '7.27.1' ],
94 silly audit   '@babel/helper-define-polyfill-provider': [ '0.6.5' ],
94 silly audit   '@babel/helper-globals': [ '7.28.0' ],
94 silly audit   '@babel/helper-member-expression-to-functions': [ '7.27.1' ],
94 silly audit   '@babel/helper-module-imports': [ '7.27.1' ],
94 silly audit   '@babel/helper-module-transforms': [ '7.28.3' ],
94 silly audit   '@babel/helper-optimise-call-expression': [ '7.27.1' ],
94 silly audit   '@babel/helper-plugin-utils': [ '7.27.1' ],
94 silly audit   '@babel/helper-remap-async-to-generator': [ '7.27.1' ],
94 silly audit   '@babel/helper-replace-supers': [ '7.27.1' ],
94 silly audit   '@babel/helper-skip-transparent-expression-wrappers': [ '7.27.1' ],
94 silly audit   '@babel/helper-string-parser': [ '7.27.1' ],
94 silly audit   '@babel/helper-validator-identifier': [ '7.27.1' ],
94 silly audit   '@babel/helper-validator-option': [ '7.27.1' ],
94 silly audit   '@babel/helper-wrap-function': [ '7.28.3' ],
94 silly audit   '@babel/helpers': [ '7.28.4' ],
94 silly audit   '@babel/parser': [ '7.28.4' ],
94 silly audit   '@babel/plugin-bugfix-firefox-class-in-computed-class-key': [ '7.27.1' ],
94 silly audit   '@babel/plugin-bugfix-safari-class-field-initializer-scope': [ '7.27.1' ],
94 silly audit   '@babel/plugin-bugfix-safari-id-destructuring-collision-in-function-expression': [ '7.27.1' ],
94 silly audit   '@babel/plugin-bugfix-v8-spread-parameters-in-optional-chaining': [ '7.27.1' ],
94 silly audit   '@babel/plugin-bugfix-v8-static-class-fields-redefine-readonly': [ '7.28.3' ],
94 silly audit   '@babel/plugin-proposal-class-properties': [ '7.18.6' ],
94 silly audit   '@babel/plugin-proposal-decorators': [ '7.28.0' ],
94 silly audit   '@babel/plugin-proposal-nullish-coalescing-operator': [ '7.18.6' ],
94 silly audit   '@babel/plugin-proposal-numeric-separator': [ '7.18.6' ],
94 silly audit   '@babel/plugin-proposal-optional-chaining': [ '7.21.0' ],
94 silly audit   '@babel/plugin-proposal-private-methods': [ '7.18.6' ],
94 silly audit   '@babel/plugin-proposal-private-property-in-object': [ '7.21.0-placeholder-for-preset-env.2', '7.21.11' ],
94 silly audit   '@babel/plugin-syntax-async-generators': [ '7.8.4' ],
94 silly audit   '@babel/plugin-syntax-bigint': [ '7.8.3' ],
94 silly audit   '@babel/plugin-syntax-class-properties': [ '7.12.13' ],
94 silly audit   '@babel/plugin-syntax-class-static-block': [ '7.14.5' ],
94 silly audit   '@babel/plugin-syntax-decorators': [ '7.27.1' ],
94 silly audit   '@babel/plugin-syntax-flow': [ '7.27.1' ],
94 silly audit   '@babel/plugin-syntax-import-assertions': [ '7.27.1' ],
94 silly audit   '@babel/plugin-syntax-import-attributes': [ '7.27.1' ],
94 silly audit   '@babel/plugin-syntax-import-meta': [ '7.10.4' ],
94 silly audit   '@babel/plugin-syntax-json-strings': [ '7.8.3' ],
94 silly audit   '@babel/plugin-syntax-jsx': [ '7.27.1' ],
94 silly audit   '@babel/plugin-syntax-logical-assignment-operators': [ '7.10.4' ],
94 silly audit   '@babel/plugin-syntax-nullish-coalescing-operator': [ '7.8.3' ],
94 silly audit   '@babel/plugin-syntax-numeric-separator': [ '7.10.4' ],
94 silly audit   '@babel/plugin-syntax-object-rest-spread': [ '7.8.3' ],
94 silly audit   '@babel/plugin-syntax-optional-catch-binding': [ '7.8.3' ],
94 silly audit   '@babel/plugin-syntax-optional-chaining': [ '7.8.3' ],
94 silly audit   '@babel/plugin-syntax-private-property-in-object': [ '7.14.5' ],
94 silly audit   '@babel/plugin-syntax-top-level-await': [ '7.14.5' ],
94 silly audit   '@babel/plugin-syntax-typescript': [ '7.27.1' ],
94 silly audit   '@babel/plugin-syntax-unicode-sets-regex': [ '7.18.6' ],
94 silly audit   '@babel/plugin-transform-arrow-functions': [ '7.27.1' ],
94 silly audit   '@babel/plugin-transform-async-generator-functions': [ '7.28.0' ],
94 silly audit   '@babel/plugin-transform-async-to-generator': [ '7.27.1' ],
94 silly audit   '@babel/plugin-transform-block-scoped-functions': [ '7.27.1' ],
94 silly audit   '@babel/plugin-transform-block-scoping': [ '7.28.4' ],
94 silly audit   '@babel/plugin-transform-class-properties': [ '7.27.1' ],
94 silly audit   '@babel/plugin-transform-class-static-block': [ '7.28.3' ],
94 silly audit   '@babel/plugin-transform-classes': [ '7.28.4' ],
94 silly audit   '@babel/plugin-transform-computed-properties': [ '7.27.1' ],
94 silly audit   '@babel/plugin-transform-destructuring': [ '7.28.0' ],
94 silly audit   '@babel/plugin-transform-dotall-regex': [ '7.27.1' ],
94 silly audit   '@babel/plugin-transform-duplicate-keys': [ '7.27.1' ],
94 silly audit   '@babel/plugin-transform-duplicate-named-capturing-groups-regex': [ '7.27.1' ],
94 silly audit   '@babel/plugin-transform-dynamic-import': [ '7.27.1' ],
94 silly audit   '@babel/plugin-transform-explicit-resource-management': [ '7.28.0' ],
94 silly audit   '@babel/plugin-transform-exponentiation-operator': [ '7.27.1' ],
94 silly audit   '@babel/plugin-transform-export-namespace-from': [ '7.27.1' ],
94 silly audit   '@babel/plugin-transform-flow-strip-types': [ '7.27.1' ],
94 silly audit   '@babel/plugin-transform-for-of': [ '7.27.1' ],
94 silly audit   '@babel/plugin-transform-function-name': [ '7.27.1' ],
94 silly audit   '@babel/plugin-transform-json-strings': [ '7.27.1' ],
94 silly audit   '@babel/plugin-transform-literals': [ '7.27.1' ],
94 silly audit   '@babel/plugin-transform-logical-assignment-operators': [ '7.27.1' ],
94 silly audit   '@babel/plugin-transform-member-expression-literals': [ '7.27.1' ],
94 silly audit   '@babel/plugin-transform-modules-amd': [ '7.27.1' ],
94 silly audit   '@babel/plugin-transform-modules-commonjs': [ '7.27.1' ],
94 silly audit   '@babel/plugin-transform-modules-systemjs': [ '7.27.1' ],
94 silly audit   '@babel/plugin-transform-modules-umd': [ '7.27.1' ],
94 silly audit   '@babel/plugin-transform-named-capturing-groups-regex': [ '7.27.1' ],
94 silly audit   '@babel/plugin-transform-new-target': [ '7.27.1' ],
94 silly audit   '@babel/plugin-transform-nullish-coalescing-operator': [ '7.27.1' ],
94 silly audit   '@babel/plugin-transform-numeric-separator': [ '7.27.1' ],
94 silly audit   '@babel/plugin-transform-object-rest-spread': [ '7.28.4' ],
94 silly audit   '@babel/plugin-transform-object-super': [ '7.27.1' ],
94 silly audit   '@babel/plugin-transform-optional-catch-binding': [ '7.27.1' ],
94 silly audit   '@babel/plugin-transform-optional-chaining': [ '7.27.1' ],
94 silly audit   '@babel/plugin-transform-parameters': [ '7.27.7' ],
94 silly audit   '@babel/plugin-transform-private-methods': [ '7.27.1' ],
94 silly audit   '@babel/plugin-transform-private-property-in-object': [ '7.27.1' ],
94 silly audit   '@babel/plugin-transform-property-literals': [ '7.27.1' ],
94 silly audit   '@babel/plugin-transform-react-constant-elements': [ '7.27.1' ],
94 silly audit   '@babel/plugin-transform-react-display-name': [ '7.28.0' ],
94 silly audit   '@babel/plugin-transform-react-jsx': [ '7.27.1' ],
94 silly audit   '@babel/plugin-transform-react-jsx-development': [ '7.27.1' ],
94 silly audit   '@babel/plugin-transform-react-pure-annotations': [ '7.27.1' ],
94 silly audit   '@babel/plugin-transform-regenerator': [ '7.28.4' ],
94 silly audit   '@babel/plugin-transform-regexp-modifiers': [ '7.27.1' ],
94 silly audit   '@babel/plugin-transform-reserved-words': [ '7.27.1' ],
94 silly audit   '@babel/plugin-transform-runtime': [ '7.28.3' ],
94 silly audit   '@babel/plugin-transform-shorthand-properties': [ '7.27.1' ],
94 silly audit   '@babel/plugin-transform-spread': [ '7.27.1' ],
94 silly audit   '@babel/plugin-transform-sticky-regex': [ '7.27.1' ],
94 silly audit   '@babel/plugin-transform-template-literals': [ '7.27.1' ],
94 silly audit   '@babel/plugin-transform-typeof-symbol': [ '7.27.1' ],
94 silly audit   '@babel/plugin-transform-typescript': [ '7.28.0' ],
94 silly audit   '@babel/plugin-transform-unicode-escapes': [ '7.27.1' ],
94 silly audit   '@babel/plugin-transform-unicode-property-regex': [ '7.27.1' ],
94 silly audit   '@babel/plugin-transform-unicode-regex': [ '7.27.1' ],
94 silly audit   '@babel/plugin-transform-unicode-sets-regex': [ '7.27.1' ],
94 silly audit   '@babel/preset-env': [ '7.28.3' ],
94 silly audit   '@babel/preset-modules': [ '0.1.6-no-external-plugins' ],
94 silly audit   '@babel/preset-react': [ '7.27.1' ],
94 silly audit   '@babel/preset-typescript': [ '7.27.1' ],
94 silly audit   '@babel/runtime': [ '7.28.4' ],
94 silly audit   '@babel/template': [ '7.27.2' ],
94 silly audit   '@babel/traverse': [ '7.28.4' ],
94 silly audit   '@babel/types': [ '7.28.4' ],
94 silly audit   '@bcoe/v8-coverage': [ '0.2.3' ],
94 silly audit   '@csstools/normalize.css': [ '12.1.1' ],
94 silly audit   '@csstools/postcss-cascade-layers': [ '1.1.1' ],
94 silly audit   '@csstools/postcss-color-function': [ '1.1.1' ],
94 silly audit   '@csstools/postcss-font-format-keywords': [ '1.0.1' ],
94 silly audit   '@csstools/postcss-hwb-function': [ '1.0.2' ],
94 silly audit   '@csstools/postcss-ic-unit': [ '1.0.1' ],
94 silly audit   '@csstools/postcss-is-pseudo-class': [ '2.0.7' ],
94 silly audit   '@csstools/postcss-nested-calc': [ '1.0.0' ],
94 silly audit   '@csstools/postcss-normalize-display-values': [ '1.0.1' ],
94 silly audit   '@csstools/postcss-oklab-function': [ '1.1.1' ],
94 silly audit   '@csstools/postcss-progressive-custom-properties': [ '1.3.0' ],
94 silly audit   '@csstools/postcss-stepped-value-functions': [ '1.0.1' ],
94 silly audit   '@csstools/postcss-text-decoration-shorthand': [ '1.0.0' ],
94 silly audit   '@csstools/postcss-trigonometric-functions': [ '1.0.2' ],
94 silly audit   '@csstools/postcss-unset-value': [ '1.0.2' ],
94 silly audit   '@csstools/selector-specificity': [ '2.2.0' ],
94 silly audit   '@eslint-community/eslint-utils': [ '4.9.0' ],
94 silly audit   '@eslint-community/regexpp': [ '4.12.1' ],
94 silly audit   '@eslint/eslintrc': [ '2.1.4' ],
94 silly audit   argparse: [ '2.0.1', '1.0.10' ],
94 silly audit   'js-yaml': [ '4.1.0', '3.14.1' ],
94 silly audit   '@eslint/js': [ '8.57.1' ],
94 silly audit   '@humanwhocodes/config-array': [ '0.13.0' ],
94 silly audit   '@humanwhocodes/module-importer': [ '1.0.1' ],
94 silly audit   '@humanwhocodes/object-schema': [ '2.0.3' ],
94 silly audit   '@isaacs/cliui': [ '8.0.2' ],
94 silly audit   'ansi-regex': [ '6.2.2', '5.0.1' ],
94 silly audit   'ansi-styles': [ '6.2.3', '5.2.0', '4.3.0', '3.2.1' ],
94 silly audit   'string-width': [ '5.1.2', '4.2.3' ],
94 silly audit   'strip-ansi': [ '7.1.2', '6.0.1' ],
94 silly audit   'wrap-ansi': [ '8.1.0', '7.0.0' ],
94 silly audit   '@isaacs/fs-minipass': [ '4.0.1' ],
94 silly audit   '@istanbuljs/load-nyc-config': [ '1.1.0' ],
94 silly audit   camelcase: [ '5.3.1', '6.3.0' ],
94 silly audit   '@istanbuljs/schema': [ '0.1.3' ],
94 silly audit   '@jest/console': [ '27.5.1', '28.1.3' ],
94 silly audit   '@jest/core': [ '27.5.1' ],
94 silly audit   '@jest/environment': [ '27.5.1' ],
94 silly audit   '@jest/fake-timers': [ '27.5.1' ],
94 silly audit   '@jest/globals': [ '27.5.1' ],
94 silly audit   '@jest/reporters': [ '27.5.1' ],
94 silly audit   'source-map': [ '0.6.1', '0.7.6', '0.8.0-beta.0' ],
94 silly audit   '@jest/schemas': [ '28.1.3' ],
94 silly audit   '@jest/source-map': [ '27.5.1' ],
94 silly audit   '@jest/test-result': [ '27.5.1', '28.1.3' ],
94 silly audit   '@jest/test-sequencer': [ '27.5.1' ],
94 silly audit   '@jest/transform': [ '27.5.1' ],
94 silly audit   'convert-source-map': [ '1.9.0', '2.0.0' ],
94 silly audit   '@jest/types': [ '27.5.1', '28.1.3' ],
94 silly audit   '@jridgewell/gen-mapping': [ '0.3.13' ],
94 silly audit   '@jridgewell/remapping': [ '2.3.5' ],
94 silly audit   '@jridgewell/resolve-uri': [ '3.1.2' ],
94 silly audit   '@jridgewell/source-map': [ '0.3.11' ],
94 silly audit   '@jridgewell/sourcemap-codec': [ '1.5.5' ],
94 silly audit   '@jridgewell/trace-mapping': [ '0.3.31' ],
94 silly audit   '@leichtgewicht/ip-codec': [ '2.0.5' ],
94 silly audit   '@nicolo-ribaudo/eslint-scope-5-internals': [ '5.1.1-v1' ],
94 silly audit   'eslint-scope': [ '5.1.1', '7.2.2' ],
94 silly audit   estraverse: [ '4.3.0', '5.3.0' ],
94 silly audit   '@nodelib/fs.scandir': [ '2.1.5' ],
94 silly audit   '@nodelib/fs.stat': [ '2.0.5' ],
94 silly audit   '@nodelib/fs.walk': [ '1.2.8' ],
94 silly audit   '@pkgjs/parseargs': [ '0.11.0' ],
94 silly audit   '@pmmmwh/react-refresh-webpack-plugin': [ '0.5.17' ],
94 silly audit   '@rollup/plugin-babel': [ '5.3.1' ],
94 silly audit   '@rollup/plugin-node-resolve': [ '11.2.1' ],
94 silly audit   '@rollup/plugin-replace': [ '2.4.2' ],
94 silly audit   'magic-string': [ '0.25.9', '0.30.19' ],
94 silly audit   '@rollup/pluginutils': [ '3.1.0' ],
94 silly audit   '@types/estree': [ '0.0.39', '1.0.8' ],
94 silly audit   '@rtsao/scc': [ '1.1.0' ],
94 silly audit   '@rushstack/eslint-patch': [ '1.12.0' ],
94 silly audit   '@sinclair/typebox': [ '0.24.51' ],
94 silly audit   '@sinonjs/commons': [ '1.8.6' ],
94 silly audit   '@sinonjs/fake-timers': [ '8.1.0' ],
94 silly audit   '@surma/rollup-plugin-off-main-thread': [ '2.2.3' ],
94 silly audit   '@svgr/babel-plugin-add-jsx-attribute': [ '5.4.0' ],
94 silly audit   '@svgr/babel-plugin-remove-jsx-attribute': [ '5.4.0' ],
94 silly audit   '@svgr/babel-plugin-remove-jsx-empty-expression': [ '5.0.1' ],
94 silly audit   '@svgr/babel-plugin-replace-jsx-attribute-value': [ '5.0.1' ],
94 silly audit   '@svgr/babel-plugin-svg-dynamic-title': [ '5.4.0' ],
94 silly audit   '@svgr/babel-plugin-svg-em-dimensions': [ '5.4.0' ],
94 silly audit   '@svgr/babel-plugin-transform-react-native-svg': [ '5.4.0' ],
94 silly audit   '@svgr/babel-plugin-transform-svg-component': [ '5.5.0' ],
94 silly audit   '@svgr/babel-preset': [ '5.5.0' ],
94 silly audit   '@svgr/core': [ '5.5.0' ],
94 silly audit   '@svgr/hast-util-to-babel-ast': [ '5.5.0' ],
94 silly audit   '@svgr/plugin-jsx': [ '5.5.0' ],
94 silly audit   '@svgr/plugin-svgo': [ '5.5.0' ],
94 silly audit   '@svgr/webpack': [ '5.5.0' ],
94 silly audit   '@tailwindcss/node': [ '4.1.13' ],
94 silly audit   '@tailwindcss/oxide': [ '4.1.13' ],
94 silly audit   '@tailwindcss/oxide-android-arm64': [ '4.1.13' ],
94 silly audit   '@tailwindcss/oxide-darwin-arm64': [ '4.1.13' ],
94 silly audit   '@tailwindcss/oxide-darwin-x64': [ '4.1.13' ],
94 silly audit   '@tailwindcss/oxide-freebsd-x64': [ '4.1.13' ],
94 silly audit   '@tailwindcss/oxide-linux-arm-gnueabihf': [ '4.1.13' ],
94 silly audit   '@tailwindcss/oxide-linux-arm64-gnu': [ '4.1.13' ],
94 silly audit   '@tailwindcss/oxide-linux-arm64-musl': [ '4.1.13' ],
94 silly audit   '@tailwindcss/oxide-linux-x64-gnu': [ '4.1.13' ],
94 silly audit   '@tailwindcss/oxide-linux-x64-musl': [ '4.1.13' ],
94 silly audit   '@tailwindcss/oxide-win32-arm64-msvc': [ '4.1.13' ],
94 silly audit   '@tailwindcss/oxide-win32-x64-msvc': [ '4.1.13' ],
94 silly audit   '@tailwindcss/postcss': [ '4.1.13' ],
94 silly audit   '@testing-library/dom': [ '10.4.1' ],
94 silly audit   '@testing-library/jest-dom': [ '6.8.0' ],
94 silly audit   'dom-accessibility-api': [ '0.6.3', '0.5.16' ],
94 silly audit   '@testing-library/react': [ '16.3.0' ],
94 silly audit   '@testing-library/user-event': [ '13.5.0' ],
94 silly audit   '@tootallnate/once': [ '1.1.2' ],
94 silly audit   '@trysound/sax': [ '0.2.0' ],
94 silly audit   '@types/aria-query': [ '5.0.4' ],
94 silly audit   '@types/babel__core': [ '7.20.5' ],
94 silly audit   '@types/babel__generator': [ '7.27.0' ],
94 silly audit   '@types/babel__template': [ '7.4.4' ],
94 silly audit   '@types/babel__traverse': [ '7.28.0' ],
94 silly audit   '@types/body-parser': [ '1.19.6' ],
94 silly audit   '@types/bonjour': [ '3.5.13' ],
94 silly audit   '@types/connect': [ '3.4.38' ],
94 silly audit   '@types/connect-history-api-fallback': [ '1.5.4' ],
94 silly audit   '@types/eslint': [ '8.56.12' ],
94 silly audit   '@types/eslint-scope': [ '3.7.7' ],
94 silly audit   '@types/express': [ '4.17.23' ],
94 silly audit   '@types/express-serve-static-core': [ '5.0.7', '4.19.6' ],
94 silly audit   '@types/graceful-fs': [ '4.1.9' ],
94 silly audit   '@types/html-minifier-terser': [ '6.1.0' ],
94 silly audit   '@types/http-errors': [ '2.0.5' ],
94 silly audit   '@types/http-proxy': [ '1.17.16' ],
94 silly audit   '@types/istanbul-lib-coverage': [ '2.0.6' ],
94 silly audit   '@types/istanbul-lib-report': [ '3.0.3' ],
94 silly audit   '@types/istanbul-reports': [ '3.0.4' ],
94 silly audit   '@types/json-schema': [ '7.0.15' ],
94 silly audit   '@types/json5': [ '0.0.29' ],
94 silly audit   '@types/mime': [ '1.3.5' ],
94 silly audit   '@types/node': [ '24.3.1' ],
94 silly audit   '@types/node-forge': [ '1.3.14' ],
94 silly audit   '@types/parse-json': [ '4.0.2' ],
94 silly audit   '@types/prettier': [ '2.7.3' ],
94 silly audit   '@types/q': [ '1.5.8' ],
94 silly audit   '@types/qs': [ '6.14.0' ],
94 silly audit   '@types/range-parser': [ '1.2.7' ],
94 silly audit   '@types/resolve': [ '1.17.1' ],
94 silly audit   '@types/retry': [ '0.12.0' ],
94 silly audit   '@types/semver': [ '7.7.1' ],
94 silly audit   '@types/send': [ '0.17.5' ],
94 silly audit   '@types/serve-index': [ '1.9.4' ],
94 silly audit   '@types/serve-static': [ '1.15.8' ],
94 silly audit   '@types/sockjs': [ '0.3.36' ],
94 silly audit   '@types/stack-utils': [ '2.0.3' ],
94 silly audit   '@types/trusted-types': [ '2.0.7' ],
94 silly audit   '@types/ws': [ '8.18.1' ],
94 silly audit   '@types/yargs': [ '16.0.9', '17.0.33' ],
94 silly audit   '@types/yargs-parser': [ '21.0.3' ],
94 silly audit   '@typescript-eslint/eslint-plugin': [ '5.62.0' ],
94 silly audit   '@typescript-eslint/experimental-utils': [ '5.62.0' ],
94 silly audit   '@typescript-eslint/parser': [ '5.62.0' ],
94 silly audit   '@typescript-eslint/scope-manager': [ '5.62.0' ],
94 silly audit   '@typescript-eslint/type-utils': [ '5.62.0' ],
94 silly audit   '@typescript-eslint/types': [ '5.62.0' ],
94 silly audit   '@typescript-eslint/typescript-estree': [ '5.62.0' ],
94 silly audit   '@typescript-eslint/utils': [ '5.62.0' ],
94 silly audit   '@typescript-eslint/visitor-keys': [ '5.62.0' ],
94 silly audit   '@ungap/structured-clone': [ '1.3.0' ],
94 silly audit   '@webassemblyjs/ast': [ '1.14.1' ],
94 silly audit   '@webassemblyjs/floating-point-hex-parser': [ '1.13.2' ],
94 silly audit   '@webassemblyjs/helper-api-error': [ '1.13.2' ],
94 silly audit   '@webassemblyjs/helper-buffer': [ '1.14.1' ],
94 silly audit   '@webassemblyjs/helper-numbers': [ '1.13.2' ],
94 silly audit   '@webassemblyjs/helper-wasm-bytecode': [ '1.13.2' ],
94 silly audit   '@webassemblyjs/helper-wasm-section': [ '1.14.1' ],
94 silly audit   '@webassemblyjs/ieee754': [ '1.13.2' ],
94 silly audit   '@webassemblyjs/leb128': [ '1.13.2' ],
94 silly audit   '@webassemblyjs/utf8': [ '1.13.2' ],
94 silly audit   '@webassemblyjs/wasm-edit': [ '1.14.1' ],
94 silly audit   '@webassemblyjs/wasm-gen': [ '1.14.1' ],
94 silly audit   '@webassemblyjs/wasm-opt': [ '1.14.1' ],
94 silly audit   '@webassemblyjs/wasm-parser': [ '1.14.1' ],
94 silly audit   '@webassemblyjs/wast-printer': [ '1.14.1' ],
94 silly audit   '@xtuc/ieee754': [ '1.2.0' ],
94 silly audit   '@xtuc/long': [ '4.2.2' ],
94 silly audit   abab: [ '2.0.6' ],
94 silly audit   accepts: [ '1.3.8' ],
94 silly audit   negotiator: [ '0.6.3', '0.6.4' ],
94 silly audit   acorn: [ '8.15.0', '7.4.1' ],
94 silly audit   'acorn-globals': [ '6.0.0' ],
94 silly audit   'acorn-import-phases': [ '1.0.4' ],
94 silly audit   'acorn-jsx': [ '5.3.2' ],
94 silly audit   'acorn-walk': [ '7.2.0' ],
94 silly audit   address: [ '1.2.2' ],
94 silly audit   'adjust-sourcemap-loader': [ '4.0.0' ],
94 silly audit   'agent-base': [ '6.0.2' ],
94 silly audit   ajv: [ '6.12.6', '8.17.1' ],
94 silly audit   'ajv-formats': [ '2.1.1' ],
94 silly audit   'json-schema-traverse': [ '1.0.0', '0.4.1' ],
94 silly audit   'ajv-keywords': [ '3.5.2', '5.1.0' ],
94 silly audit   'ansi-escapes': [ '4.3.2' ],
94 silly audit   'type-fest': [ '0.21.3', '0.16.0', '0.20.2' ],
94 silly audit   'ansi-html': [ '0.0.9' ],
94 silly audit   'ansi-html-community': [ '0.0.8' ],
94 silly audit   'any-promise': [ '1.3.0' ],
94 silly audit   anymatch: [ '3.1.3' ],
94 silly audit   arg: [ '5.0.2' ],
94 silly audit   'aria-query': [ '5.3.0', '5.3.2' ],
94 silly audit   'array-buffer-byte-length': [ '1.0.2' ],
94 silly audit   'array-flatten': [ '1.1.1' ],
94 silly audit   'array-includes': [ '3.1.9' ],
94 silly audit   'array-union': [ '2.1.0' ],
94 silly audit   'array.prototype.findlast': [ '1.2.5' ],
94 silly audit   'array.prototype.findlastindex': [ '1.2.6' ],
94 silly audit   'array.prototype.flat': [ '1.3.3' ],
94 silly audit   'array.prototype.flatmap': [ '1.3.3' ],
94 silly audit   'array.prototype.reduce': [ '1.0.8' ],
94 silly audit   'array.prototype.tosorted': [ '1.1.4' ],
94 silly audit   'arraybuffer.prototype.slice': [ '1.0.4' ],
94 silly audit   asap: [ '2.0.6' ],
94 silly audit   'ast-types-flow': [ '0.0.8' ],
94 silly audit   async: [ '3.2.6' ],
94 silly audit   'async-function': [ '1.0.0' ],
94 silly audit   asynckit: [ '0.4.0' ],
94 silly audit   'at-least-node': [ '1.0.0' ],
94 silly audit   'available-typed-arrays': [ '1.0.7' ],
94 silly audit   'axe-core': [ '4.10.3' ],
94 silly audit   'axobject-query': [ '4.1.0' ],
94 silly audit   'babel-jest': [ '27.5.1' ],
94 silly audit   'babel-loader': [ '8.4.1' ],
94 silly audit   'schema-utils': [ '2.7.1', '3.3.0', '2.7.0', '4.3.2' ],
94 silly audit   'babel-plugin-istanbul': [ '6.1.1' ],
94 silly audit   'babel-plugin-jest-hoist': [ '27.5.1' ],
94 silly audit   'babel-plugin-macros': [ '3.1.0' ],
94 silly audit   'babel-plugin-named-asset-import': [ '0.3.8' ],
94 silly audit   'babel-plugin-polyfill-corejs2': [ '0.4.14' ],
94 silly audit   'babel-plugin-polyfill-corejs3': [ '0.13.0' ],
94 silly audit   'babel-plugin-polyfill-regenerator': [ '0.6.5' ],
94 silly audit   'babel-plugin-transform-react-remove-prop-types': [ '0.4.24' ],
94 silly audit   'babel-preset-current-node-syntax': [ '1.2.0' ],
94 silly audit   'babel-preset-jest': [ '27.5.1' ],
94 silly audit   'babel-preset-react-app': [ '10.1.0' ],
94 silly audit   'balanced-match': [ '1.0.2' ],
94 silly audit   batch: [ '0.6.1' ],
94 silly audit   bfj: [ '7.1.0' ],
94 silly audit   'big.js': [ '5.2.2' ],
94 silly audit   'binary-extensions': [ '2.3.0' ],
94 silly audit   bluebird: [ '3.7.2' ],
94 silly audit   'body-parser': [ '1.20.3' ],
94 silly audit   debug: [ '2.6.9', '4.4.1', '3.2.7' ],
94 silly audit   'iconv-lite': [ '0.4.24', '0.6.3' ],
94 silly audit   ms: [ '2.0.0', '2.1.3' ],
94 silly audit   'bonjour-service': [ '1.3.0' ],
94 silly audit   boolbase: [ '1.0.0' ],
94 silly audit   'brace-expansion': [ '1.1.12', '2.0.2' ],
94 silly audit   braces: [ '3.0.3' ],
94 silly audit   'browser-process-hrtime': [ '1.0.0' ],
94 silly audit   browserslist: [ '4.25.4' ],
94 silly audit   bser: [ '2.1.1' ],
94 silly audit   'buffer-from': [ '1.1.2' ],
94 silly audit   'builtin-modules': [ '3.3.0' ],
94 silly audit   bytes: [ '3.1.2' ],
94 silly audit   'call-bind': [ '1.0.8' ],
94 silly audit   'call-bind-apply-helpers': [ '1.0.2' ],
94 silly audit   'call-bound': [ '1.0.4' ],
94 silly audit   callsites: [ '3.1.0' ],
94 silly audit   'camel-case': [ '4.1.2' ],
94 silly audit   'camelcase-css': [ '2.0.1' ],
94 silly audit   'caniuse-api': [ '3.0.0' ],
94 silly audit   'caniuse-lite': [ '1.0.30001741' ],
94 silly audit   'case-sensitive-paths-webpack-plugin': [ '2.4.0' ],
94 silly audit   chalk: [ '4.1.2', '2.4.2' ],
94 silly audit   'char-regex': [ '1.0.2', '2.0.2' ],
94 silly audit   'check-types': [ '11.2.3' ],
94 silly audit   chokidar: [ '3.6.0' ],
94 silly audit   'glob-parent': [ '5.1.2', '6.0.2' ],
94 silly audit   chownr: [ '3.0.0' ],
94 silly audit   'chrome-trace-event': [ '1.0.4' ],
94 silly audit   'ci-info': [ '3.9.0' ],
94 silly audit   'cjs-module-lexer': [ '1.4.3' ],
94 silly audit   'clean-css': [ '5.3.3' ],
94 silly audit   cliui: [ '7.0.4' ],
94 silly audit   co: [ '4.6.0' ],
94 silly audit   coa: [ '2.0.2' ],
94 silly audit   'color-convert': [ '1.9.3', '2.0.1' ],
94 silly audit   'color-name': [ '1.1.3', '1.1.4' ],
94 silly audit   'escape-string-regexp': [ '1.0.5', '4.0.0', '2.0.0' ],
94 silly audit   'has-flag': [ '3.0.0', '4.0.0' ],
94 silly audit   'supports-color': [ '5.5.0', '8.1.1', '7.2.0' ],
94 silly audit   'collect-v8-coverage': [ '1.0.2' ],
94 silly audit   colord: [ '2.9.3' ],
94 silly audit   colorette: [ '2.0.20' ],
94 silly audit   'combined-stream': [ '1.0.8' ],
94 silly audit   commander: [ '8.3.0', '7.2.0', '4.1.1', '2.20.3' ],
94 silly audit   'common-tags': [ '1.8.2' ],
94 silly audit   commondir: [ '1.0.1' ],
94 silly audit   compressible: [ '2.0.18' ],
94 silly audit   compression: [ '1.8.1' ],
94 silly audit   'concat-map': [ '0.0.1' ],
94 silly audit   'confusing-browser-globals': [ '1.0.11' ],
94 silly audit   'connect-history-api-fallback': [ '2.0.0' ],
94 silly audit   'content-disposition': [ '0.5.4' ],
94 silly audit   'content-type': [ '1.0.5' ],
94 silly audit   cookie: [ '1.0.2', '0.7.1' ],
94 silly audit   'cookie-signature': [ '1.0.6' ],
94 silly audit   'core-js': [ '3.45.1' ],
94 silly audit   'core-js-compat': [ '3.45.1' ],
94 silly audit   'core-js-pure': [ '3.45.1' ],
94 silly audit   'core-util-is': [ '1.0.3' ],
94 silly audit   cosmiconfig: [ '7.1.0', '6.0.0' ],
94 silly audit   'cross-spawn': [ '7.0.6' ],
94 silly audit   'crypto-random-string': [ '2.0.0' ],
94 silly audit   'css-blank-pseudo': [ '3.0.3' ],
94 silly audit   'css-declaration-sorter': [ '6.4.1' ],
94 silly audit   'css-has-pseudo': [ '3.0.4' ],
94 silly audit   'css-loader': [ '6.11.0' ],
94 silly audit   'css-minimizer-webpack-plugin': [ '3.4.1' ],
94 silly audit   'css-prefers-color-scheme': [ '6.0.3' ],
94 silly audit   'css-select': [ '4.3.0', '2.1.0' ],
94 silly audit   'css-select-base-adapter': [ '0.1.1' ],
94 silly audit   'css-tree': [ '1.0.0-alpha.37', '1.1.3' ],
94 silly audit   'css-what': [ '6.2.2', '3.4.2' ],
94 silly audit   'css.escape': [ '1.5.1' ],
94 silly audit   cssdb: [ '7.11.2' ],
94 silly audit   cssesc: [ '3.0.0' ],
94 silly audit   cssnano: [ '5.1.15' ],
94 silly audit   'cssnano-preset-default': [ '5.2.14' ],
94 silly audit   'cssnano-utils': [ '3.1.0' ],
94 silly audit   csso: [ '4.2.0' ],
94 silly audit   'mdn-data': [ '2.0.14', '2.0.4' ],
94 silly audit   cssom: [ '0.4.4', '0.3.8' ],
94 silly audit   cssstyle: [ '2.3.0' ],
94 silly audit   'damerau-levenshtein': [ '1.0.8' ],
94 silly audit   'data-urls': [ '2.0.0' ],
94 silly audit   'data-view-buffer': [ '1.0.2' ],
94 silly audit   'data-view-byte-length': [ '1.0.2' ],
94 silly audit   'data-view-byte-offset': [ '1.0.1' ],
94 silly audit   'decimal.js': [ '10.6.0' ],
94 silly audit   dedent: [ '0.7.0' ],
94 silly audit   'deep-is': [ '0.1.4' ],
94 silly audit   deepmerge: [ '4.3.1' ],
94 silly audit   'default-gateway': [ '6.0.3' ],
94 silly audit   'define-data-property': [ '1.1.4' ],
94 silly audit   'define-lazy-prop': [ '2.0.0' ],
94 silly audit   'define-properties': [ '1.2.1' ],
94 silly audit   'delayed-stream': [ '1.0.0' ],
94 silly audit   depd: [ '2.0.0', '1.1.2' ],
94 silly audit   dequal: [ '2.0.3' ],
94 silly audit   destroy: [ '1.2.0' ],
94 silly audit   'detect-libc': [ '2.0.4' ],
94 silly audit   'detect-newline': [ '3.1.0' ],
94 silly audit   'detect-node': [ '2.1.0' ],
94 silly audit   'detect-port-alt': [ '1.1.6' ],
94 silly audit   didyoumean: [ '1.2.2' ],
94 silly audit   'diff-sequences': [ '27.5.1' ],
94 silly audit   'dir-glob': [ '3.0.1' ],
94 silly audit   dlv: [ '1.1.3' ],
94 silly audit   'dns-packet': [ '5.6.1' ],
94 silly audit   doctrine: [ '3.0.0', '2.1.0' ],
94 silly audit   'dom-converter': [ '0.2.0' ],
94 silly audit   'dom-serializer': [ '1.4.1', '0.2.2' ],
94 silly audit   domelementtype: [ '2.3.0', '1.3.1' ],
94 silly audit   domexception: [ '2.0.1' ],
94 silly audit   'webidl-conversions': [ '5.0.0', '6.1.0', '4.0.2' ],
94 silly audit   domhandler: [ '4.3.1' ],
94 silly audit   domutils: [ '2.8.0', '1.7.0' ],
94 silly audit   'dot-case': [ '3.0.4' ],
94 silly audit   dotenv: [ '10.0.0' ],
94 silly audit   'dotenv-expand': [ '5.1.0' ],
94 silly audit   'dunder-proto': [ '1.0.1' ],
94 silly audit   duplexer: [ '0.1.2' ],
94 silly audit   eastasianwidth: [ '0.2.0' ],
94 silly audit   'ee-first': [ '1.1.1' ],
94 silly audit   ejs: [ '3.1.10' ],
94 silly audit   'electron-to-chromium': [ '1.5.216' ],
94 silly audit   emittery: [ '0.8.1', '0.10.2' ],
94 silly audit   'emoji-regex': [ '9.2.2', '8.0.0' ],
94 silly audit   'emojis-list': [ '3.0.0' ],
94 silly audit   encodeurl: [ '2.0.0', '1.0.2' ],
94 silly audit   'enhanced-resolve': [ '5.18.3' ],
94 silly audit   entities: [ '2.2.0' ],
94 silly audit   'error-ex': [ '1.3.2' ],
94 silly audit   'error-stack-parser': [ '2.1.4' ],
94 silly audit   'es-abstract': [ '1.24.0' ],
94 silly audit   'es-array-method-boxes-properly': [ '1.0.0' ],
94 silly audit   'es-define-property': [ '1.0.1' ],
94 silly audit   'es-errors': [ '1.3.0' ],
94 silly audit   'es-iterator-helpers': [ '1.2.1' ],
94 silly audit   'es-module-lexer': [ '1.7.0' ],
94 silly audit   'es-object-atoms': [ '1.1.1' ],
94 silly audit   'es-set-tostringtag': [ '2.1.0' ],
94 silly audit   'es-shim-unscopables': [ '1.1.0' ],
94 silly audit   'es-to-primitive': [ '1.3.0' ],
94 silly audit   escalade: [ '3.2.0' ],
94 silly audit   'escape-html': [ '1.0.3' ],
94 silly audit   escodegen: [ '2.1.0', '1.14.3' ],
94 silly audit   eslint: [ '8.57.1' ],
94 silly audit   'eslint-config-react-app': [ '7.0.1' ],
94 silly audit   'eslint-import-resolver-node': [ '0.3.9' ],
94 silly audit   'eslint-module-utils': [ '2.12.1' ],
94 silly audit   'eslint-plugin-flowtype': [ '8.0.3' ],
94 silly audit   'eslint-plugin-import': [ '2.32.0' ],
94 silly audit   'eslint-plugin-jest': [ '25.7.0' ],
94 silly audit   'eslint-plugin-jsx-a11y': [ '6.10.2' ],
94 silly audit   'eslint-plugin-react': [ '7.37.5' ],
94 silly audit   'eslint-plugin-react-hooks': [ '4.6.2' ],
94 silly audit   resolve: [ '2.0.0-next.5', '1.22.10' ],
94 silly audit   'eslint-plugin-testing-library': [ '5.11.1' ],
94 silly audit   'eslint-webpack-plugin': [ '3.2.0' ],
94 silly audit   'jest-worker': [ '28.1.3', '27.5.1', '26.6.2' ],
94 silly audit   'find-up': [ '5.0.0', '4.1.0', '3.0.0' ],
94 silly audit   'locate-path': [ '6.0.0', '5.0.0', '3.0.0' ],
94 silly audit   'p-limit': [ '3.1.0', '2.3.0' ],
94 silly audit   'p-locate': [ '5.0.0', '4.1.0', '3.0.0' ],
94 silly audit   espree: [ '9.6.1' ],
94 silly audit   esprima: [ '4.0.1', '1.2.2' ],
94 silly audit   esquery: [ '1.6.0' ],
94 silly audit   esrecurse: [ '4.3.0' ],
94 silly audit   'estree-walker': [ '1.0.1' ],
94 silly audit   esutils: [ '2.0.3' ],
94 silly audit   etag: [ '1.8.1' ],
94 silly audit   eventemitter3: [ '4.0.7' ],
94 silly audit   events: [ '3.3.0' ],
94 silly audit   execa: [ '5.1.1' ],
94 silly audit   exit: [ '0.1.2' ],
94 silly audit   expect: [ '27.5.1' ],
94 silly audit   express: [ '4.21.2' ],
94 silly audit   'fast-deep-equal': [ '3.1.3' ],
94 silly audit   'fast-glob': [ '3.3.3' ],
94 silly audit   'fast-json-stable-stringify': [ '2.1.0' ],
94 silly audit   'fast-levenshtein': [ '2.0.6' ],
94 silly audit   'fast-uri': [ '3.1.0' ],
94 silly audit   fastq: [ '1.19.1' ],
94 silly audit   'faye-websocket': [ '0.11.4' ],
94 silly audit   'fb-watchman': [ '2.0.2' ],
94 silly audit   'file-entry-cache': [ '6.0.1' ],
94 silly audit   'file-loader': [ '6.2.0' ],
94 silly audit   filelist: [ '1.0.4' ],
94 silly audit   minimatch: [ '5.1.6', '3.1.2', '9.0.5' ],
94 silly audit   filesize: [ '8.0.7' ],
94 silly audit   'fill-range': [ '7.1.1' ],
94 silly audit   finalhandler: [ '1.3.1' ],
94 silly audit   'find-cache-dir': [ '3.3.2' ],
94 silly audit   'flat-cache': [ '3.2.0' ],
94 silly audit   flatted: [ '3.3.3' ],
94 silly audit   'follow-redirects': [ '1.15.11' ],
94 silly audit   'for-each': [ '0.3.5' ],
94 silly audit   'foreground-child': [ '3.3.1' ],
94 silly audit   'signal-exit': [ '4.1.0', '3.0.7' ],
94 silly audit   'fork-ts-checker-webpack-plugin': [ '6.5.3' ],
94 silly audit   'fs-extra': [ '9.1.0', '10.1.0' ],
94 silly audit   tapable: [ '1.1.3', '2.2.3' ],
94 silly audit   'form-data': [ '3.0.4' ],
94 silly audit   forwarded: [ '0.2.0' ],
94 silly audit   'fraction.js': [ '4.3.7' ],
94 silly audit   'framer-motion': [ '12.23.12' ],
94 silly audit   fresh: [ '0.5.2' ],
94 silly audit   'fs-monkey': [ '1.1.0' ],
94 silly audit   'fs.realpath': [ '1.0.0' ],
94 silly audit   fsevents: [ '2.3.3' ],
94 silly audit   'function-bind': [ '1.1.2' ],
94 silly audit   'function.prototype.name': [ '1.1.8' ],
94 silly audit   'functions-have-names': [ '1.2.3' ],
94 silly audit   gensync: [ '1.0.0-beta.2' ],
94 silly audit   'get-caller-file': [ '2.0.5' ],
94 silly audit   'get-intrinsic': [ '1.3.0' ],
94 silly audit   'get-own-enumerable-property-symbols': [ '3.0.2' ],
94 silly audit   'get-package-type': [ '0.1.0' ],
94 silly audit   'get-proto': [ '1.0.1' ],
94 silly audit   'get-stream': [ '6.0.1' ],
94 silly audit   'get-symbol-description': [ '1.1.0' ],
94 silly audit   glob: [ '7.2.3', '10.4.5' ],
94 silly audit   'glob-to-regexp': [ '0.4.1' ],
94 silly audit   'global-modules': [ '2.0.0' ],
94 silly audit   'global-prefix': [ '3.0.0' ],
94 silly audit   which: [ '1.3.1', '2.0.2' ],
94 silly audit   globals: [ '13.24.0' ],
94 silly audit   globalthis: [ '1.0.4' ],
94 silly audit   globby: [ '11.1.0' ],
94 silly audit   gopd: [ '1.2.0' ],
94 silly audit   'graceful-fs': [ '4.2.11' ],
94 silly audit   graphemer: [ '1.4.0' ],
94 silly audit   'gzip-size': [ '6.0.0' ],
94 silly audit   'handle-thing': [ '2.0.1' ],
94 silly audit   'harmony-reflect': [ '1.6.2' ],
94 silly audit   'has-bigints': [ '1.1.0' ],
94 silly audit   'has-property-descriptors': [ '1.0.2' ],
94 silly audit   'has-proto': [ '1.2.0' ],
94 silly audit   'has-symbols': [ '1.1.0' ],
94 silly audit   'has-tostringtag': [ '1.0.2' ],
94 silly audit   hasown: [ '2.0.2' ],
94 silly audit   he: [ '1.2.0' ],
94 silly audit   hoopy: [ '0.1.4' ],
94 silly audit   'hpack.js': [ '2.1.6' ],
94 silly audit   isarray: [ '1.0.0', '2.0.5' ],
94 silly audit   'readable-stream': [ '2.3.8', '3.6.2' ],
94 silly audit   'safe-buffer': [ '5.1.2', '5.2.1' ],
94 silly audit   string_decoder: [ '1.1.1', '1.3.0' ],
94 silly audit   'html-encoding-sniffer': [ '2.0.1' ],
94 silly audit   'html-entities': [ '2.6.0' ],
94 silly audit   'html-escaper': [ '2.0.2' ],
94 silly audit   'html-minifier-terser': [ '6.1.0' ],
94 silly audit   'html-webpack-plugin': [ '5.6.4' ],
94 silly audit   htmlparser2: [ '6.1.0' ],
94 silly audit   'http-deceiver': [ '1.2.7' ],
94 silly audit   'http-errors': [ '2.0.0', '1.6.3' ],
94 silly audit   'http-parser-js': [ '0.5.10' ],
94 silly audit   'http-proxy': [ '1.18.1' ],
94 silly audit   'http-proxy-agent': [ '4.0.1' ],
94 silly audit   'http-proxy-middleware': [ '2.0.9' ],
94 silly audit   'https-proxy-agent': [ '5.0.1' ],
94 silly audit   'human-signals': [ '2.1.0' ],
94 silly audit   'icss-utils': [ '5.1.0' ],
94 silly audit   idb: [ '7.1.1' ],
94 silly audit   'identity-obj-proxy': [ '3.0.0' ],
94 silly audit   ignore: [ '5.3.2' ],
94 silly audit   immer: [ '9.0.21' ],
94 silly audit   'import-fresh': [ '3.3.1' ],
94 silly audit   'resolve-from': [ '4.0.0', '5.0.0' ],
94 silly audit   'import-local': [ '3.2.0' ],
94 silly audit   imurmurhash: [ '0.1.4' ],
94 silly audit   'indent-string': [ '4.0.0' ],
94 silly audit   inflight: [ '1.0.6' ],
94 silly audit   inherits: [ '2.0.4', '2.0.3' ],
94 silly audit   ini: [ '1.3.8' ],
94 silly audit   'internal-slot': [ '1.1.0' ],
94 silly audit   'ipaddr.js': [ '2.2.0', '1.9.1' ],
94 silly audit   'is-array-buffer': [ '3.0.5' ],
94 silly audit   'is-arrayish': [ '0.2.1' ],
94 silly audit   'is-async-function': [ '2.1.1' ],
94 silly audit   'is-bigint': [ '1.1.0' ],
94 silly audit   'is-binary-path': [ '2.1.0' ],
94 silly audit   'is-boolean-object': [ '1.2.2' ],
94 silly audit   'is-callable': [ '1.2.7' ],
94 silly audit   'is-core-module': [ '2.16.1' ],
94 silly audit   'is-data-view': [ '1.0.2' ],
94 silly audit   'is-date-object': [ '1.1.0' ],
94 silly audit   'is-docker': [ '2.2.1' ],
94 silly audit   'is-extglob': [ '2.1.1' ],
94 silly audit   'is-finalizationregistry': [ '1.1.1' ],
94 silly audit   'is-fullwidth-code-point': [ '3.0.0' ],
94 silly audit   'is-generator-fn': [ '2.1.0' ],
94 silly audit   'is-generator-function': [ '1.1.0' ],
94 silly audit   'is-glob': [ '4.0.3' ],
94 silly audit   'is-map': [ '2.0.3' ],
94 silly audit   'is-module': [ '1.0.0' ],
94 silly audit   'is-negative-zero': [ '2.0.3' ],
94 silly audit   'is-number': [ '7.0.0' ],
94 silly audit   'is-number-object': [ '1.1.1' ],
94 silly audit   'is-obj': [ '1.0.1' ],
94 silly audit   'is-path-inside': [ '3.0.3' ],
94 silly audit   'is-plain-obj': [ '3.0.0' ],
94 silly audit   'is-potential-custom-element-name': [ '1.0.1' ],
94 silly audit   'is-regex': [ '1.2.1' ],
94 silly audit   'is-regexp': [ '1.0.0' ],
94 silly audit   'is-root': [ '2.1.0' ],
94 silly audit   'is-set': [ '2.0.3' ],
94 silly audit   'is-shared-array-buffer': [ '1.0.4' ],
94 silly audit   'is-stream': [ '2.0.1' ],
94 silly audit   'is-string': [ '1.1.1' ],
94 silly audit   'is-symbol': [ '1.1.1' ],
94 silly audit   'is-typed-array': [ '1.1.15' ],
94 silly audit   'is-typedarray': [ '1.0.0' ],
94 silly audit   'is-weakmap': [ '2.0.2' ],
94 silly audit   'is-weakref': [ '1.1.1' ],
94 silly audit   'is-weakset': [ '2.0.4' ],
94 silly audit   'is-wsl': [ '2.2.0' ],
94 silly audit   isexe: [ '2.0.0' ],
94 silly audit   'istanbul-lib-coverage': [ '3.2.2' ],
94 silly audit   'istanbul-lib-instrument': [ '5.2.1' ],
94 silly audit   'istanbul-lib-report': [ '3.0.1' ],
94 silly audit   'make-dir': [ '4.0.0', '3.1.0' ],
94 silly audit   'istanbul-lib-source-maps': [ '4.0.1' ],
94 silly audit   'istanbul-reports': [ '3.2.0' ],
94 silly audit   'iterator.prototype': [ '1.1.5' ],
94 silly audit   jackspeak: [ '3.4.3' ],
94 silly audit   jake: [ '10.9.4' ],
94 silly audit   jest: [ '27.5.1' ],
94 silly audit   'jest-changed-files': [ '27.5.1' ],
94 silly audit   'jest-circus': [ '27.5.1' ],
94 silly audit   'jest-cli': [ '27.5.1' ],
94 silly audit   'jest-config': [ '27.5.1' ],
94 silly audit   'jest-diff': [ '27.5.1' ],
94 silly audit   'jest-docblock': [ '27.5.1' ],
94 silly audit   'jest-each': [ '27.5.1' ],
94 silly audit   'jest-environment-jsdom': [ '27.5.1' ],
94 silly audit   'jest-environment-node': [ '27.5.1' ],
94 silly audit   'jest-get-type': [ '27.5.1' ],
94 silly audit   'jest-haste-map': [ '27.5.1' ],
94 silly audit   'jest-jasmine2': [ '27.5.1' ],
94 silly audit   'jest-leak-detector': [ '27.5.1' ],
94 silly audit   'jest-matcher-utils': [ '27.5.1' ],
94 silly audit   'jest-message-util': [ '27.5.1', '28.1.3' ],
94 silly audit   'jest-mock': [ '27.5.1' ],
94 silly audit   'jest-pnp-resolver': [ '1.2.3' ],
94 silly audit   'jest-regex-util': [ '27.5.1', '28.0.2' ],
94 silly audit   'jest-resolve': [ '27.5.1' ],
94 silly audit   'jest-resolve-dependencies': [ '27.5.1' ],
94 silly audit   'jest-runner': [ '27.5.1' ],
94 silly audit   'jest-runtime': [ '27.5.1' ],
94 silly audit   'jest-serializer': [ '27.5.1' ],
94 silly audit   'jest-snapshot': [ '27.5.1' ],
94 silly audit   'jest-util': [ '27.5.1', '28.1.3' ],
94 silly audit   'jest-validate': [ '27.5.1' ],
94 silly audit   'jest-watch-typeahead': [ '1.1.0' ],
94 silly audit   slash: [ '3.0.0', '4.0.0' ],
94 silly audit   'jest-watcher': [ '28.1.3', '27.5.1' ],
94 silly audit   'string-length': [ '4.0.2', '5.0.1' ],
94 silly audit   'pretty-format': [ '28.1.3', '27.5.1' ],
94 silly audit   'react-is': [ '18.3.1', '16.13.1', '17.0.2' ],
94 silly audit   jiti: [ '2.5.1', '1.21.7' ],
94 silly audit   'js-tokens': [ '4.0.0' ],
94 silly audit   jsdom: [ '16.7.0' ],
94 silly audit   jsesc: [ '3.1.0', '3.0.2' ],
94 silly audit   'json-buffer': [ '3.0.1' ],
94 silly audit   'json-parse-even-better-errors': [ '2.3.1' ],
94 silly audit   'json-schema': [ '0.4.0' ],
94 silly audit   'json-stable-stringify-without-jsonify': [ '1.0.1' ],
94 silly audit   json5: [ '2.2.3', '1.0.2' ],
94 silly audit   jsonfile: [ '6.2.0' ],
94 silly audit   jsonpath: [ '1.1.1' ],
94 silly audit   jsonpointer: [ '5.0.1' ],
94 silly audit   'jsx-ast-utils': [ '3.3.5' ],
94 silly audit   keyv: [ '4.5.4' ],
94 silly audit   'kind-of': [ '6.0.3' ],
94 silly audit   kleur: [ '3.0.3' ],
94 silly audit   klona: [ '2.0.6' ],
94 silly audit   'language-subtag-registry': [ '0.3.23' ],
94 silly audit   'language-tags': [ '1.0.9' ],
94 silly audit   'launch-editor': [ '2.11.1' ],
94 silly audit   leven: [ '3.1.0' ],
94 silly audit   levn: [ '0.4.1', '0.3.0' ],
94 silly audit   lightningcss: [ '1.30.1' ],
94 silly audit   'lightningcss-darwin-arm64': [ '1.30.1' ],
94 silly audit   'lightningcss-darwin-x64': [ '1.30.1' ],
94 silly audit   'lightningcss-freebsd-x64': [ '1.30.1' ],
94 silly audit   'lightningcss-linux-arm-gnueabihf': [ '1.30.1' ],
94 silly audit   'lightningcss-linux-arm64-gnu': [ '1.30.1' ],
94 silly audit   'lightningcss-linux-arm64-musl': [ '1.30.1' ],
94 silly audit   'lightningcss-linux-x64-gnu': [ '1.30.1' ],
94 silly audit   'lightningcss-linux-x64-musl': [ '1.30.1' ],
94 silly audit   'lightningcss-win32-arm64-msvc': [ '1.30.1' ],
94 silly audit   'lightningcss-win32-x64-msvc': [ '1.30.1' ],
94 silly audit   lilconfig: [ '2.1.0', '3.1.3' ],
94 silly audit   'lines-and-columns': [ '1.2.4' ],
94 silly audit   'loader-runner': [ '4.3.0' ],
94 silly audit   'loader-utils': [ '2.0.4', '3.3.1' ],
94 silly audit   lodash: [ '4.17.21' ],
94 silly audit   'lodash.debounce': [ '4.0.8' ],
94 silly audit   'lodash.memoize': [ '4.1.2' ],
94 silly audit   'lodash.merge': [ '4.6.2' ],
94 silly audit   'lodash.sortby': [ '4.7.0' ],
94 silly audit   'lodash.uniq': [ '4.5.0' ],
94 silly audit   'loose-envify': [ '1.4.0' ],
94 silly audit   'lower-case': [ '2.0.2' ],
94 silly audit   'lru-cache': [ '5.1.1', '10.4.3' ],
94 silly audit   'lz-string': [ '1.5.0' ],
94 silly audit   makeerror: [ '1.0.12' ],
94 silly audit   'math-intrinsics': [ '1.1.0' ],
94 silly audit   'media-typer': [ '0.3.0' ],
94 silly audit   memfs: [ '3.5.3' ],
94 silly audit   'merge-descriptors': [ '1.0.3' ],
94 silly audit   'merge-stream': [ '2.0.0' ],
94 silly audit   merge2: [ '1.4.1' ],
94 silly audit   methods: [ '1.1.2' ],
94 silly audit   micromatch: [ '4.0.8' ],
94 silly audit   mime: [ '1.6.0' ],
94 silly audit   'mime-db': [ '1.52.0' ],
94 silly audit   'mime-types': [ '2.1.35' ],
94 silly audit   'mimic-fn': [ '2.1.0' ],
94 silly audit   'min-indent': [ '1.0.1' ],
94 silly audit   'mini-css-extract-plugin': [ '2.9.4' ],
94 silly audit   'minimalistic-assert': [ '1.0.1' ],
94 silly audit   minimist: [ '1.2.8' ],
94 silly audit   minipass: [ '7.1.2' ],
94 silly audit   minizlib: [ '3.0.2' ],
94 silly audit   mkdirp: [ '0.5.6', '3.0.1' ],
94 silly audit   'motion-dom': [ '12.23.12' ],
94 silly audit   'motion-utils': [ '12.23.6' ],
94 silly audit   'multicast-dns': [ '7.2.5' ],
94 silly audit   mz: [ '2.7.0' ],
94 silly audit   nanoid: [ '3.3.11' ],
94 silly audit   'natural-compare': [ '1.4.0' ],
94 silly audit   'natural-compare-lite': [ '1.4.0' ],
94 silly audit   'neo-async': [ '2.6.2' ],
94 silly audit   'no-case': [ '3.0.4' ],
94 silly audit   'node-forge': [ '1.3.1' ],
94 silly audit   'node-int64': [ '0.4.0' ],
94 silly audit   'node-releases': [ '2.0.20' ],
94 silly audit   'normalize-path': [ '3.0.0' ],
94 silly audit   'normalize-range': [ '0.1.2' ],
94 silly audit   'normalize-url': [ '6.1.0' ],
94 silly audit   'npm-run-path': [ '4.0.1' ],
94 silly audit   'nth-check': [ '2.1.1', '1.0.2' ],
94 silly audit   nwsapi: [ '2.2.22' ],
94 silly audit   'object-assign': [ '4.1.1' ],
94 silly audit   'object-hash': [ '3.0.0' ],
94 silly audit   'object-inspect': [ '1.13.4' ],
94 silly audit   'object-keys': [ '1.1.1' ],
94 silly audit   'object.assign': [ '4.1.7' ],
94 silly audit   'object.entries': [ '1.1.9' ],
94 silly audit   'object.fromentries': [ '2.0.8' ],
94 silly audit   'object.getownpropertydescriptors': [ '2.1.8' ],
94 silly audit   'object.groupby': [ '1.0.3' ],
94 silly audit   'object.values': [ '1.2.1' ],
94 silly audit   obuf: [ '1.1.2' ],
94 silly audit   'on-finished': [ '2.4.1' ],
94 silly audit   'on-headers': [ '1.1.0' ],
94 silly audit   once: [ '1.4.0' ],
94 silly audit   onetime: [ '5.1.2' ],
94 silly audit   open: [ '8.4.2' ],
94 silly audit   optionator: [ '0.9.4', '0.8.3' ],
94 silly audit   'own-keys': [ '1.0.1' ],
94 silly audit   'p-retry': [ '4.6.2' ],
94 silly audit   'p-try': [ '2.2.0' ],
94 silly audit   'package-json-from-dist': [ '1.0.1' ],
94 silly audit   'param-case': [ '3.0.4' ],
94 silly audit   'parent-module': [ '1.0.1' ],
94 silly audit   'parse-json': [ '5.2.0' ],
94 silly audit   parse5: [ '6.0.1' ],
94 silly audit   parseurl: [ '1.3.3' ],
94 silly audit   'pascal-case': [ '3.1.2' ],
94 silly audit   'path-exists': [ '4.0.0', '3.0.0' ],
94 silly audit   'path-is-absolute': [ '1.0.1' ],
94 silly audit   'path-key': [ '3.1.1' ],
94 silly audit   'path-parse': [ '1.0.7' ],
94 silly audit   'path-scurry': [ '1.11.1' ],
94 silly audit   'path-to-regexp': [ '0.1.12' ],
94 silly audit   'path-type': [ '4.0.0' ],
94 silly audit   'performance-now': [ '2.1.0' ],
94 silly audit   picocolors: [ '1.1.1', '0.2.1' ],
94 silly audit   picomatch: [ '2.3.1' ],
94 silly audit   pify: [ '2.3.0' ],
94 silly audit   pirates: [ '4.0.7' ],
94 silly audit   'pkg-dir': [ '4.2.0' ],
94 silly audit   'pkg-up': [ '3.1.0' ],
94 silly audit   'possible-typed-array-names': [ '1.1.0' ],
94 silly audit   postcss: [ '7.0.39', '8.4.27', '8.5.6' ],
94 silly audit   'postcss-attribute-case-insensitive': [ '5.0.2' ],
94 silly audit   'postcss-browser-comments': [ '4.0.0' ],
94 silly audit   'postcss-calc': [ '8.2.4' ],
94 silly audit   'postcss-clamp': [ '4.1.0' ],
94 silly audit   'postcss-color-functional-notation': [ '4.2.4' ],
94 silly audit   'postcss-color-hex-alpha': [ '8.0.4' ],
94 silly audit   'postcss-color-rebeccapurple': [ '7.1.1' ],
94 silly audit   'postcss-colormin': [ '5.3.1' ],
94 silly audit   'postcss-convert-values': [ '5.1.3' ],
94 silly audit   'postcss-custom-media': [ '8.0.2' ],
94 silly audit   'postcss-custom-properties': [ '12.1.11' ],
94 silly audit   'postcss-custom-selectors': [ '6.0.3' ],
94 silly audit   'postcss-dir-pseudo-class': [ '6.0.5' ],
94 silly audit   'postcss-discard-comments': [ '5.1.2' ],
94 silly audit   'postcss-discard-duplicates': [ '5.1.0' ],
94 silly audit   'postcss-discard-empty': [ '5.1.1' ],
94 silly audit   'postcss-discard-overridden': [ '5.1.0' ],
94 silly audit   'postcss-double-position-gradients': [ '3.1.2' ],
94 silly audit   'postcss-env-function': [ '4.0.6' ],
94 silly audit   'postcss-flexbugs-fixes': [ '5.0.2' ],
94 silly audit   'postcss-focus-visible': [ '6.0.4' ],
94 silly audit   'postcss-focus-within': [ '5.0.4' ],
94 silly audit   'postcss-font-variant': [ '5.0.0' ],
94 silly audit   'postcss-gap-properties': [ '3.0.5' ],
94 silly audit   'postcss-image-set-function': [ '4.0.7' ],
94 silly audit   'postcss-import': [ '15.1.0' ],
94 silly audit   'postcss-initial': [ '4.0.1' ],
94 silly audit   'postcss-js': [ '4.0.1' ],
94 silly audit   'postcss-lab-function': [ '4.2.1' ],
94 silly audit   'postcss-load-config': [ '4.0.2' ],
94 silly audit   yaml: [ '2.8.1', '1.10.2' ],
94 silly audit   'postcss-loader': [ '6.2.1' ],
94 silly audit   'postcss-logical': [ '5.0.4' ],
94 silly audit   'postcss-media-minmax': [ '5.0.0' ],
94 silly audit   'postcss-merge-longhand': [ '5.1.7' ],
94 silly audit   'postcss-merge-rules': [ '5.1.4' ],
94 silly audit   'postcss-minify-font-values': [ '5.1.0' ],
94 silly audit   'postcss-minify-gradients': [ '5.1.1' ],
94 silly audit   'postcss-minify-params': [ '5.1.4' ],
94 silly audit   'postcss-minify-selectors': [ '5.2.1' ],
94 silly audit   'postcss-modules-extract-imports': [ '3.1.0' ],
94 silly audit   'postcss-modules-local-by-default': [ '4.2.0' ],
94 silly audit   'postcss-selector-parser': [ '7.1.0', '6.1.2' ],
94 silly audit   'postcss-modules-scope': [ '3.2.1' ],
94 silly audit   'postcss-modules-values': [ '4.0.0' ],
94 silly audit   'postcss-nested': [ '6.2.0' ],
94 silly audit   'postcss-nesting': [ '10.2.0' ],
94 silly audit   'postcss-normalize': [ '10.0.1' ],
94 silly audit   'postcss-normalize-charset': [ '5.1.0' ],
94 silly audit   'postcss-normalize-display-values': [ '5.1.0' ],
94 silly audit   'postcss-normalize-positions': [ '5.1.1' ],
94 silly audit   'postcss-normalize-repeat-style': [ '5.1.1' ],
94 silly audit   'postcss-normalize-string': [ '5.1.0' ],
94 silly audit   'postcss-normalize-timing-functions': [ '5.1.0' ],
94 silly audit   'postcss-normalize-unicode': [ '5.1.1' ],
94 silly audit   'postcss-normalize-url': [ '5.1.0' ],
94 silly audit   'postcss-normalize-whitespace': [ '5.1.1' ],
94 silly audit   'postcss-opacity-percentage': [ '1.1.3' ],
94 silly audit   'postcss-ordered-values': [ '5.1.3' ],
94 silly audit   'postcss-overflow-shorthand': [ '3.0.4' ],
94 silly audit   'postcss-page-break': [ '3.0.4' ],
94 silly audit   'postcss-place': [ '7.0.5' ],
94 silly audit   'postcss-preset-env': [ '7.8.3' ],
94 silly audit   'postcss-pseudo-class-any-link': [ '7.1.6' ],
94 silly audit   'postcss-reduce-initial': [ '5.1.2' ],
94 silly audit   'postcss-reduce-transforms': [ '5.1.0' ],
94 silly audit   'postcss-replace-overflow-wrap': [ '4.0.0' ],
94 silly audit   'postcss-selector-not': [ '6.0.1' ],
94 silly audit   'postcss-svgo': [ '5.1.0' ],
94 silly audit   svgo: [ '2.8.0', '1.3.2' ],
94 silly audit   'postcss-unique-selectors': [ '5.1.1' ],
94 silly audit   'postcss-value-parser': [ '4.2.0' ],
94 silly audit   'prelude-ls': [ '1.2.1', '1.1.2' ],
94 silly audit   'pretty-bytes': [ '5.6.0' ],
94 silly audit   'pretty-error': [ '4.0.0' ],
94 silly audit   'process-nextick-args': [ '2.0.1' ],
94 silly audit   promise: [ '8.3.0' ],
94 silly audit   prompts: [ '2.4.2' ],
94 silly audit   'prop-types': [ '15.8.1' ],
94 silly audit   'proxy-addr': [ '2.0.7' ],
94 silly audit   psl: [ '1.15.0' ],
94 silly audit   punycode: [ '2.3.1' ],
94 silly audit   q: [ '1.5.1' ],
94 silly audit   qs: [ '6.13.0' ],
94 silly audit   querystringify: [ '2.2.0' ],
94 silly audit   'queue-microtask': [ '1.2.3' ],
94 silly audit   raf: [ '3.4.1' ],
94 silly audit   randombytes: [ '2.1.0' ],
94 silly audit   'range-parser': [ '1.2.1' ],
94 silly audit   'raw-body': [ '2.5.2' ],
94 silly audit   react: [ '19.1.1' ],
94 silly audit   'react-app-polyfill': [ '3.0.0' ],
94 silly audit   'react-dev-utils': [ '12.0.1' ],
94 silly audit   'react-dom': [ '19.1.1' ],
94 silly audit   'react-error-overlay': [ '6.1.0' ],
94 silly audit   'react-refresh': [ '0.11.0' ],
94 silly audit   'react-router': [ '7.8.2' ],
94 silly audit   'react-router-dom': [ '7.8.2' ],
94 silly audit   'react-scripts': [ '5.0.1' ],
94 silly audit   tailwindcss: [ '3.4.17', '3.3.3', '4.1.13' ],
94 silly audit   'read-cache': [ '1.0.0' ],
94 silly audit   readdirp: [ '3.6.0' ],
94 silly audit   'recursive-readdir': [ '2.2.3' ],
94 silly audit   redent: [ '3.0.0' ],
94 silly audit   'reflect.getprototypeof': [ '1.0.10' ],
94 silly audit   regenerate: [ '1.4.2' ],
94 silly audit   'regenerate-unicode-properties': [ '10.2.2' ],
94 silly audit   'regenerator-runtime': [ '0.13.11' ],
94 silly audit   'regex-parser': [ '2.3.1' ],
94 silly audit   'regexp.prototype.flags': [ '1.5.4' ],
94 silly audit   'regexpu-core': [ '6.3.1' ],
94 silly audit   regjsgen: [ '0.8.0' ],
94 silly audit   regjsparser: [ '0.12.0' ],
94 silly audit   relateurl: [ '0.2.7' ],
94 silly audit   renderkid: [ '3.0.0' ],
94 silly audit   'require-directory': [ '2.1.1' ],
94 silly audit   'require-from-string': [ '2.0.2' ],
94 silly audit   'requires-port': [ '1.0.0' ],
94 silly audit   'resolve-cwd': [ '3.0.0' ],
94 silly audit   'resolve-url-loader': [ '4.0.0' ],
94 silly audit   'resolve.exports': [ '1.1.1' ],
94 silly audit   retry: [ '0.13.1' ],
94 silly audit   reusify: [ '1.1.0' ],
94 silly audit   rimraf: [ '3.0.2' ],
94 silly audit   rollup: [ '2.79.2' ],
94 silly audit   'rollup-plugin-terser': [ '7.0.2' ],
94 silly audit   'serialize-javascript': [ '4.0.0', '6.0.2' ],
94 silly audit   'run-parallel': [ '1.2.0' ],
94 silly audit   'safe-array-concat': [ '1.1.3' ],
94 silly audit   'safe-push-apply': [ '1.0.0' ],
94 silly audit   'safe-regex-test': [ '1.1.0' ],
94 silly audit   'safer-buffer': [ '2.1.2' ],
94 silly audit   'sanitize.css': [ '13.0.0' ],
94 silly audit   'sass-loader': [ '12.6.0' ],
94 silly audit   sax: [ '1.2.4' ],
94 silly audit   saxes: [ '5.0.1' ],
94 silly audit   scheduler: [ '0.26.0' ],
94 silly audit   'select-hose': [ '2.0.0' ],
94 silly audit   selfsigned: [ '2.4.1' ],
94 silly audit   send: [ '0.19.0' ],
94 silly audit   'serve-index': [ '1.9.1' ],
94 silly audit   setprototypeof: [ '1.1.0', '1.2.0' ],
94 silly audit   statuses: [ '1.5.0', '2.0.1' ],
94 silly audit   'serve-static': [ '1.16.2' ],
94 silly audit   'set-cookie-parser': [ '2.7.1' ],
94 silly audit   'set-function-length': [ '1.2.2' ],
94 silly audit   'set-function-name': [ '2.0.2' ],
94 silly audit   'set-proto': [ '1.0.0' ],
94 silly audit   'shebang-command': [ '2.0.0' ],
94 silly audit   'shebang-regex': [ '3.0.0' ],
94 silly audit   'shell-quote': [ '1.8.3' ],
94 silly audit   'side-channel': [ '1.1.0' ],
94 silly audit   'side-channel-list': [ '1.0.0' ],
94 silly audit   'side-channel-map': [ '1.0.1' ],
94 silly audit   'side-channel-weakmap': [ '1.0.2' ],
94 silly audit   sisteransi: [ '1.0.5' ],
94 silly audit   sockjs: [ '0.3.24' ],
94 silly audit   'source-list-map': [ '2.0.1' ],
94 silly audit   'source-map-js': [ '1.2.1' ],
94 silly audit   'source-map-loader': [ '3.0.2' ],
94 silly audit   'source-map-support': [ '0.5.21' ],
94 silly audit   'sourcemap-codec': [ '1.4.8' ],
94 silly audit   spdy: [ '4.0.2' ],
94 silly audit   'spdy-transport': [ '3.0.0' ],
94 silly audit   'sprintf-js': [ '1.0.3' ],
94 silly audit   stable: [ '0.1.8' ],
94 silly audit   'stack-utils': [ '2.0.6' ],
94 silly audit   stackframe: [ '1.3.4' ],
94 silly audit   'static-eval': [ '2.0.2' ],
94 silly audit   'type-check': [ '0.3.2', '0.4.0' ],
94 silly audit   'stop-iteration-iterator': [ '1.1.0' ],
94 silly audit   'string-natural-compare': [ '3.0.1' ],
94 silly audit   'string.prototype.includes': [ '2.0.1' ],
94 silly audit   'string.prototype.matchall': [ '4.0.12' ],
94 silly audit   'string.prototype.repeat': [ '1.0.0' ],
94 silly audit   'string.prototype.trim': [ '1.2.10' ],
94 silly audit   'string.prototype.trimend': [ '1.0.9' ],
94 silly audit   'string.prototype.trimstart': [ '1.0.8' ],
94 silly audit   'stringify-object': [ '3.3.0' ],
94 silly audit   'strip-bom': [ '4.0.0', '3.0.0' ],
94 silly audit   'strip-comments': [ '2.0.1' ],
94 silly audit   'strip-final-newline': [ '2.0.0' ],
94 silly audit   'strip-indent': [ '3.0.0' ],
94 silly audit   'strip-json-comments': [ '3.1.1' ],
94 silly audit   'style-loader': [ '3.3.4' ],
94 silly audit   stylehacks: [ '5.1.1' ],
94 silly audit   sucrase: [ '3.35.0' ],
94 silly audit   'supports-hyperlinks': [ '2.3.0' ],
94 silly audit   'supports-preserve-symlinks-flag': [ '1.0.0' ],
94 silly audit   'svg-parser': [ '2.0.4' ],
94 silly audit   'symbol-tree': [ '3.2.4' ],
94 silly audit   tar: [ '7.4.3' ],
94 silly audit   yallist: [ '5.0.0', '3.1.1' ],
94 silly audit   'temp-dir': [ '2.0.0' ],
94 silly audit   tempy: [ '0.6.0' ],
94 silly audit   'terminal-link': [ '2.1.1' ],
94 silly audit   terser: [ '5.44.0' ],
94 silly audit   'terser-webpack-plugin': [ '5.3.14' ],
94 silly audit   'test-exclude': [ '6.0.0' ],
94 silly audit   'text-table': [ '0.2.0' ],
94 silly audit   thenify: [ '3.3.1' ],
94 silly audit   'thenify-all': [ '1.6.0' ],
94 silly audit   throat: [ '6.0.2' ],
94 silly audit   thunky: [ '1.1.0' ],
94 silly audit   tmpl: [ '1.0.5' ],
94 silly audit   'to-regex-range': [ '5.0.1' ],
94 silly audit   toidentifier: [ '1.0.1' ],
94 silly audit   'tough-cookie': [ '4.1.4' ],
94 silly audit   universalify: [ '0.2.0', '2.0.1' ],
94 silly audit   tr46: [ '2.1.0', '1.0.1' ],
94 silly audit   tryer: [ '1.0.1' ],
94 silly audit   'ts-interface-checker': [ '0.1.13' ],
94 silly audit   'tsconfig-paths': [ '3.15.0' ],
94 silly audit   tslib: [ '2.8.1', '1.14.1' ],
94 silly audit   tsutils: [ '3.21.0' ],
94 silly audit   'type-detect': [ '4.0.8' ],
94 silly audit   'type-is': [ '1.6.18' ],
94 silly audit   'typed-array-buffer': [ '1.0.3' ],
94 silly audit   'typed-array-byte-length': [ '1.0.3' ],
94 silly audit   'typed-array-byte-offset': [ '1.0.4' ],
94 silly audit   'typed-array-length': [ '1.0.7' ],
94 silly audit   'typedarray-to-buffer': [ '3.1.5' ],
94 silly audit   typescript: [ '4.9.5' ],
94 silly audit   'unbox-primitive': [ '1.1.0' ],
94 silly audit   underscore: [ '1.12.1' ],
94 silly audit   'undici-types': [ '7.10.0' ],
94 silly audit   'unicode-canonical-property-names-ecmascript': [ '2.0.1' ],
94 silly audit   'unicode-match-property-ecmascript': [ '2.0.0' ],
94 silly audit   'unicode-match-property-value-ecmascript': [ '2.2.1' ],
94 silly audit   'unicode-property-aliases-ecmascript': [ '2.1.0' ],
94 silly audit   'unique-string': [ '2.0.0' ],
94 silly audit   unpipe: [ '1.0.0' ],
94 silly audit   unquote: [ '1.1.1' ],
94 silly audit   upath: [ '1.2.0' ],
94 silly audit   'update-browserslist-db': [ '1.1.3' ],
94 silly audit   'uri-js': [ '4.4.1' ],
94 silly audit   'url-parse': [ '1.5.10' ],
94 silly audit   'util-deprecate': [ '1.0.2' ],
94 silly audit   'util.promisify': [ '1.0.1' ],
94 silly audit   utila: [ '0.4.0' ],
94 silly audit   'utils-merge': [ '1.0.1' ],
94 silly audit   uuid: [ '8.3.2' ],
94 silly audit   'v8-to-istanbul': [ '8.1.1' ],
94 silly audit   vary: [ '1.1.2' ],
94 silly audit   'w3c-hr-time': [ '1.0.2' ],
94 silly audit   'w3c-xmlserializer': [ '2.0.0' ],
94 silly audit   walker: [ '1.0.8' ],
94 silly audit   watchpack: [ '2.4.4' ],
94 silly audit   wbuf: [ '1.7.3' ],
94 silly audit   'web-vitals': [ '2.1.4' ],
94 silly audit   webpack: [ '5.101.3' ],
94 silly audit   'webpack-dev-middleware': [ '5.3.4' ],
94 silly audit   'webpack-dev-server': [ '4.15.2' ],
94 silly audit   ws: [ '8.18.3', '7.5.10' ],
94 silly audit   'webpack-manifest-plugin': [ '4.1.1' ],
94 silly audit   'webpack-sources': [ '2.3.1', '3.3.3', '1.4.3' ],
94 silly audit   'websocket-driver': [ '0.7.4' ],
94 silly audit   'websocket-extensions': [ '0.1.4' ],
94 silly audit   'whatwg-encoding': [ '1.0.5' ],
94 silly audit   'whatwg-fetch': [ '3.6.20' ],
94 silly audit   'whatwg-mimetype': [ '2.3.0' ],
94 silly audit   'whatwg-url': [ '8.7.0', '7.1.0' ],
94 silly audit   'which-boxed-primitive': [ '1.1.1' ],
94 silly audit   'which-builtin-type': [ '1.2.1' ],
94 silly audit   'which-collection': [ '1.0.2' ],
94 silly audit   'which-typed-array': [ '1.1.19' ],
94 silly audit   'word-wrap': [ '1.2.5' ],
94 silly audit   'workbox-background-sync': [ '6.6.0' ],
94 silly audit   'workbox-broadcast-update': [ '6.6.0' ],
94 silly audit   'workbox-build': [ '6.6.0' ],
94 silly audit   '@apideck/better-ajv-errors': [ '0.3.6' ],
94 silly audit   'workbox-cacheable-response': [ '6.6.0' ],
94 silly audit   'workbox-core': [ '6.6.0' ],
94 silly audit   'workbox-expiration': [ '6.6.0' ],
94 silly audit   'workbox-google-analytics': [ '6.6.0' ],
94 silly audit   'workbox-navigation-preload': [ '6.6.0' ],
94 silly audit   'workbox-precaching': [ '6.6.0' ],
94 silly audit   'workbox-range-requests': [ '6.6.0' ],
94 silly audit   'workbox-recipes': [ '6.6.0' ],
94 silly audit   'workbox-routing': [ '6.6.0' ],
94 silly audit   'workbox-strategies': [ '6.6.0' ],
94 silly audit   'workbox-streams': [ '6.6.0' ],
94 silly audit   'workbox-sw': [ '6.6.0' ],
94 silly audit   'workbox-webpack-plugin': [ '6.6.0' ],
94 silly audit   'workbox-window': [ '6.6.0' ],
94 silly audit   wrappy: [ '1.0.2' ],
94 silly audit   'write-file-atomic': [ '3.0.3' ],
94 silly audit   'xml-name-validator': [ '3.0.0' ],
94 silly audit   xmlchars: [ '2.2.0' ],
94 silly audit   y18n: [ '5.0.8' ],
94 silly audit   yargs: [ '16.2.0' ],
94 silly audit   'yargs-parser': [ '20.2.9' ],
94 silly audit   'yocto-queue': [ '0.1.0' ],
94 silly audit   autoprefixer: [ '10.4.14' ],
94 silly audit   '@tailwindcss/oxide-wasm32-wasi': [ '4.1.13' ]
94 silly audit }
95 verbose reify failed optional dependency /home/ubuntu/frontend/node_modules/lightningcss-win32-x64-msvc
96 silly reify mark deleted [ '/home/ubuntu/frontend/node_modules/lightningcss-win32-x64-msvc' ]
97 verbose reify failed optional dependency /home/ubuntu/frontend/node_modules/lightningcss-win32-arm64-msvc
98 silly reify mark deleted [ '/home/ubuntu/frontend/node_modules/lightningcss-win32-arm64-msvc' ]
99 verbose reify failed optional dependency /home/ubuntu/frontend/node_modules/lightningcss-linux-arm64-musl
100 silly reify mark deleted [ '/home/ubuntu/frontend/node_modules/lightningcss-linux-arm64-musl' ]
101 verbose reify failed optional dependency /home/ubuntu/frontend/node_modules/lightningcss-linux-arm64-gnu
102 silly reify mark deleted [ '/home/ubuntu/frontend/node_modules/lightningcss-linux-arm64-gnu' ]
103 verbose reify failed optional dependency /home/ubuntu/frontend/node_modules/lightningcss-linux-arm-gnueabihf
104 silly reify mark deleted [
104 silly reify   '/home/ubuntu/frontend/node_modules/lightningcss-linux-arm-gnueabihf'
104 silly reify ]
105 verbose reify failed optional dependency /home/ubuntu/frontend/node_modules/lightningcss-freebsd-x64
106 silly reify mark deleted [ '/home/ubuntu/frontend/node_modules/lightningcss-freebsd-x64' ]
107 verbose reify failed optional dependency /home/ubuntu/frontend/node_modules/lightningcss-darwin-x64
108 silly reify mark deleted [ '/home/ubuntu/frontend/node_modules/lightningcss-darwin-x64' ]
109 verbose reify failed optional dependency /home/ubuntu/frontend/node_modules/lightningcss-darwin-arm64
110 silly reify mark deleted [ '/home/ubuntu/frontend/node_modules/lightningcss-darwin-arm64' ]
111 verbose reify failed optional dependency /home/ubuntu/frontend/node_modules/fsevents
112 silly reify mark deleted [ '/home/ubuntu/frontend/node_modules/fsevents' ]
113 verbose reify failed optional dependency /home/ubuntu/frontend/node_modules/@tailwindcss/oxide-win32-x64-msvc
114 silly reify mark deleted [
114 silly reify   '/home/ubuntu/frontend/node_modules/@tailwindcss/oxide-win32-x64-msvc'
114 silly reify ]
115 verbose reify failed optional dependency /home/ubuntu/frontend/node_modules/@tailwindcss/oxide-win32-arm64-msvc
116 silly reify mark deleted [
116 silly reify   '/home/ubuntu/frontend/node_modules/@tailwindcss/oxide-win32-arm64-msvc'
116 silly reify ]
117 verbose reify failed optional dependency /home/ubuntu/frontend/node_modules/@tailwindcss/oxide-linux-arm64-musl
118 silly reify mark deleted [
118 silly reify   '/home/ubuntu/frontend/node_modules/@tailwindcss/oxide-linux-arm64-musl'
118 silly reify ]
119 verbose reify failed optional dependency /home/ubuntu/frontend/node_modules/@tailwindcss/oxide-linux-arm64-gnu
120 silly reify mark deleted [
120 silly reify   '/home/ubuntu/frontend/node_modules/@tailwindcss/oxide-linux-arm64-gnu'
120 silly reify ]
121 verbose reify failed optional dependency /home/ubuntu/frontend/node_modules/@tailwindcss/oxide-linux-arm-gnueabihf
122 silly reify mark deleted [
122 silly reify   '/home/ubuntu/frontend/node_modules/@tailwindcss/oxide-linux-arm-gnueabihf'
122 silly reify ]
123 verbose reify failed optional dependency /home/ubuntu/frontend/node_modules/@tailwindcss/oxide-freebsd-x64
124 silly reify mark deleted [ '/home/ubuntu/frontend/node_modules/@tailwindcss/oxide-freebsd-x64' ]
125 verbose reify failed optional dependency /home/ubuntu/frontend/node_modules/@tailwindcss/oxide-darwin-x64
126 silly reify mark deleted [ '/home/ubuntu/frontend/node_modules/@tailwindcss/oxide-darwin-x64' ]
127 verbose reify failed optional dependency /home/ubuntu/frontend/node_modules/@tailwindcss/oxide-darwin-arm64
128 silly reify mark deleted [
128 silly reify   '/home/ubuntu/frontend/node_modules/@tailwindcss/oxide-darwin-arm64'
128 silly reify ]
129 verbose reify failed optional dependency /home/ubuntu/frontend/node_modules/@tailwindcss/oxide-android-arm64
130 silly reify mark deleted [
130 silly reify   '/home/ubuntu/frontend/node_modules/@tailwindcss/oxide-android-arm64'
130 silly reify ]
131 timing reifyNode:node_modules/lightningcss-win32-x64-msvc Completed in 12ms
132 timing reifyNode:node_modules/lightningcss-win32-arm64-msvc Completed in 12ms
133 timing reifyNode:node_modules/lightningcss-linux-arm64-musl Completed in 13ms
134 timing reifyNode:node_modules/lightningcss-linux-arm64-gnu Completed in 13ms
135 timing reifyNode:node_modules/lightningcss-linux-arm-gnueabihf Completed in 12ms
136 timing reifyNode:node_modules/lightningcss-freebsd-x64 Completed in 12ms
137 timing reifyNode:node_modules/lightningcss-darwin-x64 Completed in 11ms
138 timing reifyNode:node_modules/lightningcss-darwin-arm64 Completed in 11ms
139 timing reifyNode:node_modules/fsevents Completed in 12ms
140 timing reifyNode:node_modules/@tailwindcss/oxide-win32-x64-msvc Completed in 12ms
141 timing reifyNode:node_modules/@tailwindcss/oxide-win32-arm64-msvc Completed in 12ms
142 timing reifyNode:node_modules/@tailwindcss/oxide-linux-arm64-musl Completed in 12ms
143 timing reifyNode:node_modules/@tailwindcss/oxide-linux-arm64-gnu Completed in 11ms
144 timing reifyNode:node_modules/@tailwindcss/oxide-linux-arm-gnueabihf Completed in 11ms
145 timing reifyNode:node_modules/@tailwindcss/oxide-freebsd-x64 Completed in 11ms
146 timing reifyNode:node_modules/@tailwindcss/oxide-darwin-x64 Completed in 11ms
147 timing reifyNode:node_modules/@tailwindcss/oxide-darwin-arm64 Completed in 11ms
148 timing reifyNode:node_modules/@tailwindcss/oxide-android-arm64 Completed in 10ms
149 silly tarball no local data for tailwindcss@https://registry.npmjs.org/tailwindcss/-/tailwindcss-3.3.3.tgz. Extracting by manifest.
150 silly tarball no local data for postcss@https://registry.npmjs.org/postcss/-/postcss-8.4.27.tgz. Extracting by manifest.
151 silly tarball no local data for autoprefixer@https://registry.npmjs.org/autoprefixer/-/autoprefixer-10.4.14.tgz. Extracting by manifest.
152 timing reifyNode:node_modules/react-scripts/node_modules/postcss Completed in 263ms
153 timing reifyNode:node_modules/css-loader/node_modules/postcss Completed in 263ms
154 timing reifyNode:node_modules/@tailwindcss/postcss/node_modules/postcss Completed in 266ms
155 timing reifyNode:node_modules/@tailwindcss/postcss/node_modules/tailwindcss Completed in 268ms
156 timing reifyNode:node_modules/@tailwindcss/node/node_modules/tailwindcss Completed in 272ms
157 http fetch GET 200 https://registry.npmjs.org/postcss/-/postcss-8.4.27.tgz 258ms (cache miss)
158 timing reifyNode:node_modules/postcss Completed in 285ms
159 http fetch GET 200 https://registry.npmjs.org/autoprefixer/-/autoprefixer-10.4.14.tgz 280ms (cache miss)
160 timing reifyNode:node_modules/autoprefixer Completed in 308ms
161 http fetch POST 200 https://registry.npmjs.org/-/npm/v1/security/advisories/bulk 317ms
162 timing auditReport:getReport Completed in 347ms
163 silly audit report {
163 silly audit report   'nth-check': [
163 silly audit report     {
163 silly audit report       id: 1095141,
163 silly audit report       url: 'https://github.com/advisories/GHSA-rp65-9cf3-cjxr',
163 silly audit report       title: 'Inefficient Regular Expression Complexity in nth-check',
163 silly audit report       severity: 'high',
163 silly audit report       vulnerable_versions: '<2.0.1',
163 silly audit report       cwe: [Array],
163 silly audit report       cvss: [Object]
163 silly audit report     }
163 silly audit report   ],
163 silly audit report   postcss: [
163 silly audit report     {
163 silly audit report       id: 1094544,
163 silly audit report       url: 'https://github.com/advisories/GHSA-7fh5-64p2-3v2j',
163 silly audit report       title: 'PostCSS line return parsing error',
163 silly audit report       severity: 'moderate',
163 silly audit report       vulnerable_versions: '<8.4.31',
163 silly audit report       cwe: [Array],
163 silly audit report       cvss: [Object]
163 silly audit report     }
163 silly audit report   ],
163 silly audit report   'webpack-dev-server': [
163 silly audit report     {
163 silly audit report       id: 1105256,
163 silly audit report       url: 'https://github.com/advisories/GHSA-9jgg-88mc-972h',
163 silly audit report       title: "webpack-dev-server users' source code may be stolen when they access a malicious web site with non-Chromium based browser",
163 silly audit report       severity: 'moderate',
163 silly audit report       vulnerable_versions: '<=5.2.0',
163 silly audit report       cwe: [Array],
163 silly audit report       cvss: [Object]
163 silly audit report     },
163 silly audit report     {
163 silly audit report       id: 1105257,
163 silly audit report       url: 'https://github.com/advisories/GHSA-4v9v-hfq4-rm2v',
163 silly audit report       title: "webpack-dev-server users' source code may be stolen when they access a malicious web site",
163 silly audit report       severity: 'moderate',
163 silly audit report       vulnerable_versions: '<=5.2.0',
163 silly audit report       cwe: [Array],
163 silly audit report       cvss: [Object]
163 silly audit report     }
163 silly audit report   ]
163 silly audit report }
164 timing metavuln:packument:postcss Completed in 1ms
165 timing reifyNode:node_modules/tailwindcss/node_modules/jiti Completed in 316ms
166 timing metavuln:cache:get:security-advisory:nth-check:u9kIbs88jjqPq0zHVBinwei/KZ5GCRRfUp85vuDQlT/Si01qI5XVVQOSRujFCbyFsnHqETob3CApPmYQZ74K2A== Completed in 9ms
167 timing metavuln:cache:get:security-advisory:postcss:ylHlqxOD5gx7vcQurwTZyQHJsodRCM2yV95izcDPSahj+DDa6IEdlDh7BWAlf7fDDEd+NyVQHm50pHmcApHI4w== Completed in 8ms
168 timing metavuln:load:security-advisory:postcss:1094544 Completed in 2ms
169 timing metavuln:calculate:security-advisory:postcss:1094544 Completed in 10ms
170 timing metavuln:cache:get:security-advisory:webpack-dev-server:Z7AjNusKl1CgBZPCPTItg7KHh+BhgGHeWH0S+sBeqHqZs6dIK6PrrIf3i8QOPOIxSjzxXTMcMmEB2czw7D5FmQ== Completed in 10ms
171 timing metavuln:cache:get:security-advisory:webpack-dev-server:puhljcRntNlKhY0rTSto+zi31YOKastUQmvjyoKmDPVNVEqQcqVcjyYJCIa0t/JsSwbDYktSwzSNqVW8Px/nEA== Completed in 10ms
172 http fetch GET 200 https://registry.npmjs.org/webpack-dev-server 18ms (cache hit)
173 timing metavuln:packument:webpack-dev-server Completed in 25ms
174 timing metavuln:load:security-advisory:webpack-dev-server:1105256 Completed in 4ms
175 timing metavuln:calculate:security-advisory:webpack-dev-server:1105256 Completed in 29ms
176 timing metavuln:load:security-advisory:webpack-dev-server:1105257 Completed in 1ms
177 timing metavuln:calculate:security-advisory:webpack-dev-server:1105257 Completed in 29ms
178 http fetch GET 200 https://registry.npmjs.org/nth-check 46ms (cache revalidated)
179 timing metavuln:packument:nth-check Completed in 47ms
180 timing metavuln:load:security-advisory:nth-check:1095141 Completed in 0ms
181 timing metavuln:calculate:security-advisory:nth-check:1095141 Completed in 48ms
182 timing metavuln:cache:get:security-advisory:css-select:SLFoDCntvPIX7nfh4g/iCe2/KeoLVy5CIo+Vtscwot4QJeqx55N/LgyavNwRLdiV5D/6y18tMpVEodIgf/9HMA== Completed in 9ms
183 http fetch GET 200 https://registry.npmjs.org/css-select 32ms (cache revalidated)
184 timing metavuln:packument:css-select Completed in 33ms
185 timing metavuln:load:security-advisory:css-select:u9kIbs88jjqPq0zHVBinwei/KZ5GCRRfUp85vuDQlT/Si01qI5XVVQOSRujFCbyFsnHqETob3CApPmYQZ74K2A== Completed in 0ms
186 timing metavuln:calculate:security-advisory:css-select:u9kIbs88jjqPq0zHVBinwei/KZ5GCRRfUp85vuDQlT/Si01qI5XVVQOSRujFCbyFsnHqETob3CApPmYQZ74K2A== Completed in 33ms
187 timing metavuln:packument:autoprefixer Completed in 17ms
188 timing metavuln:packument:tailwindcss Completed in 17ms
189 timing metavuln:cache:get:security-advisory:@csstools/postcss-cascade-layers:308FLdWVDPhLraX5xsGki6Cve4Gl7+BRwU/LuzBpeu+d3YUMxQV7/aAfUxpJUqxUNphLnkSS96b+dY/fN7LeXw== Completed in 116ms
190 timing metavuln:cache:get:security-advisory:@csstools/postcss-color-function:QLkVaJ+XWElZxFizkLnywSyo8UoV46xqdsppV0HYfLaxcb8Lqv06RcJS3SNxoPDYE22+Z4JM3gifHZTHJrVWIw== Completed in 115ms
191 timing metavuln:cache:get:security-advisory:@csstools/postcss-font-format-keywords:7CKtbardTdEqJv6zoLC9E4X8m6itqJNUaDaXLibXbqrlK0nCuAEA4lExnGemspbl0T7YI98wvH6HnN+n6x957w== Completed in 115ms
192 timing metavuln:cache:get:security-advisory:@csstools/postcss-hwb-function:HOeibUqEnrUCjTa258sPwomIgsroYUwDG+t296U2zP/LJwgnFAgNrEdlHxtq5PiLnNt2n1U1JmzwMg6uPoc51w== Completed in 114ms
193 timing metavuln:cache:get:security-advisory:@csstools/postcss-ic-unit:Azv8R9RaZmTifRDzGjvq4ga6c/54D5WxpVP+gK1ogFQ4nbPZOhaspsxGMITR0eF0Nuhl3Thu1G3qOwq7eXV43Q== Completed in 114ms
194 timing metavuln:cache:get:security-advisory:@csstools/postcss-is-pseudo-class:ma5X4vnBcGfw0knOVlyYAhj8U3hnFJoMtjbxRG2TjjRvjAiNnaPY8WOt96HQQPlfvyHbxKiey0qienXUrGlicg== Completed in 113ms
195 timing metavuln:cache:get:security-advisory:@csstools/postcss-nested-calc:N+kQkEIKUZs90nIZGFaSUURPkgos6ceOExUHi8e1Knt/AtiA80edY/NGXP+D6+p+2N/72w6GlO0nC9WbI4CmcA== Completed in 112ms
196 timing metavuln:cache:get:security-advisory:@csstools/postcss-normalize-display-values:0Aqr7oGGSCKP6amsv1ffHcsgZKr3pUCXavUHFEVJ+AXOJlDYm+iT4+rDluZljRFzum7+kWEkjHwyT0mqe7gqcg== Completed in 112ms
197 timing metavuln:cache:get:security-advisory:@csstools/postcss-oklab-function:wWmObayIxHd2kFnphx0l9i5lbR3vXktueVJwecFX0/hGhvqJpNh3B9+kiFd3sr1TErqWpr3BZNXbVKSKeFMFPg== Completed in 112ms
198 timing metavuln:cache:get:security-advisory:@csstools/postcss-progressive-custom-properties:1vEyx3chXTpGaDqjWQ1+OutwAvYenBWtcsrrqFB3DiBccigFFi8L2JjFx+svOiaVKdQNPzCuzM4Zlba/5bBnPw== Completed in 111ms
199 timing metavuln:cache:get:security-advisory:@csstools/postcss-stepped-value-functions:KGFwF4KbjDt/MGLWN+XBxPd9Y4BSrPZZmvzOGxMvOt9x4gUK00JjAqIgA+yuUxSWracInU4E+J70ZVR1bMtuaA== Completed in 110ms
200 timing metavuln:cache:get:security-advisory:@csstools/postcss-text-decoration-shorthand:7l3EtrIvbu0GTGUcz4Xr1u+5XMxi7JEUsxjJw4udIC1UtvAUnRTBuM7/Um6n+yn3cFQVv0xThIxB53nYbCI0pw== Completed in 109ms
201 timing metavuln:cache:get:security-advisory:@csstools/postcss-trigonometric-functions:/QGwn9N7VfcRECMEInJgP4ACjLrXzHzVoQTz2KuZHEo0S5hfphzF/jlHQ8Is6vhiADt1q3wB4paThI1PhPVBJA== Completed in 110ms
202 timing metavuln:cache:get:security-advisory:@csstools/postcss-unset-value:53USZZNAFkpuOOoC8y0So9y39z9sSRgXED7txiaCa9nBdttou+0WlSyII7UH5rbRCkTB9zYTLPWl9Tl9pDUi9w== Completed in 109ms
203 timing metavuln:cache:get:security-advisory:css-blank-pseudo:vK1uwjBQXn2H2M5fm8W6J0btBz9ZgJVZYHi6UlIbfgC60X2MHHrvIQFCpu4SIHEgReimJ2c1OioMDLUyEXLa6g== Completed in 107ms
204 timing metavuln:cache:get:security-advisory:css-declaration-sorter:RnDkfSn8I3ASIYZNd78XaDmBBA2P51ioERMQHcgswUVA/1dOyT5jKfpY+VG6BsDDBZ+jTK7ornT0yR3kmsr3aQ== Completed in 107ms
205 timing metavuln:cache:get:security-advisory:css-has-pseudo:jO46g6B6U1yItfHZH1sgKByzAS/OOKC4Z1yAZsGvMMWAc7FsjLssfqwkQW61ogssHre+orAyDI1uENcv+i805g== Completed in 107ms
206 timing metavuln:cache:get:security-advisory:css-minimizer-webpack-plugin:UkPtALPKnlCKm6kSQOPgY3Jql6EIJFHKPkM6En9cXdsZsTevX/GCt9PKSLKyRXbq0og4fTVAtebj6h6yCL8nrA== Completed in 106ms
207 timing metavuln:cache:get:security-advisory:css-prefers-color-scheme:UQDgjoMIxOA5xTaYUslcfX7PBf8BgeB1nHjDYeqsuEiUuJI0eQLV3g4I170EHVgCiIP5shK+p5S5UkW1PdFVRA== Completed in 105ms
208 timing metavuln:cache:get:security-advisory:cssnano:LCyDt4ccHufz+iVrPE85bx+7ufbHqPSWVH8hoNZSi0XKmnYoAK7un0rWoZAHJ7OpuAWJdTiNo5T80baN2DqN+g== Completed in 105ms
209 timing metavuln:cache:get:security-advisory:cssnano-preset-default:ecihxETyWEn1rUJJYqxKAgDCb3uF7fPKt6cRmSBJeUdTKMBsezAbVj3W98naLCWBqO12BJxY2+9cCv28CExpxw== Completed in 104ms
210 timing metavuln:cache:get:security-advisory:cssnano-utils:nN78REfsa9yDzhB+Kgzsg07VChaM6gzKmSJtVuPmEdYVbOr1zrHZhjGPP+MSzWYKC68SgqGe67v5fk47OhTlfg== Completed in 103ms
211 timing metavuln:cache:get:security-advisory:icss-utils:yYyKCNldFPvCBnwRdM7f9pJsTIyGSkLLQ6JOEhI97LEUI/crNNtQCnNyYSE4PQIgxbTGHYZenzx04TWDvdXcuw== Completed in 102ms
212 timing metavuln:cache:get:security-advisory:postcss-attribute-case-insensitive:L45YptO2Pn0TAT2sjYTo8T49di8T12tInftIZm0bhpJKAW+cvXlFx2xVS71hUg+YEA0pmpsIKofLZY4hBK1KMA== Completed in 101ms
213 timing metavuln:cache:get:security-advisory:postcss-browser-comments:ZPWBl/zl4leMIX7nBxXI18dgrnL5oy0apW83ZOyG8taUB7Yo5PdfNGvIF3oFLCBUEtGK8MW1V/tq7JsZ/8q+/Q== Completed in 100ms
214 timing metavuln:cache:get:security-advisory:postcss-calc:+3egqrrN8LKcq6VSE6JRLNKPtYGCKAfvdn3EVRult/rIqCgvnGJuR/vHRUgyP49c4zwimeuyJaIeKeD3MgqSHw== Completed in 100ms
215 timing metavuln:cache:get:security-advisory:postcss-clamp:eDnxlZFV5hlhOte6ZHtmCcITc3SnaKt2MpNEoWLuVTwj0lJkfsmDArevKrLFg+1qN6bkBfgAQXhW7Wn3y8vu5w== Completed in 99ms
216 timing metavuln:cache:get:security-advisory:postcss-color-functional-notation:EYPOPhZ8GqXaaUmdJs4AZJ4N3iWytJpH84fTsZ9DXWEQbiZefRJW9A5rOdULxtMcEwwuzKiwTV2P/HGFGkw0wg== Completed in 98ms
217 timing metavuln:cache:get:security-advisory:postcss-color-hex-alpha:IJm/KQeDtnC+fknFvp5cE+ROIA7uwuhBkQSrs+BsT+eCDIqVuVwJ3Yw16U9yve1TZWXS043ipRx5utjI4rJL+g== Completed in 97ms
218 timing metavuln:cache:get:security-advisory:postcss-color-rebeccapurple:6Bp9oKP36d5QCuS/FDL/WYfOvAp0dKGGdF5y5zlGMoLnf+l2j6GDdCb8pypA9uC6HOzdSCAQDGKZE5xUoPtqog== Completed in 96ms
219 timing metavuln:cache:get:security-advisory:postcss-colormin:6eqAXY5HEwFjz4cOnVVuoPjgnY95sssWp3fO6OkAgPwfpltb0j6kvFQlnhe8uWyNStXcY713VXgUALU2IMXgLA== Completed in 96ms
220 timing metavuln:cache:get:security-advisory:postcss-convert-values:ab9GfGsVhn0P/FhjwUgHVVuyN9YtaG/+UCOV88Tvh/lfrhj21dmtgyPSdOyczpIWfO+/cLsdfBI8jVijAT7ilw== Completed in 95ms
221 timing metavuln:cache:get:security-advisory:postcss-custom-media:ZFdXXg25gybOWae/REleYwYDBr363Nior2gllaWdZTDe4LEnwlcBWu8BEqi8WTbqipIPIX+zzPnRjZLpAUSsCA== Completed in 95ms
222 timing metavuln:cache:get:security-advisory:postcss-custom-properties:LUQQWTbVbKuDd7eA7omXSOdMba9mHND6YaxrwHqxrEUNXqJnuq6jDqUPXPYJTJCSXvD+Qr3dooMhWnQxMB0ABw== Completed in 95ms
223 timing metavuln:cache:get:security-advisory:postcss-custom-selectors:nQaCTvv9Jgnpu0D5c+T/8+bCMG3eazxyHrRRxxno7d+vm6Pq9OzyTZj/UI4F7qignQnorLtb6BsKcW4bQK/TYA== Completed in 94ms
224 timing metavuln:cache:get:security-advisory:postcss-dir-pseudo-class:GiZHn3TcVVpkEZpcZUhjgcvOOct0bossJRBq7eTlzoUHp/k7ySbQLktC7GjQu6f8Nw6eikoHVg4tdaSTgb6MZg== Completed in 93ms
225 timing metavuln:cache:get:security-advisory:postcss-discard-comments:Z9qZnWhslLpt/tf6aPDpdNOG1JQm2KAsZyohmdH4uqOmqIRGywcoUYd9IMs3oFk4P1r3nBygWygaxKybInhGWA== Completed in 92ms
226 timing metavuln:cache:get:security-advisory:postcss-discard-duplicates:RoEZR5DVGY/Bpv8dzrEjmAlYazW1xH96Ay1siVFzZ212Kgtxii95UxjE6PuC/r7UuVw+m5Kp9U1gFud7p+rzww== Completed in 91ms
227 timing metavuln:cache:get:security-advisory:postcss-discard-empty:sfk+21wai9hZ+SLDsfJ1UPWgmCX4PNW7WOh2aSSaPm12XpZYBTEIyMq2cCDusegVV0QCeV/qvMR0NeEFr3SBHA== Completed in 90ms
228 timing metavuln:cache:get:security-advisory:postcss-discard-overridden:rcamvViMsiLUntw2fNyMmeOfhU1acIpl3/mEC2EIVhtZNr3fKgfFfsaYbqmA06L0YCF6gXrReHmue7+f7m5ZrQ== Completed in 90ms
229 timing metavuln:cache:get:security-advisory:postcss-double-position-gradients:5w7vmqoJP60ddRReevEM1Frve7XPCgUyoJqzHkZon273dVlWPh9U9y7vd+N2nhLjtgWi6ZhQJN2IFa2v/4V4Cg== Completed in 89ms
230 timing metavuln:cache:get:security-advisory:postcss-env-function:qBUF2I9INj4vzsE8aPn7CGFDI+nlYDrNKi1EPinjpImgJ3Ti+uWCDoMg24rVw/IlHiooMYDvnX1KVvVH/ixDBg== Completed in 89ms
231 timing metavuln:cache:get:security-advisory:postcss-flexbugs-fixes:TBR5AHRN2FVm35Sv+m4HxfNlsugZPe1Cw1ZlrPKG5shFGHR9JpFzgg6k185pHw2JISEXEYhzujET/RnP5Yw9qw== Completed in 88ms
232 timing metavuln:cache:get:security-advisory:postcss-focus-visible:zCVj45w78N16FiyKYbXs67L7Knwkcsum0R58g7X+DdyLNSrzmeIJr1of3RxQkxm1kLBiVbqA2vmFcW3McNlP9A== Completed in 86ms
233 timing metavuln:cache:get:security-advisory:postcss-focus-within:fjs6cdpsZCnrzujXva1bNZcu9TQvazeUeuVmdpV1PNufaSxcyXLHiHaheW9cDW9e6Iko5DMi/jsy2I2lgbIcAg== Completed in 86ms
234 timing metavuln:cache:get:security-advisory:postcss-font-variant:s1KtQT00/lv5tHOUO3RfGo/6o94vNlJSOYmWOwW+iQcdkljhJO2rGehBkO3zkuGfFsgTqo90bUFDN5nIyI6/Kw== Completed in 86ms
235 timing metavuln:cache:get:security-advisory:postcss-gap-properties:gTMF/2yEyill5nc/zqv8HqnrTcociDQUmZnjoetrsTMXnX7uNO9Y6Ktvdmr3ME3xsHH/Sfr3KwVdZ+47Mpc+TQ== Completed in 85ms
236 timing metavuln:cache:get:security-advisory:postcss-image-set-function:lfruEXubXCCJKa6gYf3lwYdlytswW+pz0LU7FzAqBEqDXpK8ffLQZtD2hrqeAISh6ghmt45zVMJnhPtUNGziPg== Completed in 84ms
237 timing metavuln:cache:get:security-advisory:postcss-import:/PLPdl+taO2Poo7pvMMH2KqPZN0Vz9Fuq8Raoioetz7jX5Ri40PqXKjKUK1CV+bpEKjQ1uXf6O1nV9wYvCx2zg== Completed in 84ms
238 timing metavuln:cache:get:security-advisory:postcss-initial:lIl7tG+Rarwn0a+68XW761JuKgrTkxknkZqMKL0xPRT+ztrDxtUWgAdZTwc0A1zUKWfxcnSmDUd7uV9c2t1EAA== Completed in 83ms
239 timing metavuln:cache:get:security-advisory:postcss-js:Pq5DTSfYD69VtDdLNGNf1+R3etEyzLL0lJTjnLDcwxIbkIwZUXvN3uPU5/4kZsMEb6H2avwLtHTpu1gDyi2ZDw== Completed in 82ms
240 timing metavuln:cache:get:security-advisory:postcss-lab-function:BLefLR7jRmqp+DMdU8j04wi7S9MqFF3wBmiKvOYNyYSc2BqTNJXD0jNcNmmkxSurpAxCwE7+78pp/G3MLYfuQQ== Completed in 81ms
241 timing metavuln:cache:get:security-advisory:postcss-load-config:vgzZUiprdl3dEhd1GyGpRxlvU1SSM9F4+dTZ+0is73A4MClvxtw5LaCQafNxYQXWI08FQZk+21n5g6EeSZUDYA== Completed in 81ms
242 timing metavuln:cache:get:security-advisory:postcss-loader:6JJ8rP/UjNkzdyDWl0wbbhH+/lz+yH/cm/gIAzfyRAW0AOKhdl71x3hYR4BBpbjl3o4aO8lQiru9oC74dz8m0g== Completed in 79ms
243 timing metavuln:cache:get:security-advisory:postcss-logical:N2n8EdVT39lxtBWQ++bIF+g8oseekA5rDuiGcCdCVlTlUxDWtoKXfLWiOYqeiq3BjDGjo+s+qdHWv4JgvfIs5g== Completed in 68ms
244 timing metavuln:cache:get:security-advisory:postcss-media-minmax:s+9w9gTgOUqwdOBG/u99tnoQNJeBd8ZK3h9j/NaSidROsB4pHqiNKbiMALg+p0suqMHocshal5k60MqQgOTJjQ== Completed in 67ms
245 timing metavuln:cache:get:security-advisory:postcss-merge-longhand:C0Yjy2JP8c3Y+ZHRxufl9vCegkk5N1mGn/7w0hKN1a5l23TyIJ6QiyA7QJGbAa10QoaU03Ne6lGrs+oyNGmuTQ== Completed in 66ms
246 timing metavuln:cache:get:security-advisory:postcss-merge-rules:YRVBQ1EAfVU+H1yrbwzZxoLQAndeKNbDn8R9oa2RLmFnfX6Y+BeetkhJI0DSq7VQoNIYkDfvezmXpucJ950oAA== Completed in 65ms
247 timing metavuln:cache:get:security-advisory:postcss-minify-font-values:n9psQxsLS4rG8UN7lU7phDZmQAX0p4Mp/vsZt1Wc8UE1yFKM2jHtKHeT7zz+VVfU6VqLItlH/qRAbTem6WpY+Q== Completed in 64ms
248 timing metavuln:cache:get:security-advisory:postcss-minify-gradients:t6ylK2/oz0pf7AqtGkir41zhVD8xqjfE77bEKZPWDRyuEWDgcB7wKpEEucYittlrdMpy1YJexnzAm5G2u8nNlA== Completed in 64ms
249 timing metavuln:cache:get:security-advisory:postcss-minify-params:NlY2QrdxTA8dp11NrGKqpadPFJa2Ir+yuQVt5nJK+0ug1iGFVtrNuVXlHQJmTe175uJsQLGhpIWvyCIjodB1Nw== Completed in 62ms
250 timing metavuln:cache:get:security-advisory:postcss-minify-selectors:mjc+GXKRrCMNIgnxy8eMWWFPxT1WgY2eU2xxWU1WLdBrmNEEXd1S3MMqBlfjdav4nL3BHwXnHe3CEArNENMCNA== Completed in 62ms
251 timing metavuln:cache:get:security-advisory:postcss-modules-extract-imports:+0V5dMUEIJOKTypxHUijCdDFWPUji6jXcSr9XxqiHCUE9bE4V1H3+Zg7JlTfUccmiJi039HArurGEyc7GBxARQ== Completed in 61ms
252 timing metavuln:cache:get:security-advisory:postcss-modules-local-by-default:C7sCRbe1rpoiocPJEr3ZpVI0GNhehfdeeHxh9drmrTR42YsNOiy5CngAw3qFKRZfQw+EswFwYLPEwstfULaziw== Completed in 60ms
253 timing metavuln:cache:get:security-advisory:postcss-modules-scope:pGTlh8L+fXX8RKh5S9jDl+fLLo8UjZUiYyU8VQUsK/Bizdqohgfk+MwTTGYASAAkBNsCeneRNWfCLslkr43Nxw== Completed in 58ms
254 timing metavuln:cache:get:security-advisory:postcss-modules-values:InWEHjCzDe9ElWhGUWMrd8T7geqeUeyEVXrcy9oV2d5kty+h0Lw1DEJLlWAlvXQ9AHvyO5u3Y1jrwSrXdDK9Lg== Completed in 59ms
255 timing metavuln:cache:get:security-advisory:postcss-nested:cLLQDS08v5n55j+Emlq91vNyCbG1lcRRLN1aPYO8tYqZvmiPJsGcxcgMwHPz/7QpmmOFZmOqtCZjVI4AroT81g== Completed in 58ms
256 timing metavuln:cache:get:security-advisory:postcss-nesting:7NTb5injN6vRqkBrsV7WNAUIbei4zLOpc2z0lUg/lHyvu7JeKpND76fBBoxYZ9UvNHA/fxksbIVZVBBHwab8KQ== Completed in 57ms
257 timing metavuln:cache:get:security-advisory:postcss-normalize:LFivpoKJJzNWxoMLtm/wCNyEQBL4zdGbejtKtBjDKBwvJJ2OKEaoSMHP4QQ5upBTsRLa8nNxl9YVhqlAelbGDg== Completed in 56ms
258 timing metavuln:cache:get:security-advisory:postcss-normalize-charset:0POcQ76QXTziA0ibBsE257+C/reEmgxUlrO4C23yiJB823mWkz0+HYSQ8CG4WrzEy8X6QA6ahLDhMFkNC1XcXw== Completed in 56ms
259 timing metavuln:cache:get:security-advisory:postcss-normalize-display-values:mgaqAgEEP8qVyRm/iyjQ6xPx18HAq0iysJAytoSTpmhWok723ql/js/j3hjsZqFaRbWL1+ZRttsbJQoEQfQtSA== Completed in 55ms
260 timing metavuln:cache:get:security-advisory:postcss-normalize-positions:iA8Nt7x5vE8fd6BGWFyjjtiub2TBCIgWyikDmpY6poPXj7Cb9tgduCAYvt8tVSLZjI7Q9jkuH8Qoj8vuktfleQ== Completed in 54ms
261 timing metavuln:cache:get:security-advisory:postcss-normalize-repeat-style:ON9QHVzcZOX9Nk+haf0pQ8MwUFaDhB7oeD70JiRkYSWPr2kNBqf61AyTZDrRO3hwFpMg0NOHwqh48Vqxv8u0lw== Completed in 53ms
262 timing metavuln:cache:get:security-advisory:postcss-normalize-string:+NZQiemXk9W6lJigcEEe+pNr5t/4pMb4H7TspG4rwUgdORoY7JFhHo+FgxZSRBnvDNiJGKrZutwTU6R8a5k1sg== Completed in 53ms
263 timing metavuln:cache:get:security-advisory:postcss-normalize-timing-functions:61yhKBm4GKJw1HsJH6mMOjpCmV3A1r7/MTWTmBbgf6L53NqL2SUKmjPNlDkJZbT/jAazk6mojnxsgm8naFdeDg== Completed in 52ms
264 timing metavuln:cache:get:security-advisory:postcss-normalize-unicode:GJlkLeJBmePgSl2KpgV7O6SeZ2aC3owbsAi3T327Ky4spbyvkUU1rgvHZ5bp0p/Uzmk8CxrWPwgvhyGfUgCM8w== Completed in 51ms
265 timing metavuln:cache:get:security-advisory:postcss-normalize-url:6wqDuqP5ClOXppKFuq/gStvROd/b+s3w3HFh4LiDyuP0gCIMvodxJvfMlaN8XGyG8eBZOBdVOdp+URWqOsnsUg== Completed in 50ms
266 timing metavuln:cache:get:security-advisory:postcss-normalize-whitespace:Z9dnB5H7Owh+CjRyjHtJVJ6LgwyDn5/goM+YOmRI8tLil+HTS48fYM2Wx9fk6OubK4JppM88oVWA3f0HckAowQ== Completed in 49ms
267 timing metavuln:cache:get:security-advisory:postcss-opacity-percentage:ups393S5th1H3D6Is1zje2VJSmIpee549suQKpd7D0f61HGNTT4aoww+FKTWuDWk6Ecvx1IDcfuEPUH/E5yh+Q== Completed in 48ms
268 timing metavuln:cache:get:security-advisory:postcss-ordered-values:ZguQc7DwAY35Ret9O39cQK7YPTsBwjcxrNoxjFROs7tgo4omXj6pvsMgsG5vZQ/0YhQ7hcj6jlidkL4SNB0MPA== Completed in 48ms
269 timing metavuln:cache:get:security-advisory:postcss-overflow-shorthand:rz393U2s2Z0tNoiF++UToZNWI0DrMZUQJADpjEGqoXFz3UUisRfScRJtKV1yWR4LVqz/+p8I8H0ZzBvyKalA6w== Completed in 46ms
270 timing metavuln:cache:get:security-advisory:postcss-page-break:TCJMBllD+uJuZ7AT3xwEOUOwFBTGPPsQan4nQGL0tm4HDgRxb2UI1zzFGoW+Hom5yoMq0xwKapLUaNS+z0Y6Ww== Completed in 46ms
271 timing metavuln:cache:get:security-advisory:postcss-place:DcF2Hucpi5FndXhvRW6tEmVpmkdonU+HuiTd/caxkbNUyq/TDKwULv6qIpLMhL6JLySIzrZ8QyCUOPZqFZHFoA== Completed in 45ms
272 timing metavuln:cache:get:security-advisory:postcss-preset-env:yBwbmtRsGyVG/ZD23OoFIGXTJAda4qWneKbM5CGU9FIn0zWCwAIoJK7WlVo4UGvEcBCmrlqa6aGz5zER3Y3ZtQ== Completed in 32ms
273 timing metavuln:cache:get:security-advisory:postcss-pseudo-class-any-link:YsxonGvHe2RZ/N+9cqwzU0D1Yph4uKZhPdyABacu6/1qq7RSE318rYwBil1R4aPf97iGmJRk9TvtK1+JMUiBLA== Completed in 31ms
274 timing metavuln:cache:get:security-advisory:postcss-reduce-initial:UHfRqCrclhZPobHbkJBGlDKxKSwKiMDiWSguOe25fQ/b7VsKNNYYUh7aUXS9VGJ2lVVxsOwC9WvxQxFH53l8dA== Completed in 31ms
275 timing metavuln:cache:get:security-advisory:postcss-reduce-transforms:/H+da8OkCW+A+QXiM/QrqvvKqOOk4ydkrgfiTai2tBPgYDqvC/+Sn0kbjYwcBSlPKPlK7m9+gVgBCsCFAEDcKA== Completed in 30ms
276 timing metavuln:cache:get:security-advisory:postcss-replace-overflow-wrap:eviuZ00oNqf16AqUoeu2VAApnkj/M4pbyk0g/DonBtbAzCW7a3kXslzQbWbaXkMulklyqxukyYPzwG7y+ui00A== Completed in 30ms
277 timing metavuln:cache:get:security-advisory:postcss-selector-not:elZryV+0niou24OBG/I9s4Gnvb9B5TS7lyz9AXDfZkWErG9cb4Chb9JQhSRVI9t4tIj3kgtEOzuf6zTiHz2ong== Completed in 29ms
278 timing metavuln:cache:get:security-advisory:postcss-svgo:DWG2Uspwfc76hm7CnHSsxpqBKBGVrbuy4mRuA3bqQcfPHqJONiuuDgHFUmEsO9c9AMrD135rvhbqW+YkbZcadg== Completed in 27ms
279 timing metavuln:cache:get:security-advisory:postcss-unique-selectors:cB0w11+ldWOhjIEwYmKrclDGeTqKeV9Rf6UAMvNR/NexVWzXZ7NuEFTZ5O6WtzWZrOe+heVQXIWvZlvp3vk6IQ== Completed in 27ms
280 timing metavuln:cache:get:security-advisory:stylehacks:Uu88lbXd2XiyCz/T3HiM5eSX8ucACFIK88vWoG+OhDdbisiF8nXGLvGS+NRpqF+dZRPdqQmCHqPKZS0Ed8aPBw== Completed in 26ms
281 timing metavuln:cache:get:security-advisory:autoprefixer:5RF4QUEv6ZipMnbK2pKJTBV3BXLFde3Uz6IIApaWRTPxUufEJ/LxW/4bNf5xF4CHjSQD+beVE7E05zfTVMpliA== Completed in 25ms
282 timing metavuln:load:security-advisory:autoprefixer:ylHlqxOD5gx7vcQurwTZyQHJsodRCM2yV95izcDPSahj+DDa6IEdlDh7BWAlf7fDDEd+NyVQHm50pHmcApHI4w== Completed in 104ms
283 timing metavuln:cache:get:security-advisory:tailwindcss:iWb17HDBv3L4kTBoMKRF0MZVMFBmsAMT8Q/ma46Vr63A4t5ObuyRghTamQcwMv/CaNpqKazsfue/vqmuQFNJkg== Completed in 130ms
284 timing metavuln:load:security-advisory:tailwindcss:ylHlqxOD5gx7vcQurwTZyQHJsodRCM2yV95izcDPSahj+DDa6IEdlDh7BWAlf7fDDEd+NyVQHm50pHmcApHI4w== Completed in 216ms
285 timing metavuln:cache:get:security-advisory:resolve-url-loader:NMmXK6xVhonFWyuVjVZvtHCgDtIj2Xt/NObjzI+nKFgCMVK0SPWnlUyO5ZfDMa1dK6KZVYB4z5/E6SGUubEZmA== Completed in 465ms
286 timing metavuln:cache:put:security-advisory:autoprefixer:5RF4QUEv6ZipMnbK2pKJTBV3BXLFde3Uz6IIApaWRTPxUufEJ/LxW/4bNf5xF4CHjSQD+beVE7E05zfTVMpliA== Completed in 239ms
287 timing metavuln:calculate:security-advisory:autoprefixer:ylHlqxOD5gx7vcQurwTZyQHJsodRCM2yV95izcDPSahj+DDa6IEdlDh7BWAlf7fDDEd+NyVQHm50pHmcApHI4w== Completed in 368ms
288 timing metavuln:cache:put:security-advisory:tailwindcss:iWb17HDBv3L4kTBoMKRF0MZVMFBmsAMT8Q/ma46Vr63A4t5ObuyRghTamQcwMv/CaNpqKazsfue/vqmuQFNJkg== Completed in 24ms
289 timing metavuln:calculate:security-advisory:tailwindcss:ylHlqxOD5gx7vcQurwTZyQHJsodRCM2yV95izcDPSahj+DDa6IEdlDh7BWAlf7fDDEd+NyVQHm50pHmcApHI4w== Completed in 370ms
290 http fetch GET 200 https://registry.npmjs.org/resolve-url-loader 576ms (cache hit)
291 timing metavuln:packument:resolve-url-loader Completed in 577ms
292 timing metavuln:load:security-advisory:resolve-url-loader:ylHlqxOD5gx7vcQurwTZyQHJsodRCM2yV95izcDPSahj+DDa6IEdlDh7BWAlf7fDDEd+NyVQHm50pHmcApHI4w== Completed in 1ms
293 timing metavuln:calculate:security-advisory:resolve-url-loader:ylHlqxOD5gx7vcQurwTZyQHJsodRCM2yV95izcDPSahj+DDa6IEdlDh7BWAlf7fDDEd+NyVQHm50pHmcApHI4w== Completed in 578ms
294 http fetch GET 200 https://registry.npmjs.org/postcss-normalize-url 519ms (cache revalidated)
295 timing metavuln:packument:postcss-normalize-url Completed in 520ms
296 timing metavuln:load:security-advisory:postcss-normalize-url:ylHlqxOD5gx7vcQurwTZyQHJsodRCM2yV95izcDPSahj+DDa6IEdlDh7BWAlf7fDDEd+NyVQHm50pHmcApHI4w== Completed in 9ms
297 http fetch GET 200 https://registry.npmjs.org/postcss-svgo 506ms (cache revalidated)
298 timing metavuln:packument:postcss-svgo Completed in 507ms
299 timing metavuln:load:security-advisory:postcss-svgo:ylHlqxOD5gx7vcQurwTZyQHJsodRCM2yV95izcDPSahj+DDa6IEdlDh7BWAlf7fDDEd+NyVQHm50pHmcApHI4w== Completed in 10ms
300 http fetch GET 200 https://registry.npmjs.org/@csstools%2fpostcss-color-function 613ms (cache revalidated)
301 timing metavuln:packument:@csstools/postcss-color-function Completed in 614ms
302 timing metavuln:load:security-advisory:@csstools/postcss-color-function:ylHlqxOD5gx7vcQurwTZyQHJsodRCM2yV95izcDPSahj+DDa6IEdlDh7BWAlf7fDDEd+NyVQHm50pHmcApHI4w== Completed in 5ms
303 http fetch GET 200 https://registry.npmjs.org/@csstools%2fpostcss-font-format-keywords 621ms (cache revalidated)
304 timing metavuln:packument:@csstools/postcss-font-format-keywords Completed in 623ms
305 timing metavuln:load:security-advisory:@csstools/postcss-font-format-keywords:ylHlqxOD5gx7vcQurwTZyQHJsodRCM2yV95izcDPSahj+DDa6IEdlDh7BWAlf7fDDEd+NyVQHm50pHmcApHI4w== Completed in 3ms
306 http fetch GET 200 https://registry.npmjs.org/postcss-minify-params 596ms (cache revalidated)
307 timing metavuln:packument:postcss-minify-params Completed in 597ms
308 timing metavuln:load:security-advisory:postcss-minify-params:ylHlqxOD5gx7vcQurwTZyQHJsodRCM2yV95izcDPSahj+DDa6IEdlDh7BWAlf7fDDEd+NyVQHm50pHmcApHI4w== Completed in 3ms
309 http fetch GET 200 https://registry.npmjs.org/postcss-modules-local-by-default 599ms (cache revalidated)
310 timing metavuln:packument:postcss-modules-local-by-default Completed in 600ms
311 timing metavuln:load:security-advisory:postcss-modules-local-by-default:ylHlqxOD5gx7vcQurwTZyQHJsodRCM2yV95izcDPSahj+DDa6IEdlDh7BWAlf7fDDEd+NyVQHm50pHmcApHI4w== Completed in 5ms
312 http fetch GET 200 https://registry.npmjs.org/postcss-modules-scope 603ms (cache revalidated)
313 timing metavuln:packument:postcss-modules-scope Completed in 604ms
314 timing metavuln:load:security-advisory:postcss-modules-scope:ylHlqxOD5gx7vcQurwTZyQHJsodRCM2yV95izcDPSahj+DDa6IEdlDh7BWAlf7fDDEd+NyVQHm50pHmcApHI4w== Completed in 1ms
315 http fetch GET 200 https://registry.npmjs.org/postcss-modules-extract-imports 611ms (cache revalidated)
316 timing metavuln:packument:postcss-modules-extract-imports Completed in 612ms
317 timing metavuln:load:security-advisory:postcss-modules-extract-imports:ylHlqxOD5gx7vcQurwTZyQHJsodRCM2yV95izcDPSahj+DDa6IEdlDh7BWAlf7fDDEd+NyVQHm50pHmcApHI4w== Completed in 2ms
318 http fetch GET 200 https://registry.npmjs.org/postcss-js 667ms (cache revalidated)
319 timing metavuln:packument:postcss-js Completed in 669ms
320 timing metavuln:load:security-advisory:postcss-js:ylHlqxOD5gx7vcQurwTZyQHJsodRCM2yV95izcDPSahj+DDa6IEdlDh7BWAlf7fDDEd+NyVQHm50pHmcApHI4w== Completed in 11ms
321 http fetch GET 200 https://registry.npmjs.org/postcss-initial 682ms (cache revalidated)
322 timing metavuln:packument:postcss-initial Completed in 684ms
323 timing metavuln:load:security-advisory:postcss-initial:ylHlqxOD5gx7vcQurwTZyQHJsodRCM2yV95izcDPSahj+DDa6IEdlDh7BWAlf7fDDEd+NyVQHm50pHmcApHI4w== Completed in 2ms
324 http fetch GET 200 https://registry.npmjs.org/postcss-load-config 682ms (cache revalidated)
325 timing metavuln:packument:postcss-load-config Completed in 684ms
326 timing metavuln:load:security-advisory:postcss-load-config:ylHlqxOD5gx7vcQurwTZyQHJsodRCM2yV95izcDPSahj+DDa6IEdlDh7BWAlf7fDDEd+NyVQHm50pHmcApHI4w== Completed in 1ms
327 http fetch GET 200 https://registry.npmjs.org/postcss-lab-function 688ms (cache revalidated)
328 timing metavuln:packument:postcss-lab-function Completed in 689ms
329 timing metavuln:load:security-advisory:postcss-lab-function:ylHlqxOD5gx7vcQurwTZyQHJsodRCM2yV95izcDPSahj+DDa6IEdlDh7BWAlf7fDDEd+NyVQHm50pHmcApHI4w== Completed in 1ms
330 http fetch GET 200 https://registry.npmjs.org/postcss-minify-gradients 673ms (cache revalidated)
331 timing metavuln:packument:postcss-minify-gradients Completed in 673ms
332 timing metavuln:load:security-advisory:postcss-minify-gradients:ylHlqxOD5gx7vcQurwTZyQHJsodRCM2yV95izcDPSahj+DDa6IEdlDh7BWAlf7fDDEd+NyVQHm50pHmcApHI4w== Completed in 4ms
333 http fetch GET 200 https://registry.npmjs.org/postcss-unique-selectors 638ms (cache revalidated)
334 timing metavuln:packument:postcss-unique-selectors Completed in 640ms
335 timing metavuln:load:security-advisory:postcss-unique-selectors:ylHlqxOD5gx7vcQurwTZyQHJsodRCM2yV95izcDPSahj+DDa6IEdlDh7BWAlf7fDDEd+NyVQHm50pHmcApHI4w== Completed in 5ms
336 http fetch GET 200 https://registry.npmjs.org/postcss-media-minmax 686ms (cache revalidated)
337 timing metavuln:packument:postcss-media-minmax Completed in 687ms
338 timing metavuln:load:security-advisory:postcss-media-minmax:ylHlqxOD5gx7vcQurwTZyQHJsodRCM2yV95izcDPSahj+DDa6IEdlDh7BWAlf7fDDEd+NyVQHm50pHmcApHI4w== Completed in 0ms
339 http fetch GET 200 https://registry.npmjs.org/postcss-merge-rules 685ms (cache revalidated)
340 timing metavuln:packument:postcss-merge-rules Completed in 687ms
341 timing metavuln:load:security-advisory:postcss-merge-rules:ylHlqxOD5gx7vcQurwTZyQHJsodRCM2yV95izcDPSahj+DDa6IEdlDh7BWAlf7fDDEd+NyVQHm50pHmcApHI4w== Completed in 5ms
342 http fetch GET 200 https://registry.npmjs.org/postcss-minify-font-values 692ms (cache revalidated)
343 timing metavuln:packument:postcss-minify-font-values Completed in 692ms
344 timing metavuln:load:security-advisory:postcss-minify-font-values:ylHlqxOD5gx7vcQurwTZyQHJsodRCM2yV95izcDPSahj+DDa6IEdlDh7BWAlf7fDDEd+NyVQHm50pHmcApHI4w== Completed in 4ms
345 http fetch GET 200 https://registry.npmjs.org/postcss-loader 701ms (cache revalidated)
346 timing metavuln:packument:postcss-loader Completed in 715ms
347 timing metavuln:load:security-advisory:postcss-loader:ylHlqxOD5gx7vcQurwTZyQHJsodRCM2yV95izcDPSahj+DDa6IEdlDh7BWAlf7fDDEd+NyVQHm50pHmcApHI4w== Completed in 20ms
348 http fetch GET 200 https://registry.npmjs.org/postcss-nested 713ms (cache revalidated)
349 timing metavuln:packument:postcss-nested Completed in 715ms
350 timing metavuln:load:security-advisory:postcss-nested:ylHlqxOD5gx7vcQurwTZyQHJsodRCM2yV95izcDPSahj+DDa6IEdlDh7BWAlf7fDDEd+NyVQHm50pHmcApHI4w== Completed in 8ms
351 http fetch GET 200 https://registry.npmjs.org/postcss-nesting 721ms (cache revalidated)
352 timing metavuln:packument:postcss-nesting Completed in 724ms
353 timing metavuln:load:security-advisory:postcss-nesting:ylHlqxOD5gx7vcQurwTZyQHJsodRCM2yV95izcDPSahj+DDa6IEdlDh7BWAlf7fDDEd+NyVQHm50pHmcApHI4w== Completed in 4ms
354 http fetch GET 200 https://registry.npmjs.org/postcss-merge-longhand 738ms (cache revalidated)
355 timing metavuln:packument:postcss-merge-longhand Completed in 741ms
356 timing metavuln:load:security-advisory:postcss-merge-longhand:ylHlqxOD5gx7vcQurwTZyQHJsodRCM2yV95izcDPSahj+DDa6IEdlDh7BWAlf7fDDEd+NyVQHm50pHmcApHI4w== Completed in 4ms
357 http fetch GET 200 https://registry.npmjs.org/postcss-logical 746ms (cache revalidated)
358 timing metavuln:packument:postcss-logical Completed in 748ms
359 timing metavuln:load:security-advisory:postcss-logical:ylHlqxOD5gx7vcQurwTZyQHJsodRCM2yV95izcDPSahj+DDa6IEdlDh7BWAlf7fDDEd+NyVQHm50pHmcApHI4w== Completed in 1ms
360 http fetch GET 200 https://registry.npmjs.org/postcss-normalize-charset 744ms (cache revalidated)
361 timing metavuln:packument:postcss-normalize-charset Completed in 745ms
362 timing metavuln:load:security-advisory:postcss-normalize-charset:ylHlqxOD5gx7vcQurwTZyQHJsodRCM2yV95izcDPSahj+DDa6IEdlDh7BWAlf7fDDEd+NyVQHm50pHmcApHI4w== Completed in 3ms
363 http fetch GET 200 https://registry.npmjs.org/postcss-normalize-timing-functions 744ms (cache revalidated)
364 timing metavuln:packument:postcss-normalize-timing-functions Completed in 745ms
365 timing metavuln:load:security-advisory:postcss-normalize-timing-functions:ylHlqxOD5gx7vcQurwTZyQHJsodRCM2yV95izcDPSahj+DDa6IEdlDh7BWAlf7fDDEd+NyVQHm50pHmcApHI4w== Completed in 3ms
366 http fetch GET 200 https://registry.npmjs.org/postcss-normalize 752ms (cache revalidated)
367 timing metavuln:packument:postcss-normalize Completed in 753ms
368 timing metavuln:load:security-advisory:postcss-normalize:ylHlqxOD5gx7vcQurwTZyQHJsodRCM2yV95izcDPSahj+DDa6IEdlDh7BWAlf7fDDEd+NyVQHm50pHmcApHI4w== Completed in 3ms
369 http fetch GET 200 https://registry.npmjs.org/postcss-normalize-display-values 801ms (cache revalidated)
370 timing metavuln:packument:postcss-normalize-display-values Completed in 808ms
371 timing metavuln:load:security-advisory:postcss-normalize-display-values:ylHlqxOD5gx7vcQurwTZyQHJsodRCM2yV95izcDPSahj+DDa6IEdlDh7BWAlf7fDDEd+NyVQHm50pHmcApHI4w== Completed in 6ms
372 http fetch GET 200 https://registry.npmjs.org/postcss-normalize-positions 813ms (cache revalidated)
373 timing metavuln:packument:postcss-normalize-positions Completed in 814ms
374 timing metavuln:load:security-advisory:postcss-normalize-positions:ylHlqxOD5gx7vcQurwTZyQHJsodRCM2yV95izcDPSahj+DDa6IEdlDh7BWAlf7fDDEd+NyVQHm50pHmcApHI4w== Completed in 3ms
375 http fetch GET 200 https://registry.npmjs.org/css-minimizer-webpack-plugin 872ms (cache revalidated)
376 timing metavuln:packument:css-minimizer-webpack-plugin Completed in 874ms
377 timing metavuln:load:security-advisory:css-minimizer-webpack-plugin:ylHlqxOD5gx7vcQurwTZyQHJsodRCM2yV95izcDPSahj+DDa6IEdlDh7BWAlf7fDDEd+NyVQHm50pHmcApHI4w== Completed in 8ms
378 http fetch GET 200 https://registry.npmjs.org/stylehacks 797ms (cache revalidated)
379 timing metavuln:packument:stylehacks Completed in 799ms
380 timing metavuln:load:security-advisory:stylehacks:ylHlqxOD5gx7vcQurwTZyQHJsodRCM2yV95izcDPSahj+DDa6IEdlDh7BWAlf7fDDEd+NyVQHm50pHmcApHI4w== Completed in 4ms
381 http fetch GET 200 https://registry.npmjs.org/postcss-modules-values 837ms (cache revalidated)
382 timing metavuln:packument:postcss-modules-values Completed in 837ms
383 timing metavuln:load:security-advisory:postcss-modules-values:ylHlqxOD5gx7vcQurwTZyQHJsodRCM2yV95izcDPSahj+DDa6IEdlDh7BWAlf7fDDEd+NyVQHm50pHmcApHI4w== Completed in 1ms
384 http fetch GET 200 https://registry.npmjs.org/postcss-opacity-percentage 828ms (cache revalidated)
385 timing metavuln:packument:postcss-opacity-percentage Completed in 829ms
386 timing metavuln:load:security-advisory:postcss-opacity-percentage:ylHlqxOD5gx7vcQurwTZyQHJsodRCM2yV95izcDPSahj+DDa6IEdlDh7BWAlf7fDDEd+NyVQHm50pHmcApHI4w== Completed in 1ms
387 timing metavuln:cache:put:security-advisory:postcss-normalize-url:6wqDuqP5ClOXppKFuq/gStvROd/b+s3w3HFh4LiDyuP0gCIMvodxJvfMlaN8XGyG8eBZOBdVOdp+URWqOsnsUg== Completed in 305ms
388 timing metavuln:calculate:security-advisory:postcss-normalize-url:ylHlqxOD5gx7vcQurwTZyQHJsodRCM2yV95izcDPSahj+DDa6IEdlDh7BWAlf7fDDEd+NyVQHm50pHmcApHI4w== Completed in 834ms
389 timing metavuln:cache:put:security-advisory:postcss-svgo:DWG2Uspwfc76hm7CnHSsxpqBKBGVrbuy4mRuA3bqQcfPHqJONiuuDgHFUmEsO9c9AMrD135rvhbqW+YkbZcadg== Completed in 292ms
390 timing metavuln:calculate:security-advisory:postcss-svgo:ylHlqxOD5gx7vcQurwTZyQHJsodRCM2yV95izcDPSahj+DDa6IEdlDh7BWAlf7fDDEd+NyVQHm50pHmcApHI4w== Completed in 810ms
391 timing metavuln:cache:put:security-advisory:@csstools/postcss-color-function:QLkVaJ+XWElZxFizkLnywSyo8UoV46xqdsppV0HYfLaxcb8Lqv06RcJS3SNxoPDYE22+Z4JM3gifHZTHJrVWIw== Completed in 284ms
392 timing metavuln:calculate:security-advisory:@csstools/postcss-color-function:ylHlqxOD5gx7vcQurwTZyQHJsodRCM2yV95izcDPSahj+DDa6IEdlDh7BWAlf7fDDEd+NyVQHm50pHmcApHI4w== Completed in 906ms
393 timing metavuln:cache:put:security-advisory:@csstools/postcss-font-format-keywords:7CKtbardTdEqJv6zoLC9E4X8m6itqJNUaDaXLibXbqrlK0nCuAEA4lExnGemspbl0T7YI98wvH6HnN+n6x957w== Completed in 280ms
394 timing metavuln:calculate:security-advisory:@csstools/postcss-font-format-keywords:ylHlqxOD5gx7vcQurwTZyQHJsodRCM2yV95izcDPSahj+DDa6IEdlDh7BWAlf7fDDEd+NyVQHm50pHmcApHI4w== Completed in 906ms
395 timing metavuln:cache:put:security-advisory:postcss-minify-params:NlY2QrdxTA8dp11NrGKqpadPFJa2Ir+yuQVt5nJK+0ug1iGFVtrNuVXlHQJmTe175uJsQLGhpIWvyCIjodB1Nw== Completed in 287ms
396 timing metavuln:calculate:security-advisory:postcss-minify-params:ylHlqxOD5gx7vcQurwTZyQHJsodRCM2yV95izcDPSahj+DDa6IEdlDh7BWAlf7fDDEd+NyVQHm50pHmcApHI4w== Completed in 887ms
397 timing metavuln:cache:put:security-advisory:postcss-modules-local-by-default:C7sCRbe1rpoiocPJEr3ZpVI0GNhehfdeeHxh9drmrTR42YsNOiy5CngAw3qFKRZfQw+EswFwYLPEwstfULaziw== Completed in 281ms
398 timing metavuln:calculate:security-advisory:postcss-modules-local-by-default:ylHlqxOD5gx7vcQurwTZyQHJsodRCM2yV95izcDPSahj+DDa6IEdlDh7BWAlf7fDDEd+NyVQHm50pHmcApHI4w== Completed in 886ms
399 timing metavuln:cache:put:security-advisory:postcss-modules-scope:pGTlh8L+fXX8RKh5S9jDl+fLLo8UjZUiYyU8VQUsK/Bizdqohgfk+MwTTGYASAAkBNsCeneRNWfCLslkr43Nxw== Completed in 279ms
400 timing metavuln:calculate:security-advisory:postcss-modules-scope:ylHlqxOD5gx7vcQurwTZyQHJsodRCM2yV95izcDPSahj+DDa6IEdlDh7BWAlf7fDDEd+NyVQHm50pHmcApHI4w== Completed in 884ms
401 http fetch GET 200 https://registry.npmjs.org/postcss-place 858ms (cache revalidated)
402 timing metavuln:packument:postcss-place Completed in 871ms
403 timing metavuln:load:security-advisory:postcss-place:ylHlqxOD5gx7vcQurwTZyQHJsodRCM2yV95izcDPSahj+DDa6IEdlDh7BWAlf7fDDEd+NyVQHm50pHmcApHI4w== Completed in 1ms
404 http fetch GET 200 https://registry.npmjs.org/postcss-normalize-unicode 879ms (cache revalidated)
405 timing metavuln:packument:postcss-normalize-unicode Completed in 879ms
406 timing metavuln:load:security-advisory:postcss-normalize-unicode:ylHlqxOD5gx7vcQurwTZyQHJsodRCM2yV95izcDPSahj+DDa6IEdlDh7BWAlf7fDDEd+NyVQHm50pHmcApHI4w== Completed in 2ms
407 timing metavuln:cache:put:security-advisory:postcss-modules-extract-imports:+0V5dMUEIJOKTypxHUijCdDFWPUji6jXcSr9XxqiHCUE9bE4V1H3+Zg7JlTfUccmiJi039HArurGEyc7GBxARQ== Completed in 283ms
408 timing metavuln:calculate:security-advisory:postcss-modules-extract-imports:ylHlqxOD5gx7vcQurwTZyQHJsodRCM2yV95izcDPSahj+DDa6IEdlDh7BWAlf7fDDEd+NyVQHm50pHmcApHI4w== Completed in 897ms
409 http fetch GET 200 https://registry.npmjs.org/postcss-minify-selectors 898ms (cache revalidated)
410 timing metavuln:packument:postcss-minify-selectors Completed in 900ms
411 timing metavuln:load:security-advisory:postcss-minify-selectors:ylHlqxOD5gx7vcQurwTZyQHJsodRCM2yV95izcDPSahj+DDa6IEdlDh7BWAlf7fDDEd+NyVQHm50pHmcApHI4w== Completed in 2ms
412 http fetch GET 200 https://registry.npmjs.org/css-blank-pseudo 950ms (cache revalidated)
413 timing metavuln:packument:css-blank-pseudo Completed in 951ms
414 timing metavuln:load:security-advisory:css-blank-pseudo:ylHlqxOD5gx7vcQurwTZyQHJsodRCM2yV95izcDPSahj+DDa6IEdlDh7BWAlf7fDDEd+NyVQHm50pHmcApHI4w== Completed in 0ms
415 http fetch GET 200 https://registry.npmjs.org/postcss-overflow-shorthand 894ms (cache revalidated)
416 timing metavuln:packument:postcss-overflow-shorthand Completed in 894ms
417 timing metavuln:load:security-advisory:postcss-overflow-shorthand:ylHlqxOD5gx7vcQurwTZyQHJsodRCM2yV95izcDPSahj+DDa6IEdlDh7BWAlf7fDDEd+NyVQHm50pHmcApHI4w== Completed in 1ms
418 http fetch GET 200 https://registry.npmjs.org/postcss-ordered-values 898ms (cache revalidated)
419 timing metavuln:packument:postcss-ordered-values Completed in 900ms
420 timing metavuln:load:security-advisory:postcss-ordered-values:ylHlqxOD5gx7vcQurwTZyQHJsodRCM2yV95izcDPSahj+DDa6IEdlDh7BWAlf7fDDEd+NyVQHm50pHmcApHI4w== Completed in 2ms
421 http fetch GET 200 https://registry.npmjs.org/css-declaration-sorter 964ms (cache revalidated)
422 timing metavuln:packument:css-declaration-sorter Completed in 966ms
423 timing metavuln:load:security-advisory:css-declaration-sorter:ylHlqxOD5gx7vcQurwTZyQHJsodRCM2yV95izcDPSahj+DDa6IEdlDh7BWAlf7fDDEd+NyVQHm50pHmcApHI4w== Completed in 3ms
424 http fetch GET 200 https://registry.npmjs.org/postcss-page-break 903ms (cache revalidated)
425 timing metavuln:packument:postcss-page-break Completed in 904ms
426 timing metavuln:load:security-advisory:postcss-page-break:ylHlqxOD5gx7vcQurwTZyQHJsodRCM2yV95izcDPSahj+DDa6IEdlDh7BWAlf7fDDEd+NyVQHm50pHmcApHI4w== Completed in 2ms
427 http fetch GET 200 https://registry.npmjs.org/postcss-pseudo-class-any-link 907ms (cache revalidated)
428 timing metavuln:packument:postcss-pseudo-class-any-link Completed in 909ms
429 timing metavuln:load:security-advisory:postcss-pseudo-class-any-link:ylHlqxOD5gx7vcQurwTZyQHJsodRCM2yV95izcDPSahj+DDa6IEdlDh7BWAlf7fDDEd+NyVQHm50pHmcApHI4w== Completed in 1ms
430 http fetch GET 200 https://registry.npmjs.org/css-prefers-color-scheme 987ms (cache revalidated)
431 timing metavuln:packument:css-prefers-color-scheme Completed in 988ms
432 timing metavuln:load:security-advisory:css-prefers-color-scheme:ylHlqxOD5gx7vcQurwTZyQHJsodRCM2yV95izcDPSahj+DDa6IEdlDh7BWAlf7fDDEd+NyVQHm50pHmcApHI4w== Completed in 0ms
433 http fetch GET 200 https://registry.npmjs.org/postcss-import 964ms (cache revalidated)
434 timing metavuln:packument:postcss-import Completed in 966ms
435 timing metavuln:load:security-advisory:postcss-import:ylHlqxOD5gx7vcQurwTZyQHJsodRCM2yV95izcDPSahj+DDa6IEdlDh7BWAlf7fDDEd+NyVQHm50pHmcApHI4w== Completed in 4ms
436 http fetch GET 200 https://registry.npmjs.org/postcss-reduce-initial 914ms (cache revalidated)
437 timing metavuln:packument:postcss-reduce-initial Completed in 916ms
438 timing metavuln:load:security-advisory:postcss-reduce-initial:ylHlqxOD5gx7vcQurwTZyQHJsodRCM2yV95izcDPSahj+DDa6IEdlDh7BWAlf7fDDEd+NyVQHm50pHmcApHI4w== Completed in 1ms
439 http fetch GET 200 https://registry.npmjs.org/@csstools%2fpostcss-hwb-function 1007ms (cache revalidated)
440 timing metavuln:packument:@csstools/postcss-hwb-function Completed in 1008ms
441 timing metavuln:load:security-advisory:@csstools/postcss-hwb-function:ylHlqxOD5gx7vcQurwTZyQHJsodRCM2yV95izcDPSahj+DDa6IEdlDh7BWAlf7fDDEd+NyVQHm50pHmcApHI4w== Completed in 0ms
442 http fetch GET 200 https://registry.npmjs.org/icss-utils 1003ms (cache revalidated)
443 timing metavuln:packument:icss-utils Completed in 1003ms
444 timing metavuln:load:security-advisory:icss-utils:ylHlqxOD5gx7vcQurwTZyQHJsodRCM2yV95izcDPSahj+DDa6IEdlDh7BWAlf7fDDEd+NyVQHm50pHmcApHI4w== Completed in 1ms
445 http fetch GET 200 https://registry.npmjs.org/cssnano-utils 1004ms (cache revalidated)
446 timing metavuln:packument:cssnano-utils Completed in 1005ms
447 timing metavuln:load:security-advisory:cssnano-utils:ylHlqxOD5gx7vcQurwTZyQHJsodRCM2yV95izcDPSahj+DDa6IEdlDh7BWAlf7fDDEd+NyVQHm50pHmcApHI4w== Completed in 4ms
448 http fetch GET 200 https://registry.npmjs.org/cssnano 1012ms (cache revalidated)
449 timing metavuln:packument:cssnano Completed in 1016ms
450 timing metavuln:load:security-advisory:cssnano:ylHlqxOD5gx7vcQurwTZyQHJsodRCM2yV95izcDPSahj+DDa6IEdlDh7BWAlf7fDDEd+NyVQHm50pHmcApHI4w== Completed in 17ms
451 http fetch GET 200 https://registry.npmjs.org/cssnano-preset-default 1032ms (cache revalidated)
452 timing metavuln:packument:cssnano-preset-default Completed in 1036ms
453 timing metavuln:load:security-advisory:cssnano-preset-default:ylHlqxOD5gx7vcQurwTZyQHJsodRCM2yV95izcDPSahj+DDa6IEdlDh7BWAlf7fDDEd+NyVQHm50pHmcApHI4w== Completed in 3ms
454 http fetch GET 200 https://registry.npmjs.org/postcss-browser-comments 1041ms (cache revalidated)
455 timing metavuln:packument:postcss-browser-comments Completed in 1042ms
456 timing metavuln:load:security-advisory:postcss-browser-comments:ylHlqxOD5gx7vcQurwTZyQHJsodRCM2yV95izcDPSahj+DDa6IEdlDh7BWAlf7fDDEd+NyVQHm50pHmcApHI4w== Completed in 1ms
457 http fetch GET 200 https://registry.npmjs.org/@csstools%2fpostcss-ic-unit 1059ms (cache revalidated)
458 timing metavuln:packument:@csstools/postcss-ic-unit Completed in 1060ms
459 timing metavuln:load:security-advisory:@csstools/postcss-ic-unit:ylHlqxOD5gx7vcQurwTZyQHJsodRCM2yV95izcDPSahj+DDa6IEdlDh7BWAlf7fDDEd+NyVQHm50pHmcApHI4w== Completed in 0ms
460 http fetch GET 200 https://registry.npmjs.org/@csstools%2fpostcss-progressive-custom-properties 1056ms (cache revalidated)
461 timing metavuln:packument:@csstools/postcss-progressive-custom-properties Completed in 1058ms
462 timing metavuln:load:security-advisory:@csstools/postcss-progressive-custom-properties:ylHlqxOD5gx7vcQurwTZyQHJsodRCM2yV95izcDPSahj+DDa6IEdlDh7BWAlf7fDDEd+NyVQHm50pHmcApHI4w== Completed in 0ms
463 http fetch GET 200 https://registry.npmjs.org/postcss-calc 1044ms (cache revalidated)
464 timing metavuln:packument:postcss-calc Completed in 1046ms
465 timing metavuln:load:security-advisory:postcss-calc:ylHlqxOD5gx7vcQurwTZyQHJsodRCM2yV95izcDPSahj+DDa6IEdlDh7BWAlf7fDDEd+NyVQHm50pHmcApHI4w== Completed in 2ms
466 http fetch GET 200 https://registry.npmjs.org/@csstools%2fpostcss-cascade-layers 1068ms (cache revalidated)
467 timing metavuln:packument:@csstools/postcss-cascade-layers Completed in 1068ms
468 timing metavuln:load:security-advisory:@csstools/postcss-cascade-layers:ylHlqxOD5gx7vcQurwTZyQHJsodRCM2yV95izcDPSahj+DDa6IEdlDh7BWAlf7fDDEd+NyVQHm50pHmcApHI4w== Completed in 1ms
469 http fetch GET 200 https://registry.npmjs.org/postcss-normalize-repeat-style 1001ms (cache revalidated)
470 timing metavuln:packument:postcss-normalize-repeat-style Completed in 1001ms
471 timing metavuln:load:security-advisory:postcss-normalize-repeat-style:ylHlqxOD5gx7vcQurwTZyQHJsodRCM2yV95izcDPSahj+DDa6IEdlDh7BWAlf7fDDEd+NyVQHm50pHmcApHI4w== Completed in 2ms
472 http fetch GET 200 https://registry.npmjs.org/@csstools%2fpostcss-text-decoration-shorthand 1065ms (cache revalidated)
473 timing metavuln:packument:@csstools/postcss-text-decoration-shorthand Completed in 1065ms
474 timing metavuln:load:security-advisory:@csstools/postcss-text-decoration-shorthand:ylHlqxOD5gx7vcQurwTZyQHJsodRCM2yV95izcDPSahj+DDa6IEdlDh7BWAlf7fDDEd+NyVQHm50pHmcApHI4w== Completed in 1ms
475 http fetch GET 200 https://registry.npmjs.org/@csstools%2fpostcss-stepped-value-functions 1067ms (cache revalidated)
476 timing metavuln:packument:@csstools/postcss-stepped-value-functions Completed in 1067ms
477 timing metavuln:load:security-advisory:@csstools/postcss-stepped-value-functions:ylHlqxOD5gx7vcQurwTZyQHJsodRCM2yV95izcDPSahj+DDa6IEdlDh7BWAlf7fDDEd+NyVQHm50pHmcApHI4w== Completed in 1ms
478 timing metavuln:cache:put:security-advisory:postcss-js:Pq5DTSfYD69VtDdLNGNf1+R3etEyzLL0lJTjnLDcwxIbkIwZUXvN3uPU5/4kZsMEb6H2avwLtHTpu1gDyi2ZDw== Completed in 360ms
479 timing metavuln:calculate:security-advisory:postcss-js:ylHlqxOD5gx7vcQurwTZyQHJsodRCM2yV95izcDPSahj+DDa6IEdlDh7BWAlf7fDDEd+NyVQHm50pHmcApHI4w== Completed in 1040ms
480 timing metavuln:cache:put:security-advisory:postcss-initial:lIl7tG+Rarwn0a+68XW761JuKgrTkxknkZqMKL0xPRT+ztrDxtUWgAdZTwc0A1zUKWfxcnSmDUd7uV9c2t1EAA== Completed in 356ms
481 timing metavuln:calculate:security-advisory:postcss-initial:ylHlqxOD5gx7vcQurwTZyQHJsodRCM2yV95izcDPSahj+DDa6IEdlDh7BWAlf7fDDEd+NyVQHm50pHmcApHI4w== Completed in 1042ms
482 timing metavuln:cache:put:security-advisory:postcss-load-config:vgzZUiprdl3dEhd1GyGpRxlvU1SSM9F4+dTZ+0is73A4MClvxtw5LaCQafNxYQXWI08FQZk+21n5g6EeSZUDYA== Completed in 354ms
483 timing metavuln:calculate:security-advisory:postcss-load-config:ylHlqxOD5gx7vcQurwTZyQHJsodRCM2yV95izcDPSahj+DDa6IEdlDh7BWAlf7fDDEd+NyVQHm50pHmcApHI4w== Completed in 1040ms
484 timing metavuln:cache:put:security-advisory:postcss-lab-function:BLefLR7jRmqp+DMdU8j04wi7S9MqFF3wBmiKvOYNyYSc2BqTNJXD0jNcNmmkxSurpAxCwE7+78pp/G3MLYfuQQ== Completed in 350ms
485 timing metavuln:calculate:security-advisory:postcss-lab-function:ylHlqxOD5gx7vcQurwTZyQHJsodRCM2yV95izcDPSahj+DDa6IEdlDh7BWAlf7fDDEd+NyVQHm50pHmcApHI4w== Completed in 1040ms
486 timing metavuln:cache:put:security-advisory:postcss-minify-gradients:t6ylK2/oz0pf7AqtGkir41zhVD8xqjfE77bEKZPWDRyuEWDgcB7wKpEEucYittlrdMpy1YJexnzAm5G2u8nNlA== Completed in 345ms
487 timing metavuln:calculate:security-advisory:postcss-minify-gradients:ylHlqxOD5gx7vcQurwTZyQHJsodRCM2yV95izcDPSahj+DDa6IEdlDh7BWAlf7fDDEd+NyVQHm50pHmcApHI4w== Completed in 1023ms
488 timing metavuln:cache:put:security-advisory:postcss-unique-selectors:cB0w11+ldWOhjIEwYmKrclDGeTqKeV9Rf6UAMvNR/NexVWzXZ7NuEFTZ5O6WtzWZrOe+heVQXIWvZlvp3vk6IQ== Completed in 339ms
489 timing metavuln:calculate:security-advisory:postcss-unique-selectors:ylHlqxOD5gx7vcQurwTZyQHJsodRCM2yV95izcDPSahj+DDa6IEdlDh7BWAlf7fDDEd+NyVQHm50pHmcApHI4w== Completed in 984ms
490 timing metavuln:cache:put:security-advisory:postcss-media-minmax:s+9w9gTgOUqwdOBG/u99tnoQNJeBd8ZK3h9j/NaSidROsB4pHqiNKbiMALg+p0suqMHocshal5k60MqQgOTJjQ== Completed in 339ms
491 timing metavuln:calculate:security-advisory:postcss-media-minmax:ylHlqxOD5gx7vcQurwTZyQHJsodRCM2yV95izcDPSahj+DDa6IEdlDh7BWAlf7fDDEd+NyVQHm50pHmcApHI4w== Completed in 1026ms
492 timing metavuln:cache:put:security-advisory:postcss-merge-rules:YRVBQ1EAfVU+H1yrbwzZxoLQAndeKNbDn8R9oa2RLmFnfX6Y+BeetkhJI0DSq7VQoNIYkDfvezmXpucJ950oAA== Completed in 332ms
493 timing metavuln:calculate:security-advisory:postcss-merge-rules:ylHlqxOD5gx7vcQurwTZyQHJsodRCM2yV95izcDPSahj+DDa6IEdlDh7BWAlf7fDDEd+NyVQHm50pHmcApHI4w== Completed in 1024ms
494 timing metavuln:cache:put:security-advisory:postcss-minify-font-values:n9psQxsLS4rG8UN7lU7phDZmQAX0p4Mp/vsZt1Wc8UE1yFKM2jHtKHeT7zz+VVfU6VqLItlH/qRAbTem6WpY+Q== Completed in 327ms
495 timing metavuln:calculate:security-advisory:postcss-minify-font-values:ylHlqxOD5gx7vcQurwTZyQHJsodRCM2yV95izcDPSahj+DDa6IEdlDh7BWAlf7fDDEd+NyVQHm50pHmcApHI4w== Completed in 1023ms
496 timing metavuln:cache:put:security-advisory:postcss-loader:6JJ8rP/UjNkzdyDWl0wbbhH+/lz+yH/cm/gIAzfyRAW0AOKhdl71x3hYR4BBpbjl3o4aO8lQiru9oC74dz8m0g== Completed in 303ms
497 timing metavuln:calculate:security-advisory:postcss-loader:ylHlqxOD5gx7vcQurwTZyQHJsodRCM2yV95izcDPSahj+DDa6IEdlDh7BWAlf7fDDEd+NyVQHm50pHmcApHI4w== Completed in 1038ms
498 timing metavuln:cache:put:security-advisory:postcss-nested:cLLQDS08v5n55j+Emlq91vNyCbG1lcRRLN1aPYO8tYqZvmiPJsGcxcgMwHPz/7QpmmOFZmOqtCZjVI4AroT81g== Completed in 293ms
499 timing metavuln:calculate:security-advisory:postcss-nested:ylHlqxOD5gx7vcQurwTZyQHJsodRCM2yV95izcDPSahj+DDa6IEdlDh7BWAlf7fDDEd+NyVQHm50pHmcApHI4w== Completed in 1016ms
500 timing metavuln:cache:put:security-advisory:postcss-nesting:7NTb5injN6vRqkBrsV7WNAUIbei4zLOpc2z0lUg/lHyvu7JeKpND76fBBoxYZ9UvNHA/fxksbIVZVBBHwab8KQ== Completed in 287ms
501 timing metavuln:calculate:security-advisory:postcss-nesting:ylHlqxOD5gx7vcQurwTZyQHJsodRCM2yV95izcDPSahj+DDa6IEdlDh7BWAlf7fDDEd+NyVQHm50pHmcApHI4w== Completed in 1015ms
502 timing metavuln:cache:put:security-advisory:postcss-merge-longhand:C0Yjy2JP8c3Y+ZHRxufl9vCegkk5N1mGn/7w0hKN1a5l23TyIJ6QiyA7QJGbAa10QoaU03Ne6lGrs+oyNGmuTQ== Completed in 280ms
503 timing metavuln:calculate:security-advisory:postcss-merge-longhand:ylHlqxOD5gx7vcQurwTZyQHJsodRCM2yV95izcDPSahj+DDa6IEdlDh7BWAlf7fDDEd+NyVQHm50pHmcApHI4w== Completed in 1025ms
504 timing metavuln:cache:put:security-advisory:postcss-logical:N2n8EdVT39lxtBWQ++bIF+g8oseekA5rDuiGcCdCVlTlUxDWtoKXfLWiOYqeiq3BjDGjo+s+qdHWv4JgvfIs5g== Completed in 278ms
505 timing metavuln:calculate:security-advisory:postcss-logical:ylHlqxOD5gx7vcQurwTZyQHJsodRCM2yV95izcDPSahj+DDa6IEdlDh7BWAlf7fDDEd+NyVQHm50pHmcApHI4w== Completed in 1027ms
506 http fetch GET 200 https://registry.npmjs.org/postcss-normalize-string 1012ms (cache revalidated)
507 timing metavuln:packument:postcss-normalize-string Completed in 1012ms
508 timing metavuln:load:security-advisory:postcss-normalize-string:ylHlqxOD5gx7vcQurwTZyQHJsodRCM2yV95izcDPSahj+DDa6IEdlDh7BWAlf7fDDEd+NyVQHm50pHmcApHI4w== Completed in 3ms
509 http fetch GET 200 https://registry.npmjs.org/postcss-reduce-transforms 992ms (cache revalidated)
510 timing metavuln:packument:postcss-reduce-transforms Completed in 993ms
511 timing metavuln:load:security-advisory:postcss-reduce-transforms:ylHlqxOD5gx7vcQurwTZyQHJsodRCM2yV95izcDPSahj+DDa6IEdlDh7BWAlf7fDDEd+NyVQHm50pHmcApHI4w== Completed in 2ms
512 http fetch GET 200 https://registry.npmjs.org/@csstools%2fpostcss-unset-value 1078ms (cache revalidated)
513 timing metavuln:packument:@csstools/postcss-unset-value Completed in 1080ms
514 timing metavuln:load:security-advisory:@csstools/postcss-unset-value:ylHlqxOD5gx7vcQurwTZyQHJsodRCM2yV95izcDPSahj+DDa6IEdlDh7BWAlf7fDDEd+NyVQHm50pHmcApHI4w== Completed in 0ms
515 http fetch GET 200 https://registry.npmjs.org/postcss-replace-overflow-wrap 996ms (cache revalidated)
516 timing metavuln:packument:postcss-replace-overflow-wrap Completed in 997ms
517 timing metavuln:load:security-advisory:postcss-replace-overflow-wrap:ylHlqxOD5gx7vcQurwTZyQHJsodRCM2yV95izcDPSahj+DDa6IEdlDh7BWAlf7fDDEd+NyVQHm50pHmcApHI4w== Completed in 0ms
518 http fetch GET 200 https://registry.npmjs.org/postcss-clamp 1069ms (cache revalidated)
519 timing metavuln:packument:postcss-clamp Completed in 1070ms
520 timing metavuln:load:security-advisory:postcss-clamp:ylHlqxOD5gx7vcQurwTZyQHJsodRCM2yV95izcDPSahj+DDa6IEdlDh7BWAlf7fDDEd+NyVQHm50pHmcApHI4w== Completed in 9ms
521 timing metavuln:cache:put:security-advisory:postcss-normalize-charset:0POcQ76QXTziA0ibBsE257+C/reEmgxUlrO4C23yiJB823mWkz0+HYSQ8CG4WrzEy8X6QA6ahLDhMFkNC1XcXw== Completed in 295ms
522 timing metavuln:calculate:security-advisory:postcss-normalize-charset:ylHlqxOD5gx7vcQurwTZyQHJsodRCM2yV95izcDPSahj+DDa6IEdlDh7BWAlf7fDDEd+NyVQHm50pHmcApHI4w== Completed in 1043ms
523 timing metavuln:cache:put:security-advisory:postcss-normalize-timing-functions:61yhKBm4GKJw1HsJH6mMOjpCmV3A1r7/MTWTmBbgf6L53NqL2SUKmjPNlDkJZbT/jAazk6mojnxsgm8naFdeDg== Completed in 291ms
524 timing metavuln:calculate:security-advisory:postcss-normalize-timing-functions:ylHlqxOD5gx7vcQurwTZyQHJsodRCM2yV95izcDPSahj+DDa6IEdlDh7BWAlf7fDDEd+NyVQHm50pHmcApHI4w== Completed in 1039ms
525 timing metavuln:cache:put:security-advisory:postcss-normalize:LFivpoKJJzNWxoMLtm/wCNyEQBL4zdGbejtKtBjDKBwvJJ2OKEaoSMHP4QQ5upBTsRLa8nNxl9YVhqlAelbGDg== Completed in 287ms
526 timing metavuln:calculate:security-advisory:postcss-normalize:ylHlqxOD5gx7vcQurwTZyQHJsodRCM2yV95izcDPSahj+DDa6IEdlDh7BWAlf7fDDEd+NyVQHm50pHmcApHI4w== Completed in 1043ms
527 timing metavuln:cache:put:security-advisory:postcss-normalize-display-values:mgaqAgEEP8qVyRm/iyjQ6xPx18HAq0iysJAytoSTpmhWok723ql/js/j3hjsZqFaRbWL1+ZRttsbJQoEQfQtSA== Completed in 240ms
528 timing metavuln:calculate:security-advisory:postcss-normalize-display-values:ylHlqxOD5gx7vcQurwTZyQHJsodRCM2yV95izcDPSahj+DDa6IEdlDh7BWAlf7fDDEd+NyVQHm50pHmcApHI4w== Completed in 1054ms
529 timing metavuln:cache:put:security-advisory:postcss-normalize-positions:iA8Nt7x5vE8fd6BGWFyjjtiub2TBCIgWyikDmpY6poPXj7Cb9tgduCAYvt8tVSLZjI7Q9jkuH8Qoj8vuktfleQ== Completed in 237ms
530 timing metavuln:calculate:security-advisory:postcss-normalize-positions:ylHlqxOD5gx7vcQurwTZyQHJsodRCM2yV95izcDPSahj+DDa6IEdlDh7BWAlf7fDDEd+NyVQHm50pHmcApHI4w== Completed in 1054ms
531 timing metavuln:cache:put:security-advisory:css-minimizer-webpack-plugin:UkPtALPKnlCKm6kSQOPgY3Jql6EIJFHKPkM6En9cXdsZsTevX/GCt9PKSLKyRXbq0og4fTVAtebj6h6yCL8nrA== Completed in 227ms
532 timing metavuln:calculate:security-advisory:css-minimizer-webpack-plugin:ylHlqxOD5gx7vcQurwTZyQHJsodRCM2yV95izcDPSahj+DDa6IEdlDh7BWAlf7fDDEd+NyVQHm50pHmcApHI4w== Completed in 1109ms
533 timing metavuln:cache:put:security-advisory:stylehacks:Uu88lbXd2XiyCz/T3HiM5eSX8ucACFIK88vWoG+OhDdbisiF8nXGLvGS+NRpqF+dZRPdqQmCHqPKZS0Ed8aPBw== Completed in 223ms
534 timing metavuln:calculate:security-advisory:stylehacks:ylHlqxOD5gx7vcQurwTZyQHJsodRCM2yV95izcDPSahj+DDa6IEdlDh7BWAlf7fDDEd+NyVQHm50pHmcApHI4w== Completed in 1026ms
535 timing metavuln:cache:put:security-advisory:postcss-modules-values:InWEHjCzDe9ElWhGUWMrd8T7geqeUeyEVXrcy9oV2d5kty+h0Lw1DEJLlWAlvXQ9AHvyO5u3Y1jrwSrXdDK9Lg== Completed in 221ms
536 timing metavuln:calculate:security-advisory:postcss-modules-values:ylHlqxOD5gx7vcQurwTZyQHJsodRCM2yV95izcDPSahj+DDa6IEdlDh7BWAlf7fDDEd+NyVQHm50pHmcApHI4w== Completed in 1060ms
537 timing metavuln:cache:put:security-advisory:postcss-opacity-percentage:ups393S5th1H3D6Is1zje2VJSmIpee549suQKpd7D0f61HGNTT4aoww+FKTWuDWk6Ecvx1IDcfuEPUH/E5yh+Q== Completed in 219ms
538 timing metavuln:calculate:security-advisory:postcss-opacity-percentage:ylHlqxOD5gx7vcQurwTZyQHJsodRCM2yV95izcDPSahj+DDa6IEdlDh7BWAlf7fDDEd+NyVQHm50pHmcApHI4w== Completed in 1049ms
539 http fetch GET 200 https://registry.npmjs.org/postcss-color-functional-notation 1102ms (cache revalidated)
540 timing metavuln:packument:postcss-color-functional-notation Completed in 1104ms
541 timing metavuln:load:security-advisory:postcss-color-functional-notation:ylHlqxOD5gx7vcQurwTZyQHJsodRCM2yV95izcDPSahj+DDa6IEdlDh7BWAlf7fDDEd+NyVQHm50pHmcApHI4w== Completed in 1ms
542 http fetch GET 200 https://registry.npmjs.org/postcss-color-hex-alpha 1104ms (cache revalidated)
543 timing metavuln:packument:postcss-color-hex-alpha Completed in 1107ms
544 timing metavuln:load:security-advisory:postcss-color-hex-alpha:ylHlqxOD5gx7vcQurwTZyQHJsodRCM2yV95izcDPSahj+DDa6IEdlDh7BWAlf7fDDEd+NyVQHm50pHmcApHI4w== Completed in 1ms
545 http fetch GET 200 https://registry.npmjs.org/postcss-custom-media 1105ms (cache revalidated)
546 timing metavuln:packument:postcss-custom-media Completed in 1106ms
547 timing metavuln:load:security-advisory:postcss-custom-media:ylHlqxOD5gx7vcQurwTZyQHJsodRCM2yV95izcDPSahj+DDa6IEdlDh7BWAlf7fDDEd+NyVQHm50pHmcApHI4w== Completed in 3ms
548 http fetch GET 200 https://registry.npmjs.org/postcss-colormin 1111ms (cache revalidated)
549 timing metavuln:packument:postcss-colormin Completed in 1113ms
550 timing metavuln:load:security-advisory:postcss-colormin:ylHlqxOD5gx7vcQurwTZyQHJsodRCM2yV95izcDPSahj+DDa6IEdlDh7BWAlf7fDDEd+NyVQHm50pHmcApHI4w== Completed in 2ms
551 http fetch GET 200 https://registry.npmjs.org/postcss-color-rebeccapurple 1116ms (cache revalidated)
552 timing metavuln:packument:postcss-color-rebeccapurple Completed in 1116ms
553 timing metavuln:load:security-advisory:postcss-color-rebeccapurple:ylHlqxOD5gx7vcQurwTZyQHJsodRCM2yV95izcDPSahj+DDa6IEdlDh7BWAlf7fDDEd+NyVQHm50pHmcApHI4w== Completed in 0ms
554 http fetch GET 200 https://registry.npmjs.org/postcss-convert-values 1116ms (cache revalidated)
555 timing metavuln:packument:postcss-convert-values Completed in 1117ms
556 timing metavuln:load:security-advisory:postcss-convert-values:ylHlqxOD5gx7vcQurwTZyQHJsodRCM2yV95izcDPSahj+DDa6IEdlDh7BWAlf7fDDEd+NyVQHm50pHmcApHI4w== Completed in 2ms
557 http fetch GET 200 https://registry.npmjs.org/postcss-attribute-case-insensitive 1125ms (cache revalidated)
558 timing metavuln:packument:postcss-attribute-case-insensitive Completed in 1126ms
559 timing metavuln:load:security-advisory:postcss-attribute-case-insensitive:ylHlqxOD5gx7vcQurwTZyQHJsodRCM2yV95izcDPSahj+DDa6IEdlDh7BWAlf7fDDEd+NyVQHm50pHmcApHI4w== Completed in 0ms
560 http fetch GET 200 https://registry.npmjs.org/postcss-custom-properties 1122ms (cache revalidated)
561 timing metavuln:packument:postcss-custom-properties Completed in 1124ms
562 timing metavuln:load:security-advisory:postcss-custom-properties:ylHlqxOD5gx7vcQurwTZyQHJsodRCM2yV95izcDPSahj+DDa6IEdlDh7BWAlf7fDDEd+NyVQHm50pHmcApHI4w== Completed in 3ms
563 http fetch GET 200 https://registry.npmjs.org/postcss-discard-comments 1128ms (cache revalidated)
564 timing metavuln:packument:postcss-discard-comments Completed in 1129ms
565 timing metavuln:load:security-advisory:postcss-discard-comments:ylHlqxOD5gx7vcQurwTZyQHJsodRCM2yV95izcDPSahj+DDa6IEdlDh7BWAlf7fDDEd+NyVQHm50pHmcApHI4w== Completed in 3ms
566 http fetch GET 200 https://registry.npmjs.org/postcss-custom-selectors 1134ms (cache revalidated)
567 timing metavuln:packument:postcss-custom-selectors Completed in 1135ms
568 timing metavuln:load:security-advisory:postcss-custom-selectors:ylHlqxOD5gx7vcQurwTZyQHJsodRCM2yV95izcDPSahj+DDa6IEdlDh7BWAlf7fDDEd+NyVQHm50pHmcApHI4w== Completed in 2ms
569 http fetch GET 200 https://registry.npmjs.org/postcss-dir-pseudo-class 1135ms (cache revalidated)
570 timing metavuln:packument:postcss-dir-pseudo-class Completed in 1137ms
571 timing metavuln:load:security-advisory:postcss-dir-pseudo-class:ylHlqxOD5gx7vcQurwTZyQHJsodRCM2yV95izcDPSahj+DDa6IEdlDh7BWAlf7fDDEd+NyVQHm50pHmcApHI4w== Completed in 0ms
572 http fetch GET 200 https://registry.npmjs.org/postcss-discard-duplicates 1141ms (cache revalidated)
573 timing metavuln:packument:postcss-discard-duplicates Completed in 1142ms
574 timing metavuln:load:security-advisory:postcss-discard-duplicates:ylHlqxOD5gx7vcQurwTZyQHJsodRCM2yV95izcDPSahj+DDa6IEdlDh7BWAlf7fDDEd+NyVQHm50pHmcApHI4w== Completed in 2ms
575 http fetch GET 200 https://registry.npmjs.org/postcss-discard-overridden 1143ms (cache revalidated)
576 timing metavuln:packument:postcss-discard-overridden Completed in 1144ms
577 timing metavuln:load:security-advisory:postcss-discard-overridden:ylHlqxOD5gx7vcQurwTZyQHJsodRCM2yV95izcDPSahj+DDa6IEdlDh7BWAlf7fDDEd+NyVQHm50pHmcApHI4w== Completed in 1ms
578 http fetch GET 200 https://registry.npmjs.org/css-has-pseudo 1163ms (cache revalidated)
579 timing metavuln:packument:css-has-pseudo Completed in 1164ms
580 timing metavuln:load:security-advisory:css-has-pseudo:ylHlqxOD5gx7vcQurwTZyQHJsodRCM2yV95izcDPSahj+DDa6IEdlDh7BWAlf7fDDEd+NyVQHm50pHmcApHI4w== Completed in 2ms
581 http fetch GET 200 https://registry.npmjs.org/postcss-double-position-gradients 1148ms (cache revalidated)
582 timing metavuln:packument:postcss-double-position-gradients Completed in 1148ms
583 timing metavuln:load:security-advisory:postcss-double-position-gradients:ylHlqxOD5gx7vcQurwTZyQHJsodRCM2yV95izcDPSahj+DDa6IEdlDh7BWAlf7fDDEd+NyVQHm50pHmcApHI4w== Completed in 0ms
584 timing metavuln:cache:put:security-advisory:postcss-place:DcF2Hucpi5FndXhvRW6tEmVpmkdonU+HuiTd/caxkbNUyq/TDKwULv6qIpLMhL6JLySIzrZ8QyCUOPZqFZHFoA== Completed in 231ms
585 timing metavuln:calculate:security-advisory:postcss-place:ylHlqxOD5gx7vcQurwTZyQHJsodRCM2yV95izcDPSahj+DDa6IEdlDh7BWAlf7fDDEd+NyVQHm50pHmcApHI4w== Completed in 1103ms
586 timing metavuln:cache:put:security-advisory:postcss-normalize-unicode:GJlkLeJBmePgSl2KpgV7O6SeZ2aC3owbsAi3T327Ky4spbyvkUU1rgvHZ5bp0p/Uzmk8CxrWPwgvhyGfUgCM8w== Completed in 228ms
587 timing metavuln:calculate:security-advisory:postcss-normalize-unicode:ylHlqxOD5gx7vcQurwTZyQHJsodRCM2yV95izcDPSahj+DDa6IEdlDh7BWAlf7fDDEd+NyVQHm50pHmcApHI4w== Completed in 1109ms
588 http fetch GET 200 https://registry.npmjs.org/postcss-env-function 1149ms (cache revalidated)
589 timing metavuln:packument:postcss-env-function Completed in 1150ms
590 timing metavuln:load:security-advisory:postcss-env-function:ylHlqxOD5gx7vcQurwTZyQHJsodRCM2yV95izcDPSahj+DDa6IEdlDh7BWAlf7fDDEd+NyVQHm50pHmcApHI4w== Completed in 0ms
591 http fetch GET 200 https://registry.npmjs.org/postcss-flexbugs-fixes 1147ms (cache revalidated)
592 timing metavuln:packument:postcss-flexbugs-fixes Completed in 1148ms
593 timing metavuln:load:security-advisory:postcss-flexbugs-fixes:ylHlqxOD5gx7vcQurwTZyQHJsodRCM2yV95izcDPSahj+DDa6IEdlDh7BWAlf7fDDEd+NyVQHm50pHmcApHI4w== Completed in 4ms
594 http fetch GET 200 https://registry.npmjs.org/postcss-focus-within 1150ms (cache revalidated)
595 timing metavuln:packument:postcss-focus-within Completed in 1151ms
596 timing metavuln:load:security-advisory:postcss-focus-within:ylHlqxOD5gx7vcQurwTZyQHJsodRCM2yV95izcDPSahj+DDa6IEdlDh7BWAlf7fDDEd+NyVQHm50pHmcApHI4w== Completed in 1ms
597 http fetch GET 200 https://registry.npmjs.org/postcss-discard-empty 1157ms (cache revalidated)
598 timing metavuln:packument:postcss-discard-empty Completed in 1157ms
599 timing metavuln:load:security-advisory:postcss-discard-empty:ylHlqxOD5gx7vcQurwTZyQHJsodRCM2yV95izcDPSahj+DDa6IEdlDh7BWAlf7fDDEd+NyVQHm50pHmcApHI4w== Completed in 10ms
600 http fetch GET 200 https://registry.npmjs.org/postcss-gap-properties 1164ms (cache revalidated)
601 timing metavuln:packument:postcss-gap-properties Completed in 1165ms
602 timing metavuln:load:security-advisory:postcss-gap-properties:ylHlqxOD5gx7vcQurwTZyQHJsodRCM2yV95izcDPSahj+DDa6IEdlDh7BWAlf7fDDEd+NyVQHm50pHmcApHI4w== Completed in 0ms
603 http fetch GET 200 https://registry.npmjs.org/postcss-image-set-function 1164ms (cache revalidated)
604 timing metavuln:packument:postcss-image-set-function Completed in 1165ms
605 timing metavuln:load:security-advisory:postcss-image-set-function:ylHlqxOD5gx7vcQurwTZyQHJsodRCM2yV95izcDPSahj+DDa6IEdlDh7BWAlf7fDDEd+NyVQHm50pHmcApHI4w== Completed in 0ms
606 timing metavuln:cache:put:security-advisory:postcss-minify-selectors:mjc+GXKRrCMNIgnxy8eMWWFPxT1WgY2eU2xxWU1WLdBrmNEEXd1S3MMqBlfjdav4nL3BHwXnHe3CEArNENMCNA== Completed in 247ms
607 timing metavuln:calculate:security-advisory:postcss-minify-selectors:ylHlqxOD5gx7vcQurwTZyQHJsodRCM2yV95izcDPSahj+DDa6IEdlDh7BWAlf7fDDEd+NyVQHm50pHmcApHI4w== Completed in 1149ms
608 http fetch GET 200 https://registry.npmjs.org/postcss-selector-not 1112ms (cache revalidated)
609 timing metavuln:packument:postcss-selector-not Completed in 1114ms
610 timing metavuln:load:security-advisory:postcss-selector-not:ylHlqxOD5gx7vcQurwTZyQHJsodRCM2yV95izcDPSahj+DDa6IEdlDh7BWAlf7fDDEd+NyVQHm50pHmcApHI4w== Completed in 2ms
611 http fetch GET 200 https://registry.npmjs.org/postcss-normalize-whitespace 1138ms (cache revalidated)
612 timing metavuln:packument:postcss-normalize-whitespace Completed in 1139ms
613 timing metavuln:load:security-advisory:postcss-normalize-whitespace:ylHlqxOD5gx7vcQurwTZyQHJsodRCM2yV95izcDPSahj+DDa6IEdlDh7BWAlf7fDDEd+NyVQHm50pHmcApHI4w== Completed in 1ms
614 http fetch GET 200 https://registry.npmjs.org/postcss-font-variant 1177ms (cache revalidated)
615 timing metavuln:packument:postcss-font-variant Completed in 1179ms
616 timing metavuln:load:security-advisory:postcss-font-variant:ylHlqxOD5gx7vcQurwTZyQHJsodRCM2yV95izcDPSahj+DDa6IEdlDh7BWAlf7fDDEd+NyVQHm50pHmcApHI4w== Completed in 0ms
617 http fetch GET 200 https://registry.npmjs.org/postcss-focus-visible 1180ms (cache revalidated)
618 timing metavuln:packument:postcss-focus-visible Completed in 1180ms
619 timing metavuln:load:security-advisory:postcss-focus-visible:ylHlqxOD5gx7vcQurwTZyQHJsodRCM2yV95izcDPSahj+DDa6IEdlDh7BWAlf7fDDEd+NyVQHm50pHmcApHI4w== Completed in 1ms
620 timing metavuln:cache:put:security-advisory:postcss-ordered-values:ZguQc7DwAY35Ret9O39cQK7YPTsBwjcxrNoxjFROs7tgo4omXj6pvsMgsG5vZQ/0YhQ7hcj6jlidkL4SNB0MPA== Completed in 239ms
621 timing metavuln:calculate:security-advisory:postcss-ordered-values:ylHlqxOD5gx7vcQurwTZyQHJsodRCM2yV95izcDPSahj+DDa6IEdlDh7BWAlf7fDDEd+NyVQHm50pHmcApHI4w== Completed in 1141ms
622 timing metavuln:cache:put:security-advisory:css-declaration-sorter:RnDkfSn8I3ASIYZNd78XaDmBBA2P51ioERMQHcgswUVA/1dOyT5jKfpY+VG6BsDDBZ+jTK7ornT0yR3kmsr3aQ== Completed in 235ms
623 timing metavuln:calculate:security-advisory:css-declaration-sorter:ylHlqxOD5gx7vcQurwTZyQHJsodRCM2yV95izcDPSahj+DDa6IEdlDh7BWAlf7fDDEd+NyVQHm50pHmcApHI4w== Completed in 1204ms
624 timing metavuln:cache:put:security-advisory:postcss-page-break:TCJMBllD+uJuZ7AT3xwEOUOwFBTGPPsQan4nQGL0tm4HDgRxb2UI1zzFGoW+Hom5yoMq0xwKapLUaNS+z0Y6Ww== Completed in 233ms
625 timing metavuln:calculate:security-advisory:postcss-page-break:ylHlqxOD5gx7vcQurwTZyQHJsodRCM2yV95izcDPSahj+DDa6IEdlDh7BWAlf7fDDEd+NyVQHm50pHmcApHI4w== Completed in 1139ms
626 timing metavuln:cache:put:security-advisory:css-blank-pseudo:vK1uwjBQXn2H2M5fm8W6J0btBz9ZgJVZYHi6UlIbfgC60X2MHHrvIQFCpu4SIHEgReimJ2c1OioMDLUyEXLa6g== Completed in 254ms
627 timing metavuln:calculate:security-advisory:css-blank-pseudo:ylHlqxOD5gx7vcQurwTZyQHJsodRCM2yV95izcDPSahj+DDa6IEdlDh7BWAlf7fDDEd+NyVQHm50pHmcApHI4w== Completed in 1205ms
628 http fetch GET 200 https://registry.npmjs.org/@csstools%2fpostcss-is-pseudo-class 1214ms (cache revalidated)
629 timing metavuln:packument:@csstools/postcss-is-pseudo-class Completed in 1215ms
630 timing metavuln:load:security-advisory:@csstools/postcss-is-pseudo-class:ylHlqxOD5gx7vcQurwTZyQHJsodRCM2yV95izcDPSahj+DDa6IEdlDh7BWAlf7fDDEd+NyVQHm50pHmcApHI4w== Completed in 0ms
631 timing metavuln:cache:put:security-advisory:postcss-overflow-shorthand:rz393U2s2Z0tNoiF++UToZNWI0DrMZUQJADpjEGqoXFz3UUisRfScRJtKV1yWR4LVqz/+p8I8H0ZzBvyKalA6w== Completed in 247ms
632 timing metavuln:calculate:security-advisory:postcss-overflow-shorthand:ylHlqxOD5gx7vcQurwTZyQHJsodRCM2yV95izcDPSahj+DDa6IEdlDh7BWAlf7fDDEd+NyVQHm50pHmcApHI4w== Completed in 1143ms
633 timing metavuln:cache:put:security-advisory:postcss-pseudo-class-any-link:YsxonGvHe2RZ/N+9cqwzU0D1Yph4uKZhPdyABacu6/1qq7RSE318rYwBil1R4aPf97iGmJRk9TvtK1+JMUiBLA== Completed in 218ms
634 timing metavuln:calculate:security-advisory:postcss-pseudo-class-any-link:ylHlqxOD5gx7vcQurwTZyQHJsodRCM2yV95izcDPSahj+DDa6IEdlDh7BWAlf7fDDEd+NyVQHm50pHmcApHI4w== Completed in 1128ms
635 timing metavuln:cache:put:security-advisory:css-prefers-color-scheme:UQDgjoMIxOA5xTaYUslcfX7PBf8BgeB1nHjDYeqsuEiUuJI0eQLV3g4I170EHVgCiIP5shK+p5S5UkW1PdFVRA== Completed in 217ms
636 timing metavuln:calculate:security-advisory:css-prefers-color-scheme:ylHlqxOD5gx7vcQurwTZyQHJsodRCM2yV95izcDPSahj+DDa6IEdlDh7BWAlf7fDDEd+NyVQHm50pHmcApHI4w== Completed in 1205ms
637 timing metavuln:cache:put:security-advisory:postcss-import:/PLPdl+taO2Poo7pvMMH2KqPZN0Vz9Fuq8Raoioetz7jX5Ri40PqXKjKUK1CV+bpEKjQ1uXf6O1nV9wYvCx2zg== Completed in 212ms
638 timing metavuln:calculate:security-advisory:postcss-import:ylHlqxOD5gx7vcQurwTZyQHJsodRCM2yV95izcDPSahj+DDa6IEdlDh7BWAlf7fDDEd+NyVQHm50pHmcApHI4w== Completed in 1182ms
639 timing metavuln:cache:put:security-advisory:postcss-reduce-initial:UHfRqCrclhZPobHbkJBGlDKxKSwKiMDiWSguOe25fQ/b7VsKNNYYUh7aUXS9VGJ2lVVxsOwC9WvxQxFH53l8dA== Completed in 210ms
640 timing metavuln:calculate:security-advisory:postcss-reduce-initial:ylHlqxOD5gx7vcQurwTZyQHJsodRCM2yV95izcDPSahj+DDa6IEdlDh7BWAlf7fDDEd+NyVQHm50pHmcApHI4w== Completed in 1127ms
641 timing metavuln:cache:put:security-advisory:@csstools/postcss-hwb-function:HOeibUqEnrUCjTa258sPwomIgsroYUwDG+t296U2zP/LJwgnFAgNrEdlHxtq5PiLnNt2n1U1JmzwMg6uPoc51w== Completed in 209ms
642 timing metavuln:calculate:security-advisory:@csstools/postcss-hwb-function:ylHlqxOD5gx7vcQurwTZyQHJsodRCM2yV95izcDPSahj+DDa6IEdlDh7BWAlf7fDDEd+NyVQHm50pHmcApHI4w== Completed in 1217ms
643 timing metavuln:cache:put:security-advisory:icss-utils:yYyKCNldFPvCBnwRdM7f9pJsTIyGSkLLQ6JOEhI97LEUI/crNNtQCnNyYSE4PQIgxbTGHYZenzx04TWDvdXcuw== Completed in 200ms
644 timing metavuln:calculate:security-advisory:icss-utils:ylHlqxOD5gx7vcQurwTZyQHJsodRCM2yV95izcDPSahj+DDa6IEdlDh7BWAlf7fDDEd+NyVQHm50pHmcApHI4w== Completed in 1204ms
645 timing metavuln:cache:put:security-advisory:cssnano-utils:nN78REfsa9yDzhB+Kgzsg07VChaM6gzKmSJtVuPmEdYVbOr1zrHZhjGPP+MSzWYKC68SgqGe67v5fk47OhTlfg== Completed in 195ms
646 timing metavuln:calculate:security-advisory:cssnano-utils:ylHlqxOD5gx7vcQurwTZyQHJsodRCM2yV95izcDPSahj+DDa6IEdlDh7BWAlf7fDDEd+NyVQHm50pHmcApHI4w== Completed in 1205ms
647 timing metavuln:cache:put:security-advisory:cssnano:LCyDt4ccHufz+iVrPE85bx+7ufbHqPSWVH8hoNZSi0XKmnYoAK7un0rWoZAHJ7OpuAWJdTiNo5T80baN2DqN+g== Completed in 174ms
648 timing metavuln:calculate:security-advisory:cssnano:ylHlqxOD5gx7vcQurwTZyQHJsodRCM2yV95izcDPSahj+DDa6IEdlDh7BWAlf7fDDEd+NyVQHm50pHmcApHI4w== Completed in 1207ms
649 timing metavuln:cache:put:security-advisory:cssnano-preset-default:ecihxETyWEn1rUJJYqxKAgDCb3uF7fPKt6cRmSBJeUdTKMBsezAbVj3W98naLCWBqO12BJxY2+9cCv28CExpxw== Completed in 166ms
650 timing metavuln:calculate:security-advisory:cssnano-preset-default:ylHlqxOD5gx7vcQurwTZyQHJsodRCM2yV95izcDPSahj+DDa6IEdlDh7BWAlf7fDDEd+NyVQHm50pHmcApHI4w== Completed in 1206ms
651 timing metavuln:cache:put:security-advisory:@csstools/postcss-ic-unit:Azv8R9RaZmTifRDzGjvq4ga6c/54D5WxpVP+gK1ogFQ4nbPZOhaspsxGMITR0eF0Nuhl3Thu1G3qOwq7eXV43Q== Completed in 160ms
652 timing metavuln:calculate:security-advisory:@csstools/postcss-ic-unit:ylHlqxOD5gx7vcQurwTZyQHJsodRCM2yV95izcDPSahj+DDa6IEdlDh7BWAlf7fDDEd+NyVQHm50pHmcApHI4w== Completed in 1220ms
653 timing metavuln:cache:put:security-advisory:@csstools/postcss-progressive-custom-properties:1vEyx3chXTpGaDqjWQ1+OutwAvYenBWtcsrrqFB3DiBccigFFi8L2JjFx+svOiaVKdQNPzCuzM4Zlba/5bBnPw== Completed in 158ms
654 timing metavuln:calculate:security-advisory:@csstools/postcss-progressive-custom-properties:ylHlqxOD5gx7vcQurwTZyQHJsodRCM2yV95izcDPSahj+DDa6IEdlDh7BWAlf7fDDEd+NyVQHm50pHmcApHI4w== Completed in 1216ms
655 timing metavuln:cache:put:security-advisory:postcss-calc:+3egqrrN8LKcq6VSE6JRLNKPtYGCKAfvdn3EVRult/rIqCgvnGJuR/vHRUgyP49c4zwimeuyJaIeKeD3MgqSHw== Completed in 154ms
656 timing metavuln:calculate:security-advisory:postcss-calc:ylHlqxOD5gx7vcQurwTZyQHJsodRCM2yV95izcDPSahj+DDa6IEdlDh7BWAlf7fDDEd+NyVQHm50pHmcApHI4w== Completed in 1203ms
657 timing metavuln:cache:put:security-advisory:@csstools/postcss-cascade-layers:308FLdWVDPhLraX5xsGki6Cve4Gl7+BRwU/LuzBpeu+d3YUMxQV7/aAfUxpJUqxUNphLnkSS96b+dY/fN7LeXw== Completed in 154ms
658 timing metavuln:calculate:security-advisory:@csstools/postcss-cascade-layers:ylHlqxOD5gx7vcQurwTZyQHJsodRCM2yV95izcDPSahj+DDa6IEdlDh7BWAlf7fDDEd+NyVQHm50pHmcApHI4w== Completed in 1223ms
659 http fetch GET 200 https://registry.npmjs.org/@csstools%2fpostcss-nested-calc 1220ms (cache revalidated)
660 timing metavuln:packument:@csstools/postcss-nested-calc Completed in 1220ms
661 timing metavuln:load:security-advisory:@csstools/postcss-nested-calc:ylHlqxOD5gx7vcQurwTZyQHJsodRCM2yV95izcDPSahj+DDa6IEdlDh7BWAlf7fDDEd+NyVQHm50pHmcApHI4w== Completed in 0ms
662 timing metavuln:cache:put:security-advisory:postcss-normalize-repeat-style:ON9QHVzcZOX9Nk+haf0pQ8MwUFaDhB7oeD70JiRkYSWPr2kNBqf61AyTZDrRO3hwFpMg0NOHwqh48Vqxv8u0lw== Completed in 152ms
663 timing metavuln:calculate:security-advisory:postcss-normalize-repeat-style:ylHlqxOD5gx7vcQurwTZyQHJsodRCM2yV95izcDPSahj+DDa6IEdlDh7BWAlf7fDDEd+NyVQHm50pHmcApHI4w== Completed in 1155ms
664 timing metavuln:cache:put:security-advisory:@csstools/postcss-text-decoration-shorthand:7l3EtrIvbu0GTGUcz4Xr1u+5XMxi7JEUsxjJw4udIC1UtvAUnRTBuM7/Um6n+yn3cFQVv0xThIxB53nYbCI0pw== Completed in 150ms
665 timing metavuln:calculate:security-advisory:@csstools/postcss-text-decoration-shorthand:ylHlqxOD5gx7vcQurwTZyQHJsodRCM2yV95izcDPSahj+DDa6IEdlDh7BWAlf7fDDEd+NyVQHm50pHmcApHI4w== Completed in 1216ms
666 timing metavuln:cache:put:security-advisory:@csstools/postcss-stepped-value-functions:KGFwF4KbjDt/MGLWN+XBxPd9Y4BSrPZZmvzOGxMvOt9x4gUK00JjAqIgA+yuUxSWracInU4E+J70ZVR1bMtuaA== Completed in 149ms
667 timing metavuln:calculate:security-advisory:@csstools/postcss-stepped-value-functions:ylHlqxOD5gx7vcQurwTZyQHJsodRCM2yV95izcDPSahj+DDa6IEdlDh7BWAlf7fDDEd+NyVQHm50pHmcApHI4w== Completed in 1217ms
668 timing metavuln:cache:put:security-advisory:postcss-normalize-string:+NZQiemXk9W6lJigcEEe+pNr5t/4pMb4H7TspG4rwUgdORoY7JFhHo+FgxZSRBnvDNiJGKrZutwTU6R8a5k1sg== Completed in 139ms
669 timing metavuln:calculate:security-advisory:postcss-normalize-string:ylHlqxOD5gx7vcQurwTZyQHJsodRCM2yV95izcDPSahj+DDa6IEdlDh7BWAlf7fDDEd+NyVQHm50pHmcApHI4w== Completed in 1155ms
670 timing metavuln:cache:put:security-advisory:postcss-reduce-transforms:/H+da8OkCW+A+QXiM/QrqvvKqOOk4ydkrgfiTai2tBPgYDqvC/+Sn0kbjYwcBSlPKPlK7m9+gVgBCsCFAEDcKA== Completed in 136ms
671 timing metavuln:calculate:security-advisory:postcss-reduce-transforms:ylHlqxOD5gx7vcQurwTZyQHJsodRCM2yV95izcDPSahj+DDa6IEdlDh7BWAlf7fDDEd+NyVQHm50pHmcApHI4w== Completed in 1131ms
672 timing metavuln:cache:put:security-advisory:@csstools/postcss-unset-value:53USZZNAFkpuOOoC8y0So9y39z9sSRgXED7txiaCa9nBdttou+0WlSyII7UH5rbRCkTB9zYTLPWl9Tl9pDUi9w== Completed in 135ms
673 timing metavuln:calculate:security-advisory:@csstools/postcss-unset-value:ylHlqxOD5gx7vcQurwTZyQHJsodRCM2yV95izcDPSahj+DDa6IEdlDh7BWAlf7fDDEd+NyVQHm50pHmcApHI4w== Completed in 1215ms
674 timing metavuln:cache:put:security-advisory:postcss-replace-overflow-wrap:eviuZ00oNqf16AqUoeu2VAApnkj/M4pbyk0g/DonBtbAzCW7a3kXslzQbWbaXkMulklyqxukyYPzwG7y+ui00A== Completed in 134ms
675 timing metavuln:calculate:security-advisory:postcss-replace-overflow-wrap:ylHlqxOD5gx7vcQurwTZyQHJsodRCM2yV95izcDPSahj+DDa6IEdlDh7BWAlf7fDDEd+NyVQHm50pHmcApHI4w== Completed in 1131ms
676 timing metavuln:cache:put:security-advisory:postcss-clamp:eDnxlZFV5hlhOte6ZHtmCcITc3SnaKt2MpNEoWLuVTwj0lJkfsmDArevKrLFg+1qN6bkBfgAQXhW7Wn3y8vu5w== Completed in 125ms
677 timing metavuln:calculate:security-advisory:postcss-clamp:ylHlqxOD5gx7vcQurwTZyQHJsodRCM2yV95izcDPSahj+DDa6IEdlDh7BWAlf7fDDEd+NyVQHm50pHmcApHI4w== Completed in 1204ms
678 timing metavuln:cache:put:security-advisory:postcss-browser-comments:ZPWBl/zl4leMIX7nBxXI18dgrnL5oy0apW83ZOyG8taUB7Yo5PdfNGvIF3oFLCBUEtGK8MW1V/tq7JsZ/8q+/Q== Completed in 164ms
679 timing metavuln:calculate:security-advisory:postcss-browser-comments:ylHlqxOD5gx7vcQurwTZyQHJsodRCM2yV95izcDPSahj+DDa6IEdlDh7BWAlf7fDDEd+NyVQHm50pHmcApHI4w== Completed in 1207ms
680 timing metavuln:cache:put:security-advisory:postcss-color-functional-notation:EYPOPhZ8GqXaaUmdJs4AZJ4N3iWytJpH84fTsZ9DXWEQbiZefRJW9A5rOdULxtMcEwwuzKiwTV2P/HGFGkw0wg== Completed in 104ms
681 timing metavuln:calculate:security-advisory:postcss-color-functional-notation:ylHlqxOD5gx7vcQurwTZyQHJsodRCM2yV95izcDPSahj+DDa6IEdlDh7BWAlf7fDDEd+NyVQHm50pHmcApHI4w== Completed in 1209ms
682 timing metavuln:cache:put:security-advisory:postcss-color-hex-alpha:IJm/KQeDtnC+fknFvp5cE+ROIA7uwuhBkQSrs+BsT+eCDIqVuVwJ3Yw16U9yve1TZWXS043ipRx5utjI4rJL+g== Completed in 100ms
683 timing metavuln:calculate:security-advisory:postcss-color-hex-alpha:ylHlqxOD5gx7vcQurwTZyQHJsodRCM2yV95izcDPSahj+DDa6IEdlDh7BWAlf7fDDEd+NyVQHm50pHmcApHI4w== Completed in 1208ms
684 timing metavuln:cache:put:security-advisory:postcss-custom-media:ZFdXXg25gybOWae/REleYwYDBr363Nior2gllaWdZTDe4LEnwlcBWu8BEqi8WTbqipIPIX+zzPnRjZLpAUSsCA== Completed in 96ms
685 timing metavuln:calculate:security-advisory:postcss-custom-media:ylHlqxOD5gx7vcQurwTZyQHJsodRCM2yV95izcDPSahj+DDa6IEdlDh7BWAlf7fDDEd+NyVQHm50pHmcApHI4w== Completed in 1206ms
686 timing metavuln:cache:put:security-advisory:postcss-colormin:6eqAXY5HEwFjz4cOnVVuoPjgnY95sssWp3fO6OkAgPwfpltb0j6kvFQlnhe8uWyNStXcY713VXgUALU2IMXgLA== Completed in 92ms
687 timing metavuln:calculate:security-advisory:postcss-colormin:ylHlqxOD5gx7vcQurwTZyQHJsodRCM2yV95izcDPSahj+DDa6IEdlDh7BWAlf7fDDEd+NyVQHm50pHmcApHI4w== Completed in 1207ms
688 timing metavuln:cache:put:security-advisory:postcss-color-rebeccapurple:6Bp9oKP36d5QCuS/FDL/WYfOvAp0dKGGdF5y5zlGMoLnf+l2j6GDdCb8pypA9uC6HOzdSCAQDGKZE5xUoPtqog== Completed in 90ms
689 timing metavuln:calculate:security-advisory:postcss-color-rebeccapurple:ylHlqxOD5gx7vcQurwTZyQHJsodRCM2yV95izcDPSahj+DDa6IEdlDh7BWAlf7fDDEd+NyVQHm50pHmcApHI4w== Completed in 1207ms
690 timing metavuln:cache:put:security-advisory:postcss-convert-values:ab9GfGsVhn0P/FhjwUgHVVuyN9YtaG/+UCOV88Tvh/lfrhj21dmtgyPSdOyczpIWfO+/cLsdfBI8jVijAT7ilw== Completed in 87ms
691 timing metavuln:calculate:security-advisory:postcss-convert-values:ylHlqxOD5gx7vcQurwTZyQHJsodRCM2yV95izcDPSahj+DDa6IEdlDh7BWAlf7fDDEd+NyVQHm50pHmcApHI4w== Completed in 1206ms
692 timing metavuln:cache:put:security-advisory:postcss-attribute-case-insensitive:L45YptO2Pn0TAT2sjYTo8T49di8T12tInftIZm0bhpJKAW+cvXlFx2xVS71hUg+YEA0pmpsIKofLZY4hBK1KMA== Completed in 86ms
693 timing metavuln:calculate:security-advisory:postcss-attribute-case-insensitive:ylHlqxOD5gx7vcQurwTZyQHJsodRCM2yV95izcDPSahj+DDa6IEdlDh7BWAlf7fDDEd+NyVQHm50pHmcApHI4w== Completed in 1212ms
694 timing metavuln:cache:put:security-advisory:postcss-custom-properties:LUQQWTbVbKuDd7eA7omXSOdMba9mHND6YaxrwHqxrEUNXqJnuq6jDqUPXPYJTJCSXvD+Qr3dooMhWnQxMB0ABw== Completed in 78ms
695 timing metavuln:calculate:security-advisory:postcss-custom-properties:ylHlqxOD5gx7vcQurwTZyQHJsodRCM2yV95izcDPSahj+DDa6IEdlDh7BWAlf7fDDEd+NyVQHm50pHmcApHI4w== Completed in 1206ms
696 timing metavuln:cache:put:security-advisory:postcss-custom-selectors:nQaCTvv9Jgnpu0D5c+T/8+bCMG3eazxyHrRRxxno7d+vm6Pq9OzyTZj/UI4F7qignQnorLtb6BsKcW4bQK/TYA== Completed in 69ms
697 timing metavuln:calculate:security-advisory:postcss-custom-selectors:ylHlqxOD5gx7vcQurwTZyQHJsodRCM2yV95izcDPSahj+DDa6IEdlDh7BWAlf7fDDEd+NyVQHm50pHmcApHI4w== Completed in 1206ms
698 timing metavuln:cache:put:security-advisory:postcss-discard-comments:Z9qZnWhslLpt/tf6aPDpdNOG1JQm2KAsZyohmdH4uqOmqIRGywcoUYd9IMs3oFk4P1r3nBygWygaxKybInhGWA== Completed in 72ms
699 timing metavuln:calculate:security-advisory:postcss-discard-comments:ylHlqxOD5gx7vcQurwTZyQHJsodRCM2yV95izcDPSahj+DDa6IEdlDh7BWAlf7fDDEd+NyVQHm50pHmcApHI4w== Completed in 1204ms
700 timing metavuln:cache:put:security-advisory:postcss-dir-pseudo-class:GiZHn3TcVVpkEZpcZUhjgcvOOct0bossJRBq7eTlzoUHp/k7ySbQLktC7GjQu6f8Nw6eikoHVg4tdaSTgb6MZg== Completed in 68ms
701 timing metavuln:calculate:security-advisory:postcss-dir-pseudo-class:ylHlqxOD5gx7vcQurwTZyQHJsodRCM2yV95izcDPSahj+DDa6IEdlDh7BWAlf7fDDEd+NyVQHm50pHmcApHI4w== Completed in 1205ms
702 http fetch GET 200 https://registry.npmjs.org/@csstools%2fpostcss-oklab-function 1228ms (cache revalidated)
703 timing metavuln:packument:@csstools/postcss-oklab-function Completed in 1228ms
704 timing metavuln:load:security-advisory:@csstools/postcss-oklab-function:ylHlqxOD5gx7vcQurwTZyQHJsodRCM2yV95izcDPSahj+DDa6IEdlDh7BWAlf7fDDEd+NyVQHm50pHmcApHI4w== Completed in 1ms
705 timing metavuln:cache:put:security-advisory:postcss-discard-duplicates:RoEZR5DVGY/Bpv8dzrEjmAlYazW1xH96Ay1siVFzZ212Kgtxii95UxjE6PuC/r7UuVw+m5Kp9U1gFud7p+rzww== Completed in 61ms
706 timing metavuln:calculate:security-advisory:postcss-discard-duplicates:ylHlqxOD5gx7vcQurwTZyQHJsodRCM2yV95izcDPSahj+DDa6IEdlDh7BWAlf7fDDEd+NyVQHm50pHmcApHI4w== Completed in 1205ms
707 timing metavuln:cache:put:security-advisory:css-has-pseudo:jO46g6B6U1yItfHZH1sgKByzAS/OOKC4Z1yAZsGvMMWAc7FsjLssfqwkQW61ogssHre+orAyDI1uENcv+i805g== Completed in 56ms
708 timing metavuln:calculate:security-advisory:css-has-pseudo:ylHlqxOD5gx7vcQurwTZyQHJsodRCM2yV95izcDPSahj+DDa6IEdlDh7BWAlf7fDDEd+NyVQHm50pHmcApHI4w== Completed in 1222ms
709 timing metavuln:cache:put:security-advisory:postcss-double-position-gradients:5w7vmqoJP60ddRReevEM1Frve7XPCgUyoJqzHkZon273dVlWPh9U9y7vd+N2nhLjtgWi6ZhQJN2IFa2v/4V4Cg== Completed in 55ms
710 timing metavuln:calculate:security-advisory:postcss-double-position-gradients:ylHlqxOD5gx7vcQurwTZyQHJsodRCM2yV95izcDPSahj+DDa6IEdlDh7BWAlf7fDDEd+NyVQHm50pHmcApHI4w== Completed in 1203ms
711 timing metavuln:cache:put:security-advisory:postcss-env-function:qBUF2I9INj4vzsE8aPn7CGFDI+nlYDrNKi1EPinjpImgJ3Ti+uWCDoMg24rVw/IlHiooMYDvnX1KVvVH/ixDBg== Completed in 53ms
712 timing metavuln:calculate:security-advisory:postcss-env-function:ylHlqxOD5gx7vcQurwTZyQHJsodRCM2yV95izcDPSahj+DDa6IEdlDh7BWAlf7fDDEd+NyVQHm50pHmcApHI4w== Completed in 1203ms
713 timing metavuln:cache:put:security-advisory:postcss-flexbugs-fixes:TBR5AHRN2FVm35Sv+m4HxfNlsugZPe1Cw1ZlrPKG5shFGHR9JpFzgg6k185pHw2JISEXEYhzujET/RnP5Yw9qw== Completed in 49ms
714 timing metavuln:calculate:security-advisory:postcss-flexbugs-fixes:ylHlqxOD5gx7vcQurwTZyQHJsodRCM2yV95izcDPSahj+DDa6IEdlDh7BWAlf7fDDEd+NyVQHm50pHmcApHI4w== Completed in 1202ms
715 timing metavuln:cache:put:security-advisory:postcss-focus-within:fjs6cdpsZCnrzujXva1bNZcu9TQvazeUeuVmdpV1PNufaSxcyXLHiHaheW9cDW9e6Iko5DMi/jsy2I2lgbIcAg== Completed in 47ms
716 timing metavuln:calculate:security-advisory:postcss-focus-within:ylHlqxOD5gx7vcQurwTZyQHJsodRCM2yV95izcDPSahj+DDa6IEdlDh7BWAlf7fDDEd+NyVQHm50pHmcApHI4w== Completed in 1200ms
717 timing metavuln:cache:put:security-advisory:postcss-discard-empty:sfk+21wai9hZ+SLDsfJ1UPWgmCX4PNW7WOh2aSSaPm12XpZYBTEIyMq2cCDusegVV0QCeV/qvMR0NeEFr3SBHA== Completed in 37ms
718 timing metavuln:calculate:security-advisory:postcss-discard-empty:ylHlqxOD5gx7vcQurwTZyQHJsodRCM2yV95izcDPSahj+DDa6IEdlDh7BWAlf7fDDEd+NyVQHm50pHmcApHI4w== Completed in 1204ms
719 timing metavuln:cache:put:security-advisory:postcss-gap-properties:gTMF/2yEyill5nc/zqv8HqnrTcociDQUmZnjoetrsTMXnX7uNO9Y6Ktvdmr3ME3xsHH/Sfr3KwVdZ+47Mpc+TQ== Completed in 34ms
720 timing metavuln:calculate:security-advisory:postcss-gap-properties:ylHlqxOD5gx7vcQurwTZyQHJsodRCM2yV95izcDPSahj+DDa6IEdlDh7BWAlf7fDDEd+NyVQHm50pHmcApHI4w== Completed in 1199ms
721 timing metavuln:cache:put:security-advisory:postcss-image-set-function:lfruEXubXCCJKa6gYf3lwYdlytswW+pz0LU7FzAqBEqDXpK8ffLQZtD2hrqeAISh6ghmt45zVMJnhPtUNGziPg== Completed in 33ms
722 timing metavuln:calculate:security-advisory:postcss-image-set-function:ylHlqxOD5gx7vcQurwTZyQHJsodRCM2yV95izcDPSahj+DDa6IEdlDh7BWAlf7fDDEd+NyVQHm50pHmcApHI4w== Completed in 1198ms
723 timing metavuln:cache:put:security-advisory:postcss-discard-overridden:rcamvViMsiLUntw2fNyMmeOfhU1acIpl3/mEC2EIVhtZNr3fKgfFfsaYbqmA06L0YCF6gXrReHmue7+f7m5ZrQ== Completed in 60ms
724 timing metavuln:calculate:security-advisory:postcss-discard-overridden:ylHlqxOD5gx7vcQurwTZyQHJsodRCM2yV95izcDPSahj+DDa6IEdlDh7BWAlf7fDDEd+NyVQHm50pHmcApHI4w== Completed in 1205ms
725 timing metavuln:cache:put:security-advisory:postcss-selector-not:elZryV+0niou24OBG/I9s4Gnvb9B5TS7lyz9AXDfZkWErG9cb4Chb9JQhSRVI9t4tIj3kgtEOzuf6zTiHz2ong== Completed in 30ms
726 timing metavuln:calculate:security-advisory:postcss-selector-not:ylHlqxOD5gx7vcQurwTZyQHJsodRCM2yV95izcDPSahj+DDa6IEdlDh7BWAlf7fDDEd+NyVQHm50pHmcApHI4w== Completed in 1146ms
727 http fetch GET 200 https://registry.npmjs.org/@csstools%2fpostcss-trigonometric-functions 1231ms (cache revalidated)
728 timing metavuln:packument:@csstools/postcss-trigonometric-functions Completed in 1233ms
729 timing metavuln:load:security-advisory:@csstools/postcss-trigonometric-functions:ylHlqxOD5gx7vcQurwTZyQHJsodRCM2yV95izcDPSahj+DDa6IEdlDh7BWAlf7fDDEd+NyVQHm50pHmcApHI4w== Completed in 0ms
730 timing metavuln:cache:put:security-advisory:postcss-normalize-whitespace:Z9dnB5H7Owh+CjRyjHtJVJ6LgwyDn5/goM+YOmRI8tLil+HTS48fYM2Wx9fk6OubK4JppM88oVWA3f0HckAowQ== Completed in 28ms
731 timing metavuln:calculate:security-advisory:postcss-normalize-whitespace:ylHlqxOD5gx7vcQurwTZyQHJsodRCM2yV95izcDPSahj+DDa6IEdlDh7BWAlf7fDDEd+NyVQHm50pHmcApHI4w== Completed in 1168ms
732 timing metavuln:cache:put:security-advisory:postcss-font-variant:s1KtQT00/lv5tHOUO3RfGo/6o94vNlJSOYmWOwW+iQcdkljhJO2rGehBkO3zkuGfFsgTqo90bUFDN5nIyI6/Kw== Completed in 27ms
733 timing metavuln:calculate:security-advisory:postcss-font-variant:ylHlqxOD5gx7vcQurwTZyQHJsodRCM2yV95izcDPSahj+DDa6IEdlDh7BWAlf7fDDEd+NyVQHm50pHmcApHI4w== Completed in 1206ms
734 timing metavuln:cache:put:security-advisory:postcss-focus-visible:zCVj45w78N16FiyKYbXs67L7Knwkcsum0R58g7X+DdyLNSrzmeIJr1of3RxQkxm1kLBiVbqA2vmFcW3McNlP9A== Completed in 26ms
735 timing metavuln:calculate:security-advisory:postcss-focus-visible:ylHlqxOD5gx7vcQurwTZyQHJsodRCM2yV95izcDPSahj+DDa6IEdlDh7BWAlf7fDDEd+NyVQHm50pHmcApHI4w== Completed in 1207ms
736 timing metavuln:cache:put:security-advisory:@csstools/postcss-is-pseudo-class:ma5X4vnBcGfw0knOVlyYAhj8U3hnFJoMtjbxRG2TjjRvjAiNnaPY8WOt96HQQPlfvyHbxKiey0qienXUrGlicg== Completed in 23ms
737 timing metavuln:calculate:security-advisory:@csstools/postcss-is-pseudo-class:ylHlqxOD5gx7vcQurwTZyQHJsodRCM2yV95izcDPSahj+DDa6IEdlDh7BWAlf7fDDEd+NyVQHm50pHmcApHI4w== Completed in 1238ms
738 http fetch GET 200 https://registry.npmjs.org/@csstools%2fpostcss-normalize-display-values 1237ms (cache revalidated)
739 timing metavuln:packument:@csstools/postcss-normalize-display-values Completed in 1237ms
740 timing metavuln:load:security-advisory:@csstools/postcss-normalize-display-values:ylHlqxOD5gx7vcQurwTZyQHJsodRCM2yV95izcDPSahj+DDa6IEdlDh7BWAlf7fDDEd+NyVQHm50pHmcApHI4w== Completed in 0ms
741 timing metavuln:cache:put:security-advisory:@csstools/postcss-nested-calc:N+kQkEIKUZs90nIZGFaSUURPkgos6ceOExUHi8e1Knt/AtiA80edY/NGXP+D6+p+2N/72w6GlO0nC9WbI4CmcA== Completed in 19ms
742 timing metavuln:calculate:security-advisory:@csstools/postcss-nested-calc:ylHlqxOD5gx7vcQurwTZyQHJsodRCM2yV95izcDPSahj+DDa6IEdlDh7BWAlf7fDDEd+NyVQHm50pHmcApHI4w== Completed in 1239ms
743 timing metavuln:cache:put:security-advisory:@csstools/postcss-oklab-function:wWmObayIxHd2kFnphx0l9i5lbR3vXktueVJwecFX0/hGhvqJpNh3B9+kiFd3sr1TErqWpr3BZNXbVKSKeFMFPg== Completed in 13ms
744 timing metavuln:calculate:security-advisory:@csstools/postcss-oklab-function:ylHlqxOD5gx7vcQurwTZyQHJsodRCM2yV95izcDPSahj+DDa6IEdlDh7BWAlf7fDDEd+NyVQHm50pHmcApHI4w== Completed in 1242ms
745 timing metavuln:cache:put:security-advisory:@csstools/postcss-trigonometric-functions:/QGwn9N7VfcRECMEInJgP4ACjLrXzHzVoQTz2KuZHEo0S5hfphzF/jlHQ8Is6vhiADt1q3wB4paThI1PhPVBJA== Completed in 6ms
746 timing metavuln:calculate:security-advisory:@csstools/postcss-trigonometric-functions:ylHlqxOD5gx7vcQurwTZyQHJsodRCM2yV95izcDPSahj+DDa6IEdlDh7BWAlf7fDDEd+NyVQHm50pHmcApHI4w== Completed in 1239ms
747 timing metavuln:cache:put:security-advisory:@csstools/postcss-normalize-display-values:0Aqr7oGGSCKP6amsv1ffHcsgZKr3pUCXavUHFEVJ+AXOJlDYm+iT4+rDluZljRFzum7+kWEkjHwyT0mqe7gqcg== Completed in 6ms
748 timing metavuln:calculate:security-advisory:@csstools/postcss-normalize-display-values:ylHlqxOD5gx7vcQurwTZyQHJsodRCM2yV95izcDPSahj+DDa6IEdlDh7BWAlf7fDDEd+NyVQHm50pHmcApHI4w== Completed in 1243ms
749 http fetch GET 200 https://registry.npmjs.org/tailwindcss/-/tailwindcss-3.3.3.tgz 1716ms (cache miss)
750 timing reifyNode:node_modules/tailwindcss Completed in 1738ms
751 timing reify:unpack Completed in 1742ms
752 timing reify:unretire Completed in 2ms
753 timing build:queue Completed in 2ms
754 timing build:link:node_modules/tailwindcss/node_modules/jiti Completed in 3ms
755 timing build:link:node_modules/autoprefixer Completed in 3ms
756 timing build:link:node_modules/tailwindcss Completed in 3ms
757 timing build:link Completed in 4ms
758 timing build:deps Completed in 6ms
759 timing build Completed in 7ms
760 timing reify:build Completed in 8ms
761 timing reify:trash Completed in 13ms
762 timing reify:save Completed in 450ms
763 http fetch GET 200 https://registry.npmjs.org/postcss-preset-env 1944ms (cache revalidated)
764 timing metavuln:packument:postcss-preset-env Completed in 1948ms
765 timing metavuln:load:security-advisory:postcss-preset-env:ylHlqxOD5gx7vcQurwTZyQHJsodRCM2yV95izcDPSahj+DDa6IEdlDh7BWAlf7fDDEd+NyVQHm50pHmcApHI4w== Completed in 5ms
766 timing metavuln:cache:put:security-advisory:postcss-preset-env:yBwbmtRsGyVG/ZD23OoFIGXTJAda4qWneKbM5CGU9FIn0zWCwAIoJK7WlVo4UGvEcBCmrlqa6aGz5zER3Y3ZtQ== Completed in 1ms
767 timing metavuln:calculate:security-advisory:postcss-preset-env:ylHlqxOD5gx7vcQurwTZyQHJsodRCM2yV95izcDPSahj+DDa6IEdlDh7BWAlf7fDDEd+NyVQHm50pHmcApHI4w== Completed in 1954ms
768 timing metavuln:cache:get:security-advisory:@pmmmwh/react-refresh-webpack-plugin:d/fNnxq57jDHa7YIrKp9f5BQ9ywJdUUkwNLwKklTVceHnzA8HzVEuzgAfsN/5AW0Dmb8hm18Sv0kKaNuBKPJ0g== Completed in 5ms
769 timing metavuln:cache:get:security-advisory:react-scripts:HOx7uJgd8zagssmnMeq1umqLRNfvqTgHh0T2xpM1KzywEwvSluXQm/nLLZWEXzKURF+92ocCOJaDshdAIXDC7A== Completed in 3ms
770 http fetch GET 200 https://registry.npmjs.org/@pmmmwh%2freact-refresh-webpack-plugin 6ms (cache hit)
771 timing metavuln:packument:@pmmmwh/react-refresh-webpack-plugin Completed in 11ms
772 timing metavuln:load:security-advisory:@pmmmwh/react-refresh-webpack-plugin:Z7AjNusKl1CgBZPCPTItg7KHh+BhgGHeWH0S+sBeqHqZs6dIK6PrrIf3i8QOPOIxSjzxXTMcMmEB2czw7D5FmQ== Completed in 0ms
773 timing metavuln:calculate:security-advisory:@pmmmwh/react-refresh-webpack-plugin:Z7AjNusKl1CgBZPCPTItg7KHh+BhgGHeWH0S+sBeqHqZs6dIK6PrrIf3i8QOPOIxSjzxXTMcMmEB2czw7D5FmQ== Completed in 11ms
774 http fetch GET 200 https://registry.npmjs.org/react-scripts 11ms (cache hit)
775 timing metavuln:packument:react-scripts Completed in 18ms
776 timing metavuln:load:security-advisory:react-scripts:Z7AjNusKl1CgBZPCPTItg7KHh+BhgGHeWH0S+sBeqHqZs6dIK6PrrIf3i8QOPOIxSjzxXTMcMmEB2czw7D5FmQ== Completed in 1ms
777 timing metavuln:calculate:security-advisory:react-scripts:Z7AjNusKl1CgBZPCPTItg7KHh+BhgGHeWH0S+sBeqHqZs6dIK6PrrIf3i8QOPOIxSjzxXTMcMmEB2czw7D5FmQ== Completed in 19ms
778 timing metavuln:cache:get:security-advisory:svgo:XUKKCUuEIfThVsBLy+oF8GyP7lxkVuLkW//+NY5/KIf8QcWHSFuyi5ASrjDctKGKZ6oI4iYXN2mfMc9AZn06XQ== Completed in 1ms
779 http fetch GET 200 https://registry.npmjs.org/svgo 3ms (cache hit)
780 timing metavuln:packument:svgo Completed in 5ms
781 timing metavuln:load:security-advisory:svgo:SLFoDCntvPIX7nfh4g/iCe2/KeoLVy5CIo+Vtscwot4QJeqx55N/LgyavNwRLdiV5D/6y18tMpVEodIgf/9HMA== Completed in 0ms
782 timing metavuln:calculate:security-advisory:svgo:SLFoDCntvPIX7nfh4g/iCe2/KeoLVy5CIo+Vtscwot4QJeqx55N/LgyavNwRLdiV5D/6y18tMpVEodIgf/9HMA== Completed in 5ms
783 timing metavuln:cache:get:security-advisory:react-scripts:kKU8uM+qTtInubgYQrn1Pxn81QMWKfkCDfIZjup8wyMg7BSnoJIdXRXTKPG7RjTojqBqBxvALJQnSFxA9BPZoA== Completed in 0ms
784 timing metavuln:load:security-advisory:react-scripts:NMmXK6xVhonFWyuVjVZvtHCgDtIj2Xt/NObjzI+nKFgCMVK0SPWnlUyO5ZfDMa1dK6KZVYB4z5/E6SGUubEZmA== Completed in 1ms
785 timing metavuln:calculate:security-advisory:react-scripts:NMmXK6xVhonFWyuVjVZvtHCgDtIj2Xt/NObjzI+nKFgCMVK0SPWnlUyO5ZfDMa1dK6KZVYB4z5/E6SGUubEZmA== Completed in 1ms
786 timing metavuln:cache:get:security-advisory:@svgr/plugin-svgo:EsuzSbf7+Y+7kKOmijkK+GD/doYYcoKZ2epSaSjuMjK3D5MenoOfnownHNwRmdBZcaR1NsuBUK35WDllW+AMMw== Completed in 6ms
787 http fetch GET 200 https://registry.npmjs.org/@svgr%2fplugin-svgo 8ms (cache hit)
788 timing metavuln:packument:@svgr/plugin-svgo Completed in 9ms
789 timing metavuln:load:security-advisory:@svgr/plugin-svgo:XUKKCUuEIfThVsBLy+oF8GyP7lxkVuLkW//+NY5/KIf8QcWHSFuyi5ASrjDctKGKZ6oI4iYXN2mfMc9AZn06XQ== Completed in 0ms
790 timing metavuln:calculate:security-advisory:@svgr/plugin-svgo:XUKKCUuEIfThVsBLy+oF8GyP7lxkVuLkW//+NY5/KIf8QcWHSFuyi5ASrjDctKGKZ6oI4iYXN2mfMc9AZn06XQ== Completed in 9ms
791 timing metavuln:cache:get:security-advisory:@svgr/webpack:IqnIHrynVlqAtMhtysIZT7fFR47WkNiVdS0bltwMCNwW6AuOVEGK8Ns3UrtOyzCH0k8s8awx0D1vcr5HtSiaPw== Completed in 1ms
792 http fetch GET 200 https://registry.npmjs.org/@svgr%2fwebpack 3ms (cache hit)
793 timing metavuln:packument:@svgr/webpack Completed in 4ms
794 timing metavuln:load:security-advisory:@svgr/webpack:EsuzSbf7+Y+7kKOmijkK+GD/doYYcoKZ2epSaSjuMjK3D5MenoOfnownHNwRmdBZcaR1NsuBUK35WDllW+AMMw== Completed in 0ms
795 timing metavuln:calculate:security-advisory:@svgr/webpack:EsuzSbf7+Y+7kKOmijkK+GD/doYYcoKZ2epSaSjuMjK3D5MenoOfnownHNwRmdBZcaR1NsuBUK35WDllW+AMMw== Completed in 4ms
796 timing metavuln:cache:get:security-advisory:react-scripts:Oynm4f28m7wqpHeAVQPAu6HUX0KhswQORZBCdzEDs2/Qk227PWimoI5yjY/d79GoOSw+zJpJ6uMhVBngEzK4zQ== Completed in 0ms
797 timing metavuln:load:security-advisory:react-scripts:IqnIHrynVlqAtMhtysIZT7fFR47WkNiVdS0bltwMCNwW6AuOVEGK8Ns3UrtOyzCH0k8s8awx0D1vcr5HtSiaPw== Completed in 1ms
798 timing metavuln:calculate:security-advisory:react-scripts:IqnIHrynVlqAtMhtysIZT7fFR47WkNiVdS0bltwMCNwW6AuOVEGK8Ns3UrtOyzCH0k8s8awx0D1vcr5HtSiaPw== Completed in 1ms
799 timing auditReport:init Completed in 2182ms
800 timing reify:audit Completed in 2531ms
801 timing reify Completed in 5129ms
802 silly ADD
803 silly ADD
804 silly ADD
805 silly ADD
806 silly ADD
807 silly ADD
808 silly ADD
809 silly ADD
810 silly ADD
811 silly ADD
812 silly ADD
813 silly ADD
814 silly ADD
815 silly ADD
816 silly ADD
817 silly ADD
818 silly ADD
819 silly ADD
820 silly ADD
821 silly CHANGE node_modules/tailwindcss
822 silly ADD node_modules/tailwindcss/node_modules/jiti
823 silly ADD node_modules/react-scripts/node_modules/postcss
824 silly CHANGE node_modules/postcss
825 silly ADD node_modules/css-loader/node_modules/postcss
826 silly CHANGE node_modules/autoprefixer
827 silly ADD node_modules/@tailwindcss/postcss/node_modules/tailwindcss
828 silly ADD node_modules/@tailwindcss/postcss/node_modules/postcss
829 silly ADD node_modules/@tailwindcss/node/node_modules/tailwindcss
830 timing command:install Completed in 5152ms
831 verbose exit 0
832 timing npm Completed in 5205ms
833 info ok
